date,Kotak – Gilt (Govt Bonds),SBI – Corporate Bond Index,DSP – Dynamic Bond Fund,HDFC – Dynamic Treasury Bonds,IFC – Corporate Bond Fund
2016-04-01,25.6372,116.82,47.9469,52.5637,101.016
2016-04-02,25.6372,116.82,47.9469,52.5637,101.016
2016-04-03,25.6372,116.82,47.9469,52.5637,101.016
2016-04-04,25.6372,116.82,47.9469,52.5637,101.016
2016-04-05,25.6693,116.88,47.9278,52.6037,101.524
2016-04-06,25.688,116.85,47.9591,52.6567,101.221
2016-04-07,25.7893,116.97,48.0216,52.8559,101.838
2016-04-08,25.8057,116.965,48.0488,52.884975,101.786
2016-04-09,25.8221,116.96,48.076,52.91405,101.734
2016-04-10,25.8385,116.955,48.1032,52.943125,101.682
2016-04-11,25.8549,116.95,48.1304,52.9722,101.63
2016-04-12,25.899,116.93,48.1695,53.0647,101.235
2016-04-13,25.8474,116.97,48.1073,52.9793,101.483
2016-04-14,25.85578,116.996,48.12388,52.997800000000005,101.4994
2016-04-15,25.86416,117.022,48.14046,53.0163,101.5158
2016-04-16,25.87254,117.048,48.15704,53.0348,101.5322
2016-04-17,25.88092,117.074,48.17362,53.0533,101.5486
2016-04-18,25.8893,117.1,48.1902,53.0718,101.565
2016-04-19,25.89525,117.105,48.18585,53.06385,101.214
2016-04-20,25.9012,117.11,48.1815,53.0559,100.863
2016-04-21,25.858,116.92,48.0989,52.9623,100.69
2016-04-22,25.8711,116.89,48.1376,53.0349,100.552
2016-04-23,25.86373333333333,116.84666666666666,48.13766666666667,53.02026666666666,100.49466666666667
2016-04-24,25.856366666666663,116.80333333333334,48.13773333333333,53.005633333333336,100.43733333333331
2016-04-25,25.849,116.76,48.1378,52.991,100.38
2016-04-26,25.846,116.76,48.1471,52.9583,100.192
2016-04-27,25.8544,116.78,48.1587,52.967,100.929
2016-04-28,25.8621,116.88,48.1767,53.0022,101.234
2016-04-29,25.8829,116.84,48.2394,53.0222,101.558
2016-04-30,25.8872,116.84333333333332,48.24386666666667,53.03146666666667,101.417
2016-05-01,25.8915,116.84666666666666,48.248333333333335,53.04073333333333,101.276
2016-05-02,25.8958,116.85,48.2528,53.05,101.135
2016-05-03,25.8921,116.95,48.2298,53.0281,102.009
2016-05-04,25.912,116.95,48.257,53.096,102.24
2016-05-05,25.9094,117.025,48.2676,53.08735,102.223
2016-05-06,25.9068,117.1,48.2782,53.0787,102.206
2016-05-07,25.916166666666665,117.12,48.2916,53.0938,102.29633333333334
2016-05-08,25.92553333333333,117.14,48.305,53.1089,102.38666666666668
2016-05-09,25.9349,117.16,48.3184,53.124,102.477
2016-05-10,25.9351,117.28,48.3312,53.1583,102.484
2016-05-11,25.9438,117.29,48.3348,53.1616,102.825
2016-05-12,25.9596,117.25,48.3675,53.1976,102.652
2016-05-13,25.9486,117.32,48.3385,53.1701,103.11
2016-05-14,25.951175,117.295,48.34205,53.174475,102.96225
2016-05-15,25.95375,117.27,48.345600000000005,53.17885,102.8145
2016-05-16,25.956325,117.245,48.34915,53.183225,102.66675
2016-05-17,25.9589,117.22,48.3527,53.1876,102.519
2016-05-18,25.9394,117.21,48.3198,53.1691,101.709
2016-05-19,25.9443,117.2,48.3467,53.1753,101.757
2016-05-20,25.9464,117.16,48.3469,53.1607,101.759
2016-05-21,25.956466666666667,117.16,48.3593,53.17466666666667,101.804
2016-05-22,25.96653333333333,117.16,48.3717,53.18863333333333,101.849
2016-05-23,25.9766,117.16,48.3841,53.2026,101.894
2016-05-24,25.9758,117.12,48.3913,53.212,101.635
2016-05-25,25.9835,117.13,48.4046,53.2236,101.543
2016-05-26,25.9911,117.14,48.3932,53.2241,101.903
2016-05-27,25.9985,117.22,48.4045,53.228,101.681
2016-05-28,26.003925,117.2275,48.412925,53.24195,101.6975
2016-05-29,26.00935,117.235,48.42135,53.2559,101.714
2016-05-30,26.014775,117.2425,48.429775,53.26985,101.7305
2016-05-31,26.0202,117.25,48.4382,53.2838,101.747
2016-06-01,25.9997,117.38,48.4196,53.242,101.771
2016-06-02,26.0354,117.36,48.4339,53.2784,102.118
2016-06-03,26.0477,117.51,48.4421,53.2905,102.952
2016-06-04,26.0578,117.54666666666668,48.45753333333334,53.307233333333336,102.85266666666666
2016-06-05,26.0679,117.58333333333334,48.472966666666665,53.32396666666666,102.75333333333332
2016-06-06,26.078,117.62,48.4884,53.3407,102.654
2016-06-07,26.0711,117.74,48.4947,53.3341,102.725
2016-06-08,26.0726,117.79,48.4892,53.3287,102.833
2016-06-09,26.0811,117.87,48.5018,53.3552,102.915
2016-06-10,26.0737,118.04,48.498,53.3629,103.178
2016-06-11,26.06693333333333,118.08333333333334,48.48676666666667,53.35223333333334,103.239
2016-06-12,26.060166666666667,118.12666666666668,48.47553333333333,53.341566666666665,103.3
2016-06-13,26.0534,118.17,48.4643,53.3309,103.361
2016-06-14,26.0661,118.23,48.4817,53.3647,103.362
2016-06-15,26.0739,118.27,48.4871,53.3764,103.413
2016-06-16,26.094,118.42,48.5179,53.4055,103.651
2016-06-17,26.0982,118.23,48.5274,53.4186,103.283
2016-06-18,26.102266666666665,118.12666666666668,48.5346,53.42313333333333,103.07766666666669
2016-06-19,26.10633333333333,118.02333333333334,48.5418,53.42766666666667,102.87233333333332
2016-06-20,26.1104,117.92,48.549,53.4322,102.667
2016-06-21,26.1219,117.9,48.5795,53.4681,102.699
2016-06-22,26.1455,117.78,48.6296,53.5214,102.681
2016-06-23,26.1465,117.58,48.6535,53.5753,102.176
2016-06-24,26.1767,117.78,48.6875,53.6141,103.505
2016-06-25,26.2047,117.86333333333332,48.7157,53.6635,103.833
2016-06-26,26.2327,117.94666666666669,48.7439,53.712900000000005,104.161
2016-06-27,26.2607,118.03,48.7721,53.7623,104.489
2016-06-28,26.2982,118.01,48.8178,53.8632,104.477
2016-06-29,26.3476,117.94,48.8772,53.9558,104.427
2016-06-30,26.3485,118.25,48.9014,53.9753,104.177
2016-07-01,26.3848,118.31,48.9497,54.0644,104.555
2016-07-02,26.3996,118.3575,48.975375,54.099175,104.7275
2016-07-03,26.4144,118.405,49.00105,54.13395,104.9
2016-07-04,26.4292,118.4525,49.026725,54.168725,105.0725
2016-07-05,26.444,118.5,49.0524,54.2035,105.245
2016-07-06,26.45835,118.49,49.06965,54.25435,105.185
2016-07-07,26.4727,118.48,49.0869,54.3052,105.125
2016-07-08,26.4929,118.53,49.1107,54.3651,105.201
2016-07-09,26.4943,118.59,49.1262,54.3751,105.05433333333332
2016-07-10,26.4957,118.65,49.1417,54.3851,104.90766666666666
2016-07-11,26.4971,118.71,49.1572,54.3951,104.761
2016-07-12,26.5858,118.57,49.3034,54.5774,104.085
2016-07-13,26.6647,118.57,49.4156,54.7345,104.768
2016-07-14,26.6684,118.35,49.4412,54.7506,104.253
2016-07-15,26.7028,118.3,49.4968,54.8,103.822
2016-07-16,26.6955,118.30333333333331,49.498,54.7977,103.78566666666669
2016-07-17,26.6882,118.30666666666669,49.4992,54.7954,103.74933333333333
2016-07-18,26.6809,118.31,49.5004,54.7931,103.713
2016-07-19,26.7369,118.31,49.5727,54.8932,104.036
2016-07-20,26.7701,118.23,49.6613,55.0065,103.724
2016-07-21,26.7947,118.09,49.7183,55.0812,103.964
2016-07-22,26.8345,118.13,49.7653,55.1445,103.912
2016-07-23,26.846633333333333,118.13333333333333,49.7884,55.1741,103.82433333333334
2016-07-24,26.858766666666664,118.13666666666668,49.8115,55.2037,103.73666666666666
2016-07-25,26.8709,118.14,49.8346,55.2333,103.649
2016-07-26,26.9114,118.16,49.8815,55.2785,103.793
2016-07-27,26.9185,118.23,49.8954,55.3089,103.845
2016-07-28,27.0778,118.34,50.1491,55.658,104.332
2016-07-29,27.1269,118.44,50.246,55.7371,104.625
2016-07-30,27.140275,118.405,50.269225000000006,55.76565,104.45325
2016-07-31,27.15365,118.37,50.29245,55.7942,104.2815
2016-08-01,27.167025,118.335,50.315675,55.82275,104.10975
2016-08-02,27.1804,118.3,50.3389,55.8513,103.938
2016-08-03,27.1331,118.26,50.2697,55.7579,103.981
2016-08-04,27.1605,118.39,50.3136,55.8208,104.275
2016-08-05,27.1943,118.38,50.3518,55.9042,103.607
2016-08-06,27.198866666666664,118.37666666666668,50.3627,55.90496666666667,103.594
2016-08-07,27.203433333333333,118.37333333333332,50.3736,55.90573333333334,103.581
2016-08-08,27.208,118.37,50.3845,55.9065,103.568
2016-08-09,27.3133,118.4,50.6194,56.1734,103.98
2016-08-10,27.392,118.53,50.7506,56.3755,104.271
2016-08-11,27.4727,118.55,50.8999,56.5017,103.725
2016-08-12,27.4695,118.54,50.8789,56.5229,104.207
2016-08-13,27.471225,118.5125,50.873775,56.52535,104.0695
2016-08-14,27.47295,118.485,50.86865,56.5278,103.932
2016-08-15,27.474675,118.4575,50.863525,56.53025,103.7945
2016-08-16,27.4764,118.43,50.8584,56.5327,103.657
2016-08-17,27.46415,118.47,50.7862,56.4613,103.8435
2016-08-18,27.4519,118.51,50.714,56.3899,104.03
2016-08-19,27.4699,118.5,50.7862,56.4274,103.473
2016-08-20,27.450033333333334,118.52,50.7555,56.3871,103.59933333333332
2016-08-21,27.430166666666665,118.54,50.7248,56.3468,103.72566666666668
2016-08-22,27.4103,118.56,50.6941,56.3065,103.852
2016-08-23,27.4112,118.64,50.7066,56.3123,103.767
2016-08-24,27.4516,118.68,50.7974,56.4056,103.779
2016-08-25,27.4858,118.7,50.8625,56.4466,103.516
2016-08-26,27.4928,118.7,50.8908,56.4668,103.246
2016-08-27,27.4992,118.68333333333334,50.909733333333335,56.486266666666666,103.27266666666668
2016-08-28,27.5056,118.66666666666669,50.928666666666665,56.50573333333333,103.29933333333332
2016-08-29,27.512,118.65,50.9476,56.5252,103.326
2016-08-30,27.5636,118.72,51.0064,56.6149,103.483
2016-08-31,27.5739,118.72,51.009,56.651,103.5
2016-09-01,27.5614,118.6,51.0053,56.6532,103.447
2016-09-02,27.5588,118.6,50.9876,56.6342,102.993
2016-09-03,27.568625,118.67,51.009575,56.656975,103.1145
2016-09-04,27.57845,118.74,51.03155,56.67975,103.236
2016-09-05,27.588275,118.81,51.053525,56.702525,103.3575
2016-09-06,27.5981,118.88,51.0755,56.7253,103.479
2016-09-07,27.687,118.94,51.2164,56.9069,103.559
2016-09-08,27.6973,118.9,51.2378,56.9139,102.906
2016-09-09,27.6927,118.66,51.222,56.9285,102.203
2016-09-10,27.687866666666665,118.6,51.2032,56.89706666666667,102.193
2016-09-11,27.68303333333333,118.54,51.1844,56.865633333333335,102.183
2016-09-12,27.6782,118.48,51.1656,56.8342,102.173
2016-09-13,27.67935,118.43,51.1707,56.824200000000005,102.168
2016-09-14,27.6805,118.38,51.1758,56.8142,102.163
2016-09-15,27.7068,118.3,51.2094,56.838,101.865
2016-09-16,27.7062,118.45,51.2302,56.8494,102.021
2016-09-17,27.707566666666665,118.44333333333334,51.2327,56.85823333333334,102.03933333333332
2016-09-18,27.70893333333333,118.43666666666668,51.2352,56.867066666666666,102.05766666666666
2016-09-19,27.7103,118.43,51.2377,56.8759,102.076
2016-09-20,27.6889,118.49,51.2024,56.8295,102.032
2016-09-21,27.7188,118.45,51.2593,56.9006,102.311
2016-09-22,27.8103,118.56,51.4456,57.122,102.576
2016-09-23,27.8598,118.57,51.4998,57.216,102.653
2016-09-24,27.88443333333333,118.62,51.545,57.2879,102.79266666666668
2016-09-25,27.909066666666668,118.67,51.5902,57.3598,102.93233333333332
2016-09-26,27.9337,118.72,51.6354,57.4317,103.072
2016-09-27,27.9706,118.87,51.6955,57.5388,103.227
2016-09-28,28.0059,118.84,51.7525,57.5843,103.368
2016-09-29,27.9128,118.76,51.5148,57.3354,103.225
2016-09-30,27.9631,118.89,51.6422,57.4303,102.769
2016-10-01,27.9873,118.86666666666666,51.6914,57.501466666666666,102.73
2016-10-02,28.0115,118.84333333333332,51.7406,57.572633333333336,102.691
2016-10-03,28.0357,118.82,51.7898,57.6438,102.652
2016-10-04,28.0896,118.75,51.8506,57.7086,102.303
2016-10-05,28.1703,118.5,52.0171,57.925,101.961
2016-10-06,28.1646,118.53,51.9799,57.8593,101.759
2016-10-07,28.1238,118.48,51.8915,57.8045,101.779
2016-10-08,28.124516666666665,118.46333333333334,51.900216666666665,57.81071666666666,101.77966666666666
2016-10-09,28.12523333333333,118.44666666666669,51.90893333333334,57.81693333333333,101.78033333333332
2016-10-10,28.12595,118.43,51.91765,57.82315,101.781
2016-10-11,28.126666666666665,118.41333333333333,51.92636666666667,57.829366666666665,101.78166666666668
2016-10-12,28.12738333333333,118.39666666666666,51.93508333333334,57.83558333333333,101.78233333333333
2016-10-13,28.1281,118.38,51.9438,57.8418,101.783
2016-10-14,28.1102,118.25,51.8553,57.7204,101.543
2016-10-15,28.110566666666667,118.23,51.8571,57.73256666666666,101.53
2016-10-16,28.11093333333333,118.21,51.8589,57.744733333333336,101.517
2016-10-17,28.1113,118.19,51.8607,57.7569,101.504
2016-10-18,28.1295,118.27,51.929,57.8237,101.701
2016-10-19,28.1112,118.28,51.9275,57.8242,101.757
2016-10-20,28.0923,118.28,51.8963,57.7825,101.676
2016-10-21,28.1097,118.31,51.9019,57.811,101.712
2016-10-22,28.115566666666663,118.30333333333334,51.907,57.83003333333333,101.65466666666669
2016-10-23,28.121433333333336,118.29666666666668,51.9121,57.849066666666666,101.59733333333334
2016-10-24,28.1273,118.29,51.9172,57.8681,101.54
2016-10-25,28.122,118.21,51.8839,57.8225,101.542
2016-10-26,28.1344,118.15,51.8935,57.8543,101.164
2016-10-27,28.124,117.82,51.8586,57.8255,100.771
2016-10-28,28.1176,117.93,51.8614,57.8031,100.943
2016-10-29,28.1148,117.8675,51.859100000000005,57.80145,100.97275
2016-10-30,28.112,117.805,51.85680000000001,57.799800000000005,101.0025
2016-10-31,28.1092,117.7425,51.8545,57.79815,101.03225
2016-11-01,28.1064,117.68,51.8522,57.7965,101.062
2016-11-02,28.0999,117.87,51.8625,57.7878,101.265
2016-11-03,28.0918,117.76,51.8648,57.7973,101.207
2016-11-04,28.0717,117.82,51.8269,57.7126,101.493
2016-11-05,28.080866666666665,117.79,51.8362,57.7287,101.32533333333332
2016-11-06,28.09003333333333,117.76,51.8455,57.7448,101.15766666666666
2016-11-07,28.0992,117.73,51.8548,57.7609,100.99
2016-11-08,28.127,117.68,51.9161,57.8045,100.745
2016-11-09,28.2988,117.51,52.2593,58.1413,98.953
2016-11-10,28.3571,116.85,52.346,58.2699,98.28
2016-11-11,28.39826,116.778,52.42846,58.36518,98.1326
2016-11-12,28.43942,116.706,52.51092,58.46046,97.9852
2016-11-13,28.48058,116.634,52.59338,58.55574,97.8378
2016-11-14,28.52174,116.562,52.67584,58.65102,97.6904
2016-11-15,28.5629,116.49,52.7583,58.7463,97.543
2016-11-16,28.7192,116.32,53.0605,59.1151,97.532
2016-11-17,28.7296,116.4,53.1317,59.0582,97.045
2016-11-18,28.7251,116.39,53.1001,59.0719,96.44
2016-11-19,28.7909,116.43333333333334,53.248333333333335,59.224266666666665,96.569
2016-11-20,28.8567,116.47666666666666,53.396566666666665,59.37663333333334,96.698
2016-11-21,28.9225,116.52,53.5448,59.529,96.827
2016-11-22,28.9676,116.64,53.6183,59.5794,96.856
2016-11-23,29.1271,116.54,53.8303,59.908,96.746
2016-11-24,29.20265,116.615,53.93145,60.02935,96.713
2016-11-25,29.2782,116.69,54.0326,60.1507,96.68
2016-11-26,29.2394,116.80333333333331,53.93806666666667,60.04826666666667,96.80133333333332
2016-11-27,29.2006,116.91666666666669,53.84353333333333,59.94583333333333,96.92266666666669
2016-11-28,29.1618,117.03,53.749,59.8434,97.044
2016-11-29,29.1331,116.97,53.7319,59.8158,96.956
2016-11-30,29.2402,116.93,53.8972,60.0748,96.47
2016-12-01,29.2624,116.57,53.9766,60.1754,95.849
2016-12-02,29.1868,116.69,53.9031,60.0602,96.417
2016-12-03,29.203433333333333,116.64,53.9182,60.09333333333333,96.44266666666668
2016-12-04,29.220066666666668,116.59,53.9333,60.126466666666666,96.46833333333332
2016-12-05,29.2367,116.54,53.9484,60.1596,96.494
2016-12-06,29.2488,116.6,53.9828,60.1872,96.429
2016-12-07,29.0027,116.63,53.2485,59.5804,96.646
2016-12-08,28.9137,116.45,53.1355,59.4129,96.356
2016-12-09,28.8647,116.44,53.0461,59.33,95.775
2016-12-10,28.865375,116.4325,53.05815,59.3214,95.76475
2016-12-11,28.86605,116.425,53.0702,59.3128,95.7545
2016-12-12,28.866725,116.4175,53.08225,59.3042,95.74425
2016-12-13,28.8674,116.41,53.0943,59.2956,95.734
2016-12-14,28.8416,116.55,53.1343,59.3061,95.883
2016-12-15,28.6793,116.43,52.8698,58.8317,94.658
2016-12-16,28.7096,116.53,52.8486,58.7818,94.703
2016-12-17,28.7187,116.57666666666668,52.856366666666666,58.768366666666665,94.86366666666667
2016-12-18,28.7278,116.62333333333332,52.86413333333333,58.75493333333333,95.02433333333332
2016-12-19,28.7369,116.67,52.8719,58.7415,95.185
2016-12-20,28.7592,116.67,52.9119,58.8115,95.034
2016-12-21,28.7558,116.7,52.9439,58.8542,95.202
2016-12-22,28.6837,116.65,52.8753,58.7123,95.079
2016-12-23,28.6336,116.7,52.8507,58.5348,95.15
2016-12-24,28.5899,116.7025,52.83817500000001,58.463925,95.0865
2016-12-25,28.5462,116.705,52.82565,58.39305,95.023
2016-12-26,28.5025,116.7075,52.813125,58.322175,94.9595
2016-12-27,28.4588,116.71,52.8006,58.2513,94.896
2016-12-28,28.4809,116.73,52.7886,58.2545,95.088
2016-12-29,28.5551,116.81,52.8843,58.4636,95.757
2016-12-30,28.6211,116.89,52.93,58.6028,95.851
2016-12-31,28.6763,116.89,52.9398,58.733075,95.86375
2017-01-01,28.7315,116.89,52.9496,58.86335,95.8765
2017-01-02,28.7867,116.89,52.9594,58.993625,95.88925
2017-01-03,28.8419,116.89,52.9692,59.1239,95.902
2017-01-04,28.9484,116.99,53.0954,59.2941,96.014
2017-01-05,28.9449,117.08,53.0478,59.2529,96.642
2017-01-06,28.9074,117.06,53.0441,59.2231,96.094
2017-01-07,28.9046,117.08666666666667,53.04483333333334,59.2061,96.25
2017-01-08,28.9018,117.11333333333332,53.045566666666666,59.1891,96.406
2017-01-09,28.899,117.14,53.0463,59.1721,96.562
2017-01-10,28.903,117.2,53.0566,59.1665,96.516
2017-01-11,28.8475,117.21,53.0834,59.1629,96.564
2017-01-12,28.8826,117.25,53.1427,59.2242,96.601
2017-01-13,28.8477,117.19,53.0871,59.2021,96.299
2017-01-14,28.8508,117.1925,53.096025,59.204725,96.4
2017-01-15,28.8539,117.195,53.10495,59.207350000000005,96.501
2017-01-16,28.857,117.1975,53.113875,59.209975,96.602
2017-01-17,28.8601,117.2,53.1228,59.2126,96.703
2017-01-18,28.8349,117.11,53.1192,59.158,96.138
2017-01-19,28.8179,116.84,53.0934,59.0917,95.657
2017-01-20,28.8063,116.77,53.1122,59.0976,95.858
2017-01-21,28.807133333333333,116.82666666666668,53.1231,59.1092,95.99166666666667
2017-01-22,28.80796666666667,116.88333333333333,53.134,59.1208,96.12533333333332
2017-01-23,28.8088,116.94,53.1449,59.1324,96.259
2017-01-24,28.7956,116.81,53.1646,59.1591,95.844
2017-01-25,28.8171,116.67,53.1887,59.1723,95.321
2017-01-26,28.81535,116.67,53.218,59.18675,95.453
2017-01-27,28.8136,116.67,53.2473,59.2012,95.585
2017-01-28,28.8195,116.66333333333334,53.2476,59.21053333333333,95.608
2017-01-29,28.8254,116.65666666666668,53.2479,59.21986666666667,95.631
2017-01-30,28.8313,116.65,53.2482,59.2292,95.654
2017-01-31,28.8111,116.66,53.2553,59.2057,95.878
2017-02-01,28.8107,116.58,53.2722,59.2043,95.676
2017-02-02,28.8636,116.64,53.3281,59.2736,95.695
2017-02-03,28.8457,116.68,53.3138,59.2578,95.844
2017-02-04,28.8448,116.74333333333334,53.3117,59.2582,95.96066666666668
2017-02-05,28.8439,116.80666666666669,53.3096,59.2586,96.07733333333331
2017-02-06,28.843,116.87,53.3075,59.259,96.194
2017-02-07,28.8481,116.91,53.2953,59.2714,96.394
2017-02-08,28.3003,117.07,52.7411,58.3788,96.745
2017-02-09,28.0358,117.12,52.5342,57.9287,96.33
2017-02-10,28.1078,117.08,52.5718,58.0618,96.206
2017-02-11,28.113666666666667,117.08333333333331,52.57203333333334,58.05916666666666,96.148
2017-02-12,28.119533333333333,117.08666666666667,52.57226666666666,58.05653333333333,96.09
2017-02-13,28.1254,117.09,52.5725,58.0539,96.032
2017-02-14,28.034,116.96,52.5489,57.9426,95.613
2017-02-15,28.0571,117.0,52.5865,57.961,95.562
2017-02-16,28.0807,117.08,52.598,58.0356,95.835
2017-02-17,28.1024,117.2,52.5958,58.0157,96.077
2017-02-18,28.08716,117.204,52.58172,57.98274,96.1016
2017-02-19,28.07192,117.208,52.56764,57.94978,96.1262
2017-02-20,28.05668,117.212,52.55356,57.91682,96.1508
2017-02-21,28.04144,117.216,52.53948,57.883860000000006,96.1754
2017-02-22,28.0262,117.22,52.5254,57.8509,96.2
2017-02-23,27.9937,117.37,52.5918,57.8466,96.371
2017-02-24,28.006125,117.3925,52.610425,57.8624,96.43725
2017-02-25,28.01855,117.415,52.62905,57.8782,96.5035
2017-02-26,28.030975,117.4375,52.647675,57.894,96.56975
2017-02-27,28.0434,117.46,52.6663,57.9098,96.636
2017-02-28,28.044,117.56,52.6831,57.9252,96.412
2017-03-01,27.9269,117.42,52.663,57.7833,95.902
2017-03-02,27.9734,117.32,52.6615,57.8244,95.678
2017-03-03,28.0064,117.15,52.695,57.8988,95.456
2017-03-04,27.98453333333333,117.14,52.69206666666667,57.867666666666665,95.50766666666668
2017-03-05,27.962666666666667,117.13,52.68913333333333,57.836533333333335,95.55933333333334
2017-03-06,27.9408,117.12,52.6862,57.8054,95.611
2017-03-07,27.9417,117.09,52.6755,57.7698,95.457
2017-03-08,27.9338,116.98,52.6579,57.7831,95.174
2017-03-09,27.9316,116.76,52.6506,57.7918,94.825
2017-03-10,27.7501,116.49,52.6029,57.6599,95.056
2017-03-11,27.77165,116.505,52.6095,57.6771,95.0135
2017-03-12,27.7932,116.52,52.6161,57.6943,94.971
2017-03-13,27.81475,116.535,52.6227,57.7115,94.9285
2017-03-14,27.8363,116.55,52.6293,57.7287,94.886
2017-03-15,27.9173,116.74,52.5968,57.8726,95.716
2017-03-16,27.9794,116.7,52.6317,57.9637,95.35
2017-03-17,27.9429,116.7,52.6405,57.9377,95.673
2017-03-18,27.942866666666667,116.7,52.64483333333334,57.9464,95.77666666666669
2017-03-19,27.942833333333333,116.7,52.649166666666666,57.9551,95.88033333333333
2017-03-20,27.9428,116.7,52.6535,57.9638,95.984
2017-03-21,28.0025,116.62,52.7456,58.0149,96.351
2017-03-22,28.1495,116.71,52.9147,58.1881,96.441
2017-03-23,28.1669,116.72,52.8902,58.2112,96.413
2017-03-24,28.2025,116.71,52.9159,58.2736,96.449
2017-03-25,28.267333333333333,116.75,52.96193333333333,58.3531,96.56066666666666
2017-03-26,28.332166666666662,116.79,53.00796666666667,58.4326,96.67233333333334
2017-03-27,28.397,116.83,53.054,58.5121,96.784
2017-03-28,28.38345,116.975,53.0476,58.51285,96.738
2017-03-29,28.3699,117.12,53.0412,58.5136,96.692
2017-03-30,28.3886,117.16,53.0952,58.5603,96.356
2017-03-31,28.4242,117.15,53.1228,58.5939,96.56
2017-04-01,28.422966666666667,117.18666666666668,53.11956666666666,58.59686666666666,96.75533333333334
2017-04-02,28.42173333333333,117.22333333333334,53.11633333333334,58.599833333333336,96.95066666666666
2017-04-03,28.4205,117.26,53.1131,58.6028,97.146
2017-04-04,28.414250000000003,117.335,53.10305,58.6045,97.097
2017-04-05,28.408,117.41,53.093,58.6062,97.048
2017-04-06,28.3094,117.44,52.9413,58.3386,97.007
2017-04-07,28.2366,117.51,52.838,58.2678,96.684
2017-04-08,28.236266666666666,117.53333333333332,52.8506,58.2819,96.72633333333332
2017-04-09,28.23593333333333,117.55666666666669,52.8632,58.296,96.76866666666668
2017-04-10,28.2356,117.58,52.8758,58.3101,96.811
2017-04-11,28.2904,117.58,52.882,58.4097,97.363
2017-04-12,28.3114,117.61,52.9207,58.4785,97.53
2017-04-13,28.3709,117.66,52.9862,58.5622,97.848
2017-04-14,28.37302,117.684,52.98776,58.56258,97.9488
2017-04-15,28.37514,117.708,52.98932,58.56296,98.0496
2017-04-16,28.37726,117.732,52.99088,58.56334,98.1504
2017-04-17,28.37938,117.756,52.99244,58.56372,98.2512
2017-04-18,28.3815,117.78,52.994,58.5641,98.352
2017-04-19,28.3331,117.75,53.091,58.6262,98.029
2017-04-20,28.3728,117.67,53.0705,58.6311,97.861
2017-04-21,28.3235,117.7,52.9485,58.5381,97.75
2017-04-22,28.34023333333333,117.55,52.9624,58.55146666666667,97.697
2017-04-23,28.356966666666665,117.4,52.9763,58.56483333333333,97.644
2017-04-24,28.3737,117.25,52.9902,58.5782,97.591
2017-04-25,28.4175,117.15,53.1057,58.6435,97.1
2017-04-26,28.3849,117.17,53.0356,58.5711,97.321
2017-04-27,28.3884,117.29,53.0618,58.5867,97.381
2017-04-28,28.4145,117.33,53.0435,58.5666,97.503
2017-04-29,28.413175,117.3275,53.036075,58.5682,97.49475
2017-04-30,28.41185,117.325,53.02865,58.5698,97.4865
2017-05-01,28.410525,117.3225,53.021225,58.5714,97.47825
2017-05-02,28.4092,117.32,53.0138,58.573,97.47
2017-05-03,28.418,117.34,53.0571,58.6166,97.299
2017-05-04,28.395,117.17,53.0281,58.5971,97.021
2017-05-05,28.4092,117.11,53.1004,58.6457,97.072
2017-05-06,28.4176,117.12666666666668,53.11236666666667,58.66033333333333,96.972
2017-05-07,28.426,117.14333333333332,53.12433333333333,58.67496666666666,96.872
2017-05-08,28.4344,117.16,53.1363,58.6896,96.772
2017-05-09,28.4324,117.12,53.1394,58.6973,96.714
2017-05-10,28.43815,117.18,53.14595,58.7041,96.703
2017-05-11,28.4439,117.24,53.1525,58.7109,96.692
2017-05-12,28.4678,117.29,53.2704,58.7764,97.198
2017-05-13,28.515066666666662,117.30666666666669,53.32836666666667,58.84296666666667,97.15166666666666
2017-05-14,28.56233333333333,117.32333333333334,53.38633333333333,58.909533333333336,97.10533333333332
2017-05-15,28.6096,117.34,53.4443,58.9761,97.059
2017-05-16,28.578,117.32,53.4177,58.9259,97.198
2017-05-17,28.577,117.44,53.4283,58.9249,98.004
2017-05-18,28.5807,117.49,53.4631,58.975,98.021
2017-05-19,28.5824,117.47,53.4267,58.9588,97.981
2017-05-20,28.608733333333333,117.48666666666666,53.47246666666666,59.00496666666666,97.944
2017-05-21,28.635066666666667,117.50333333333332,53.518233333333335,59.05113333333333,97.907
2017-05-22,28.6614,117.52,53.564,59.0973,97.87
2017-05-23,28.6859,117.53,53.5807,59.1708,97.572
2017-05-24,28.6893,117.49,53.6001,59.1647,97.977
2017-05-25,28.729,117.52,53.6527,59.26015,97.9415
2017-05-26,28.7687,117.55,53.7053,59.3556,97.906
2017-05-27,28.779475,117.5825,53.70155,59.35305,97.9895
2017-05-28,28.79025,117.615,53.6978,59.3505,98.073
2017-05-29,28.801025000000003,117.6475,53.69405,59.34795,98.1565
2017-05-30,28.8118,117.68,53.6903,59.3454,98.24
2017-05-31,28.8364,117.67,53.701,59.4043,98.257
2017-06-01,28.9524,117.65,53.8099,59.5651,98.099
2017-06-02,28.9596,117.7,53.8305,59.5845,98.529
2017-06-03,28.9727,117.7075,53.8403,59.607825,98.56275
2017-06-04,28.9858,117.715,53.8501,59.63115,98.5965
2017-06-05,28.9989,117.7225,53.8599,59.654475,98.63025
2017-06-06,29.012,117.73,53.8697,59.6778,98.664
2017-06-07,29.1877,117.75,54.0208,59.9996,98.565
2017-06-08,29.369,117.76,54.1944,60.3332,98.335
2017-06-09,29.4354,117.78,54.2449,60.4125,98.242
2017-06-10,29.43893333333333,117.80333333333331,54.24873333333333,60.41023333333334,98.20966666666666
2017-06-11,29.442466666666668,117.82666666666668,54.25256666666667,60.40796666666667,98.17733333333334
2017-06-12,29.446,117.85,54.2564,60.4057,98.145
2017-06-13,29.55,117.84,54.3067,60.5153,98.183
2017-06-14,29.5474,117.86,54.2997,60.5197,98.856
2017-06-15,29.5341,117.76,54.3131,60.5237,98.579
2017-06-16,29.5248,117.72,54.3011,60.4902,98.654
2017-06-17,29.5321,117.71666666666668,54.31036666666667,60.50593333333333,98.55433333333332
2017-06-18,29.5394,117.71333333333332,54.31963333333333,60.52166666666667,98.45466666666668
2017-06-19,29.5467,117.71,54.3289,60.5374,98.355
2017-06-20,29.5615,117.75,54.3492,60.5652,98.656
2017-06-21,29.5852,117.76,54.3727,60.6079,98.643
2017-06-22,29.5659,117.77,54.3716,60.5742,98.697
2017-06-23,29.5615,117.74,54.3771,60.5588,98.749
2017-06-24,29.5632,117.715,54.384225,60.563175,98.6315
2017-06-25,29.5649,117.69,54.39135,60.56755,98.514
2017-06-26,29.5666,117.665,54.398475,60.571925,98.3965
2017-06-27,29.5683,117.64,54.4056,60.5763,98.279
2017-06-28,29.49,117.49,54.3734,60.445,98.222
2017-06-29,29.496,117.32,54.3817,60.477,97.885
2017-06-30,29.5051,117.15,54.3817,60.444,97.726
2017-07-01,29.464133333333333,117.16333333333334,54.36476666666667,60.38186666666667,97.57
2017-07-02,29.423166666666667,117.17666666666666,54.34783333333333,60.31973333333333,97.414
2017-07-03,29.3822,117.19,54.3309,60.2576,97.258
2017-07-04,29.403,117.175,54.3769,60.29165,97.326
2017-07-05,29.4238,117.16,54.4229,60.3257,97.394
2017-07-06,29.4736,116.93,54.4782,60.3991,97.085
2017-07-07,29.4781,116.92,54.4954,60.4368,96.973
2017-07-08,29.506733333333333,116.95,54.51903333333333,60.481633333333335,97.008
2017-07-09,29.53536666666667,116.98,54.54266666666666,60.52646666666666,97.043
2017-07-10,29.564,117.01,54.5663,60.5713,97.078
2017-07-11,29.5656,116.99,54.5872,60.5532,97.165
2017-07-12,29.6033,117.01,54.6152,60.5841,97.437
2017-07-13,29.618,117.0,54.6494,60.6326,97.267
2017-07-14,29.6187,117.0,54.6666,60.6238,97.527
2017-07-15,29.623166666666663,117.01666666666668,54.6822,60.636700000000005,97.53533333333334
2017-07-16,29.62763333333333,117.03333333333332,54.6978,60.6496,97.54366666666668
2017-07-17,29.6321,117.05,54.7134,60.6625,97.552
2017-07-18,29.6479,117.11,54.7446,60.7018,97.905
2017-07-19,29.6819,117.17,54.7814,60.7564,97.885
2017-07-20,29.6908,117.13,54.8264,60.7845,98.058
2017-07-21,29.7263,117.26,54.8713,60.872,98.203
2017-07-22,29.7432,117.27333333333334,54.88223333333333,60.8941,98.13166666666667
2017-07-23,29.7601,117.28666666666666,54.893166666666666,60.9162,98.06033333333332
2017-07-24,29.777,117.3,54.9041,60.9383,97.989
2017-07-25,29.7659,117.17,54.9084,60.8945,97.547
2017-07-26,29.7695,117.23,54.904,60.8793,97.508
2017-07-27,29.7906,117.26,54.9302,60.8979,97.645
2017-07-28,29.775,117.13,54.9521,60.8806,97.761
2017-07-29,29.77223333333333,117.14666666666666,54.9604,60.87756666666667,97.76033333333334
2017-07-30,29.769466666666663,117.16333333333334,54.9687,60.87453333333333,97.75966666666666
2017-07-31,29.7667,117.18,54.977,60.8715,97.759
2017-08-01,29.77605,117.265,55.00565,60.89149999999999,97.872
2017-08-02,29.7854,117.35,55.0343,60.9115,97.985
2017-08-03,29.8762,117.49,55.1009,61.0844,98.155
2017-08-04,29.8625,117.59,55.1109,61.0899,97.982
2017-08-05,29.86303333333333,117.61666666666667,55.121966666666665,61.08466666666666,98.01666666666668
2017-08-06,29.863566666666667,117.64333333333332,55.13303333333334,61.07943333333333,98.05133333333332
2017-08-07,29.8641,117.67,55.1441,61.0742,98.086
2017-08-08,29.8543,117.67,55.169,61.05,97.938
2017-08-09,29.8702,117.88,55.1655,61.0309,98.163
2017-08-10,29.8407,117.99,55.1412,60.9627,98.365
2017-08-11,29.8295,118.07,55.1371,60.9462,98.556
2017-08-12,29.833266666666667,118.03,55.1482,60.9556,98.50566666666668
2017-08-13,29.83703333333333,117.99,55.1593,60.965,98.45533333333331
2017-08-14,29.8408,117.95,55.1704,60.9744,98.405
2017-08-15,29.83735,117.795,55.167,60.96045,98.293
2017-08-16,29.8339,117.64,55.1636,60.9465,98.181
2017-08-17,29.8544,117.73,55.18865,60.977450000000005,98.3485
2017-08-18,29.8749,117.82,55.2137,61.0084,98.516
2017-08-19,29.877033333333333,117.85666666666668,55.22376666666667,61.01253333333334,98.56533333333334
2017-08-20,29.879166666666663,117.89333333333332,55.23383333333333,61.016666666666666,98.61466666666666
2017-08-21,29.8813,117.93,55.2439,61.0208,98.664
2017-08-22,29.849,117.95,55.2477,60.9944,98.474
2017-08-23,29.8573,117.99,55.2432,61.0053,98.709
2017-08-24,29.8382,118.01,55.2592,61.0018,98.656
2017-08-25,29.8407,117.9925,55.267825,61.002275,98.67725
2017-08-26,29.8432,117.975,55.27645,61.002750000000006,98.6985
2017-08-27,29.8457,117.9575,55.285075,61.003225,98.71975
2017-08-28,29.8482,117.94,55.2937,61.0037,98.741
2017-08-29,29.8791,117.97,55.3146,61.0804,99.123
2017-08-30,29.8783,117.92,55.3213,61.0656,98.974
2017-08-31,29.8806,117.91,55.3545,61.0878,99.069
2017-09-01,29.9371,117.83,55.4098,61.192,98.931
2017-09-02,29.938625,117.8575,55.41725,61.19145,99.0805
2017-09-03,29.940150000000003,117.885,55.4247,61.1909,99.23
2017-09-04,29.941675,117.9125,55.43215,61.19035,99.3795
2017-09-05,29.9432,117.94,55.4396,61.1898,99.529
2017-09-06,29.9642,117.94,55.4751,61.2277,99.356
2017-09-07,29.9561,117.97,55.47,61.2183,99.845
2017-09-08,29.9618,118.03,55.4754,61.2069,99.591
2017-09-09,29.958166666666667,118.01333333333334,55.481966666666665,61.2139,99.438
2017-09-10,29.95453333333333,117.99666666666668,55.488533333333336,61.2209,99.285
2017-09-11,29.9509,117.98,55.4951,61.2279,99.132
2017-09-12,29.9341,117.85,55.4837,61.2025,98.754
2017-09-13,29.927,117.68,55.4673,61.1461,98.71
2017-09-14,29.9283,117.67,55.4818,61.1505,98.576
2017-09-15,29.893,117.5,55.4648,61.0963,98.551
2017-09-16,29.897866666666665,117.47666666666667,55.46583333333333,61.084966666666666,98.47666666666667
2017-09-17,29.90273333333333,117.45333333333332,55.46686666666667,61.07363333333333,98.40233333333332
2017-09-18,29.9076,117.43,55.4679,61.0623,98.328
2017-09-19,29.906,117.45,55.4749,61.0775,98.306
2017-09-20,29.9095,117.47,55.503,61.1341,98.263
2017-09-21,29.8181,117.42,55.4104,60.8852,98.04
2017-09-22,29.8235,117.46,55.3967,60.9273,98.118
2017-09-23,29.841966666666668,117.5,55.41353333333333,60.9619,98.227
2017-09-24,29.860433333333333,117.54,55.43036666666667,60.996500000000005,98.336
2017-09-25,29.8789,117.58,55.4472,61.0311,98.445
2017-09-26,29.8407,117.57,55.4437,60.9384,98.303
2017-09-27,29.8303,117.4,55.442,60.9406,97.798
2017-09-28,29.862,117.34,55.487,61.0034,97.749
2017-09-29,29.8616,117.41,55.5107,60.9914,97.658
2017-09-30,29.869025,117.37,55.538625,61.0244,97.64775
2017-10-01,29.87645,117.33,55.56655,61.0574,97.6375
2017-10-02,29.883875,117.29,55.594475,61.0904,97.62725
2017-10-03,29.8913,117.25,55.6224,61.1234,97.617
2017-10-04,29.8363,117.31,55.595,61.007,97.635
2017-10-05,29.7828,117.29,55.5822,60.8987,97.524
2017-10-06,29.7701,117.26,55.5923,60.8434,97.422
2017-10-07,29.76675,117.2925,55.601025,60.835575000000006,97.472
2017-10-08,29.7634,117.325,55.609750000000005,60.82775,97.522
2017-10-09,29.76005,117.3575,55.618475,60.819925,97.572
2017-10-10,29.7567,117.39,55.6272,60.8121,97.622
2017-10-11,29.7446,117.34,55.6394,60.8273,97.647
2017-10-12,29.7506,117.35,55.6589,60.8328,97.772
2017-10-13,29.8192,117.45,55.7148,60.938,98.114
2017-10-14,29.82123333333333,117.48333333333332,55.7285,60.95176666666667,98.06866666666669
2017-10-15,29.823266666666665,117.51666666666668,55.7422,60.96553333333333,98.02333333333333
2017-10-16,29.8253,117.55,55.7559,60.9793,97.978
2017-10-17,29.8222,117.6,55.7665,60.9558,97.851
2017-10-18,29.8232,117.6,55.7735,60.9922,97.625
2017-10-19,29.82054,117.568,55.77586,60.97774,97.5718
2017-10-20,29.81788,117.536,55.77822,60.96328,97.5186
2017-10-21,29.81522,117.504,55.78058,60.94882,97.4654
2017-10-22,29.81256,117.472,55.78294,60.93436,97.4122
2017-10-23,29.8099,117.44,55.7853,60.9199,97.359
2017-10-24,29.8221,117.33,55.7903,60.9799,97.032
2017-10-25,29.7944,117.31,55.841,61.0629,96.891
2017-10-26,29.8153,117.39,55.8889,61.1468,96.82
2017-10-27,29.8129,117.51,55.9052,61.2398,96.97
2017-10-28,29.797066666666662,117.54666666666668,55.90656666666667,61.219566666666665,97.10333333333334
2017-10-29,29.781233333333333,117.58333333333334,55.90793333333333,61.199333333333335,97.23666666666666
2017-10-30,29.7654,117.62,55.9093,61.1791,97.37
2017-10-31,29.7817,117.71,55.8849,61.1933,97.32
2017-11-01,29.7845,117.7,55.9098,61.1839,97.348
2017-11-02,29.792,117.69,55.9217,61.2167,97.52
2017-11-03,29.8068,117.73,55.9381,61.2592,97.642
2017-11-04,29.80453333333333,117.76666666666668,55.94316666666666,61.2495,97.674
2017-11-05,29.802266666666668,117.80333333333334,55.94823333333333,61.2398,97.706
2017-11-06,29.8,117.84,55.9533,61.2301,97.738
2017-11-07,29.7679,117.89,55.9239,61.1711,97.853
2017-11-08,29.7513,117.98,55.9091,61.1547,97.663
2017-11-09,29.7593,117.81,55.9153,61.1805,97.633
2017-11-10,29.736,117.68,55.9249,61.1253,97.121
2017-11-11,29.730733333333333,117.69666666666669,55.933166666666665,61.1223,97.11933333333332
2017-11-12,29.725466666666662,117.71333333333334,55.941433333333336,61.1193,97.11766666666666
2017-11-13,29.7202,117.73,55.9497,61.1163,97.116
2017-11-14,29.6184,117.75,55.8495,60.9037,97.296
2017-11-15,29.6577,117.8,55.8614,60.9536,97.586
2017-11-16,29.619,117.82,55.8144,60.8301,97.443
2017-11-17,29.6264,117.8,55.8737,60.8805,97.47
2017-11-18,29.685033333333333,117.81333333333332,55.9156,60.98493333333333,97.41533333333334
2017-11-19,29.743666666666662,117.82666666666668,55.9575,61.08936666666667,97.36066666666666
2017-11-20,29.8023,117.84,55.9994,61.1938,97.306
2017-11-21,29.7942,117.88,56.0063,61.1629,97.385
2017-11-22,29.7304,117.85,55.9335,61.0209,97.53
2017-11-23,29.7075,117.825,55.9039,61.0066,97.503
2017-11-24,29.6846,117.8,55.8743,60.9923,97.476
2017-11-25,29.6865,117.8,55.88343333333333,60.98296666666667,97.52633333333333
2017-11-26,29.6884,117.8,55.89256666666667,60.97363333333333,97.57666666666668
2017-11-27,29.6903,117.8,55.9017,60.9643,97.627
2017-11-28,29.6856,117.78,55.8984,60.9809,97.563
2017-11-29,29.7035,117.67,55.9069,60.9918,97.258
2017-11-30,29.6521,117.66,55.9064,60.9737,96.94
2017-12-01,29.651375,117.69,55.914775,60.975875,97.00925
2017-12-02,29.65065,117.72,55.92315,60.97805,97.0785
2017-12-03,29.649925,117.75,55.931525,60.980225,97.14775
2017-12-04,29.6492,117.78,55.9399,60.9824,97.217
2017-12-05,29.6823,117.87,55.9454,61.0213,97.349
2017-12-06,29.7185,117.98,55.9767,61.0713,97.681
2017-12-07,29.7119,118.0,55.9956,61.0798,97.504
2017-12-08,29.6892,117.93,55.9869,60.994,97.259
2017-12-09,29.667466666666662,117.96333333333334,55.9725,60.9604,97.24566666666666
2017-12-10,29.64573333333333,117.99666666666668,55.9581,60.9268,97.23233333333332
2017-12-11,29.624,118.03,55.9437,60.8932,97.219
2017-12-12,29.5933,117.96,55.9248,60.8386,97.077
2017-12-13,29.6239,117.92,55.897,60.8193,97.273
2017-12-14,29.6673,117.98,55.9022,60.9129,97.461
2017-12-15,29.6744,118.07,55.8922,60.9368,97.45
2017-12-16,29.673466666666663,118.07,55.9045,60.9251,97.38133333333332
2017-12-17,29.67253333333333,118.07,55.9168,60.9134,97.31266666666669
2017-12-18,29.6716,118.07,55.9291,60.9017,97.244
2017-12-19,29.6675,117.94,55.9297,60.9221,96.649
2017-12-20,29.6507,117.85,55.8958,60.8534,96.495
2017-12-21,29.6373,117.81,55.8371,60.7899,96.524
2017-12-22,29.5744,117.78,55.8439,60.7237,96.488
2017-12-23,29.57092,117.794,55.84652,60.72826,96.5842
2017-12-24,29.56744,117.808,55.84914,60.73282,96.6804
2017-12-25,29.56396,117.822,55.85176,60.73738,96.7766
2017-12-26,29.56048,117.836,55.85438,60.74194,96.8728
2017-12-27,29.557,117.85,55.857,60.7465,96.969
2017-12-28,29.3412,117.87,55.7747,60.4045,96.918
2017-12-29,29.4309,117.85,55.8567,60.5693,97.085
2017-12-30,29.4209,117.862,55.87192,60.57196,97.0408
2017-12-31,29.4109,117.874,55.88714,60.57462,96.9966
2018-01-01,29.4009,117.886,55.90236,60.57728,96.9524
2018-01-02,29.3909,117.898,55.91758,60.57994,96.9082
2018-01-03,29.3809,117.91,55.9328,60.5826,96.864
2018-01-04,29.4083,117.92,55.9245,60.5582,96.756
2018-01-05,29.5977,117.93,55.994,60.8141,96.535
2018-01-06,29.59303333333333,117.94,56.00813333333333,60.8124,96.53766666666668
2018-01-07,29.588366666666666,117.95,56.02226666666667,60.8107,96.54033333333334
2018-01-08,29.5837,117.96,56.0364,60.809,96.543
2018-01-09,29.5545,117.93,56.0177,60.7193,96.254
2018-01-10,29.4301,117.75,55.9463,60.5397,96.02
2018-01-11,29.4409,117.59,55.9549,60.5269,96.139
2018-01-12,29.4184,117.42,55.9459,60.5265,95.982
2018-01-13,29.384675,117.46,55.93905,60.471375,96.00675
2018-01-14,29.35095,117.5,55.9322,60.41625,96.0315
2018-01-15,29.317225,117.54,55.92535,60.361125,96.05625
2018-01-16,29.2835,117.58,55.9185,60.306,96.081
2018-01-17,29.4627,117.66,56.0381,60.5884,95.91
2018-01-18,29.3986,117.61,56.0183,60.488,95.611
2018-01-19,29.4225,117.59,56.0387,60.5005,95.404
2018-01-20,29.4312,117.57333333333334,56.0435,60.5094,95.344
2018-01-21,29.4399,117.55666666666669,56.0483,60.5183,95.284
2018-01-22,29.4486,117.54,56.0531,60.5272,95.224
2018-01-23,29.5278,117.52,56.1011,60.6445,95.473
2018-01-24,29.5213,117.39,56.1172,60.6146,95.473
2018-01-25,29.4936,117.29,56.1157,60.6105,95.48
2018-01-26,29.459625000000003,117.25,56.1182,60.57575,95.35075
2018-01-27,29.42565,117.21,56.1207,60.541,95.2215
2018-01-28,29.391675,117.17,56.1232,60.50625,95.09225
2018-01-29,29.3577,117.13,56.1257,60.4715,94.963
2018-01-30,29.3374,117.16,56.0981,60.4248,94.83
2018-01-31,29.3552,117.24,56.1264,60.4351,94.706
2018-02-01,29.138,117.15,55.9677,60.1387,94.513
2018-02-02,29.173,116.97,55.9828,60.1815,94.034
2018-02-03,29.1573,116.98,55.9937,60.1601,94.112
2018-02-04,29.1416,116.99,56.0046,60.1387,94.19
2018-02-05,29.1259,117.0,56.0155,60.1173,94.268
2018-02-06,29.1697,117.17,56.0533,60.2057,94.598
2018-02-07,29.2183,117.07,56.131,60.3258,94.168
2018-02-08,29.3044,116.9,56.1837,60.4708,94.034
2018-02-09,29.273,116.97,56.1869,60.4276,94.077
2018-02-10,29.295066666666667,116.96,56.196133333333336,60.4307,94.04433333333331
2018-02-11,29.31713333333333,116.95,56.20536666666666,60.4338,94.01166666666668
2018-02-12,29.3392,116.94,56.2146,60.4369,93.979
2018-02-13,29.35165,116.93,56.23005,60.45085,93.8035
2018-02-14,29.3641,116.92,56.2455,60.4648,93.628
2018-02-15,29.2616,116.79,56.1858,60.3058,93.649
2018-02-16,29.2657,116.92,56.1863,60.3049,93.872
2018-02-17,29.2361,116.9225,56.1775,60.27375000000001,93.795
2018-02-18,29.2065,116.925,56.1687,60.2426,93.718
2018-02-19,29.1769,116.9275,56.1599,60.21145,93.641
2018-02-20,29.1473,116.93,56.1511,60.1803,93.564
2018-02-21,29.1075,116.98,56.1266,60.1187,93.654
2018-02-22,29.0407,117.02,56.0553,59.9957,93.593
2018-02-23,29.137,117.18,56.1236,60.0964,93.959
2018-02-24,29.1354,117.2,56.12413333333333,60.094566666666665,93.97066666666667
2018-02-25,29.1338,117.22,56.12466666666667,60.092733333333335,93.98233333333332
2018-02-26,29.1322,117.24,56.1252,60.0909,93.994
2018-02-27,29.1268,117.25,56.0969,60.0817,93.547
2018-02-28,29.0949,117.29,56.0789,60.0413,93.754
2018-03-01,29.0808,117.35,56.0339,60.0051,94.121
2018-03-02,29.07915,117.375,56.0478,60.01135,94.02525
2018-03-03,29.0775,117.4,56.0617,60.0176,93.9295
2018-03-04,29.075850000000003,117.425,56.0756,60.02385,93.83375
2018-03-05,29.0742,117.45,56.0895,60.0301,93.738
2018-03-06,29.0667,117.25,56.1122,60.0317,93.803
2018-03-07,29.1695,117.28,56.2215,60.2096,93.861
2018-03-08,29.2076,117.3,56.2737,60.273,93.971
2018-03-09,29.1909,117.27,56.274,60.2538,93.798
2018-03-10,29.213833333333334,117.28,56.3085,60.28633333333333,93.81933333333332
2018-03-11,29.236766666666664,117.29,56.343,60.318866666666665,93.84066666666666
2018-03-12,29.2597,117.3,56.3775,60.3514,93.862
2018-03-13,29.2458,117.3,56.4367,60.344,94.001
2018-03-14,29.2335,117.36,56.4558,60.3591,94.154
2018-03-15,29.3082,117.4,56.4873,60.4323,94.194
2018-03-16,29.4131,117.45,56.5703,60.6136,93.937
2018-03-17,29.407333333333334,117.45333333333332,56.57353333333334,60.6087,93.98133333333332
2018-03-18,29.401566666666668,117.45666666666666,56.57676666666666,60.6038,94.02566666666668
2018-03-19,29.3958,117.46,56.58,60.5989,94.07
2018-03-20,29.4084,117.4,56.5898,60.6144,93.791
2018-03-21,29.441,117.35,56.5713,60.6375,93.457
2018-03-22,29.4824,117.46,56.5926,60.693,94.168
2018-03-23,29.5056,117.42,56.612,60.758,94.162
2018-03-24,29.48343333333333,117.41666666666669,56.61573333333333,60.7339,94.14233333333334
2018-03-25,29.461266666666667,117.41333333333333,56.61946666666667,60.7098,94.12266666666666
2018-03-26,29.4391,117.41,56.6232,60.6857,94.103
2018-03-27,29.8841,117.43,56.874,61.3638,94.351
2018-03-28,29.8247,117.54,56.9135,61.3541,94.487
2018-03-29,29.84525,117.54833333333336,56.933733333333336,61.383433333333336,94.49183333333332
2018-03-30,29.8658,117.55666666666669,56.953966666666666,61.41276666666667,94.49666666666668
2018-03-31,29.88635,117.565,56.9742,61.4421,94.5015
2018-04-01,29.9069,117.57333333333334,56.99443333333333,61.47143333333333,94.50633333333332
2018-04-02,29.92745,117.58166666666668,57.01466666666667,61.50076666666666,94.51116666666668
2018-04-03,29.948,117.59,57.0349,61.5301,94.516
2018-04-04,30.014,117.7,57.0505,61.6197,94.526
2018-04-05,30.2662,117.57,57.1819,62.0096,94.27
2018-04-06,30.2257,117.6,57.2025,61.9389,94.531
2018-04-07,30.20693333333333,117.60333333333332,57.20986666666667,61.91816666666666,94.54666666666668
2018-04-08,30.188166666666667,117.60666666666668,57.21723333333333,61.89743333333333,94.56233333333334
2018-04-09,30.1694,117.61,57.2246,61.8767,94.578
2018-04-10,29.9808,117.53,57.1509,61.6174,94.336
2018-04-11,29.7574,117.53,57.065,61.3239,94.465
2018-04-12,29.8405,117.5,57.0701,61.3619,94.234
2018-04-13,29.8991,117.46,57.0657,61.4254,94.183
2018-04-14,29.8811,117.43,57.078833333333336,61.40703333333334,94.162
2018-04-15,29.8631,117.4,57.09196666666666,61.388666666666666,94.141
2018-04-16,29.8451,117.37,57.1051,61.3703,94.12
2018-04-17,29.8438,117.35,57.1061,61.343,94.199
2018-04-18,29.7724,117.26,57.0445,61.2288,93.932
2018-04-19,29.6051,116.9,56.9351,60.9246,93.635
2018-04-20,29.4688,116.82,56.8418,60.7397,93.362
2018-04-21,29.46016666666667,116.78666666666666,56.8363,60.72646666666667,93.298
2018-04-22,29.45153333333333,116.75333333333332,56.8308,60.713233333333335,93.234
2018-04-23,29.4429,116.72,56.8253,60.7,93.17
2018-04-24,29.5133,116.72,56.8121,60.7846,93.123
2018-04-25,29.4286,116.64,56.7427,60.6408,92.975
2018-04-26,29.3817,116.81,56.6809,60.5615,93.193
2018-04-27,29.3852,116.97,56.679,60.5659,93.274
2018-04-28,29.39904,116.99,56.69448,60.58678,93.268
2018-04-29,29.41288,117.01,56.70996,60.60766,93.262
2018-04-30,29.42672,117.03,56.72544,60.62854,93.256
2018-05-01,29.44056,117.05,56.74092,60.64942,93.25
2018-05-02,29.4544,117.07,56.7564,60.6703,93.244
2018-05-03,29.4584,117.24,56.7717,60.6948,93.512
2018-05-04,29.4608,117.28,56.773,60.6871,93.505
2018-05-05,29.5155,117.29666666666668,56.79586666666667,60.75103333333333,93.48166666666668
2018-05-06,29.5702,117.31333333333332,56.81873333333333,60.81496666666667,93.45833333333331
2018-05-07,29.6249,117.33,56.8416,60.8789,93.435
2018-05-08,29.711,117.28,56.8336,60.9844,93.326
2018-05-09,29.5375,117.19,56.7326,60.7686,93.155
2018-05-10,29.53265,117.19,56.7127,60.74345,93.192
2018-05-11,29.5278,117.19,56.6928,60.7183,93.229
2018-05-12,29.4793,117.13333333333333,56.6944,60.66903333333333,93.209
2018-05-13,29.4308,117.07666666666668,56.696,60.61976666666667,93.189
2018-05-14,29.3823,117.02,56.6976,60.5705,93.169
2018-05-15,29.2571,116.91,56.6325,60.4129,92.645
2018-05-16,29.2581,116.94,56.5233,60.3233,92.595
2018-05-17,29.2902,116.83,56.4553,60.3191,92.472
2018-05-18,29.3645,116.92,56.5407,60.4245,92.704
2018-05-19,29.379175,116.9475,56.5499,60.4436,92.7125
2018-05-20,29.39385,116.975,56.5591,60.4627,92.721
2018-05-21,29.408525,117.0025,56.5683,60.4818,92.7295
2018-05-22,29.4232,117.03,56.5775,60.5009,92.738
2018-05-23,29.382,117.11,56.57225,60.46155,93.0315
2018-05-24,29.3408,117.19,56.567,60.4222,93.325
2018-05-25,29.4596,117.44,56.638,60.5674,93.697
2018-05-26,29.47665,117.5325,56.66565,60.595,93.88575
2018-05-27,29.4937,117.625,56.6933,60.6226,94.0745
2018-05-28,29.51075,117.7175,56.72095,60.6502,94.26325
2018-05-29,29.5278,117.81,56.7486,60.6778,94.452
2018-05-30,29.5097,117.65,56.7765,60.6911,94.197
2018-05-31,29.4214,117.69,56.6949,60.5841,94.224
2018-06-01,29.418,117.49,56.6817,60.5651,93.867
2018-06-02,29.4097,117.46666666666668,56.69123333333333,60.56106666666667,93.77166666666668
2018-06-03,29.4014,117.44333333333331,56.70076666666667,60.55703333333333,93.67633333333332
2018-06-04,29.3931,117.42,56.7103,60.553,93.581
2018-06-05,29.4559,117.44,56.7408,60.5914,93.785
2018-06-06,29.3398,117.1,56.6641,60.4275,93.375
2018-06-07,29.2254,116.9,56.6117,60.273,93.594
2018-06-08,29.3296,117.02,56.6412,60.358,93.696
2018-06-09,29.32303333333333,116.99666666666668,56.65176666666667,60.3547,93.60733333333332
2018-06-10,29.316466666666667,116.97333333333331,56.66233333333333,60.3514,93.51866666666668
2018-06-11,29.3099,116.95,56.6729,60.3481,93.43
2018-06-12,29.3169,116.94,56.6804,60.3471,93.474
2018-06-13,29.3625,117.06,56.7363,60.4229,93.284
2018-06-14,29.3587,117.23,56.7736,60.451,93.539
2018-06-15,29.4326,117.51,56.8156,60.5246,93.724
2018-06-16,29.44623333333333,117.52333333333334,56.83743333333334,60.55246666666667,93.683
2018-06-17,29.459866666666667,117.53666666666666,56.85926666666667,60.58033333333333,93.642
2018-06-18,29.4735,117.55,56.8811,60.6082,93.601
2018-06-19,29.5055,117.63,56.9025,60.6437,94.0
2018-06-20,29.5514,117.57,56.9247,60.7008,93.744
2018-06-21,29.6086,117.58,56.9974,60.8301,93.825
2018-06-22,29.5806,117.54,57.008,60.7963,93.848
2018-06-23,29.5794,117.54,57.01396666666667,60.79886666666667,93.88366666666668
2018-06-24,29.5782,117.54,57.01993333333333,60.801433333333335,93.91933333333331
2018-06-25,29.577,117.54,57.0259,60.804,93.955
2018-06-26,29.5714,117.34,57.0416,60.8009,93.951
2018-06-27,29.535,117.32,57.0341,60.7732,94.339
2018-06-28,29.4629,117.29,56.9914,60.6736,94.217
2018-06-29,29.5063,117.31,57.0209,60.7051,94.195
2018-06-30,29.5088,117.32,57.0466,60.7245,94.167
2018-07-01,29.5113,117.33,57.0723,60.7439,94.139
2018-07-02,29.5138,117.34,57.098,60.7633,94.111
2018-07-03,29.518,117.33,57.1248,60.7727,94.322
2018-07-04,29.5225,117.275,57.1485,60.7866,94.2765
2018-07-05,29.527,117.22,57.1722,60.8005,94.231
2018-07-06,29.5338,117.23,57.146,60.802,94.329
2018-07-07,29.535733333333333,117.2,57.16166666666667,60.8149,94.275
2018-07-08,29.537666666666667,117.17,57.17733333333333,60.8278,94.221
2018-07-09,29.5396,117.14,57.193,60.8407,94.167
2018-07-10,29.5261,117.04,57.2196,60.8491,94.11
2018-07-11,29.563,117.06,57.2248,60.8764,94.217
2018-07-12,29.6853,117.06,57.2806,61.0125,94.184
2018-07-13,29.6839,117.1,57.3346,61.0334,94.393
2018-07-14,29.6899,117.06333333333332,57.3366,61.03756666666667,94.33033333333331
2018-07-15,29.6959,117.02666666666666,57.3386,61.04173333333333,94.26766666666668
2018-07-16,29.7019,116.99,57.3406,61.0459,94.205
2018-07-17,29.7869,116.96,57.3919,61.1536,94.215
2018-07-18,29.7905,117.01,57.402,61.1796,94.185
2018-07-19,29.7611,117.02,57.4075,61.1804,94.383
2018-07-20,29.7567,116.94,57.3985,61.1584,94.065
2018-07-21,29.7582,116.93,57.414966666666665,61.161233333333335,93.92766666666668
2018-07-22,29.7597,116.92,57.43143333333333,61.16406666666666,93.79033333333334
2018-07-23,29.7612,116.91,57.4479,61.1669,93.653
2018-07-24,29.7783,116.9,57.4518,61.1828,93.736
2018-07-25,29.753,116.96,57.4617,61.1868,93.862
2018-07-26,29.7774,116.93,57.4795,61.2282,93.651
2018-07-27,29.7824,116.9,57.4935,61.2317,93.669
2018-07-28,29.7886,116.84333333333332,57.50216666666667,61.2377,93.65566666666666
2018-07-29,29.7948,116.78666666666668,57.51083333333333,61.2437,93.64233333333334
2018-07-30,29.801,116.73,57.5195,61.2497,93.629
2018-07-31,29.8197,116.81,57.5413,61.29,93.692
2018-08-01,29.86335,116.78,57.5903,61.35985,93.647
2018-08-02,29.907,116.75,57.6393,61.4297,93.602
2018-08-03,29.8737,116.88,57.6307,61.3902,93.787
2018-08-04,29.88073333333333,116.91,57.6427,61.39963333333333,93.817
2018-08-05,29.887766666666668,116.94,57.6547,61.40906666666667,93.847
2018-08-06,29.8948,116.97,57.6667,61.4185,93.877
2018-08-07,29.8695,117.02,57.6646,61.409,93.701
2018-08-08,29.8768,117.06,57.6835,61.4328,93.85
2018-08-09,29.9154,117.17,57.699,61.4825,93.974
2018-08-10,29.9198,117.38,57.7223,61.5027,94.431
2018-08-11,29.90413333333333,117.37333333333332,57.720866666666666,61.481366666666666,94.39966666666666
2018-08-12,29.888466666666663,117.36666666666666,57.719433333333335,61.46003333333333,94.36833333333334
2018-08-13,29.8728,117.36,57.718,61.4387,94.337
2018-08-14,29.8895,117.36,57.7191,61.4517,94.335
2018-08-15,29.86475,117.425,57.7175,61.42465,94.3665
2018-08-16,29.84,117.49,57.7159,61.3976,94.398
2018-08-17,29.85285,117.5175,57.732725,61.41715,94.46325
2018-08-18,29.8657,117.545,57.74955,61.4367,94.5285
2018-08-19,29.87855,117.5725,57.766375,61.45625,94.59375
2018-08-20,29.8914,117.6,57.7832,61.4758,94.659
2018-08-21,29.9066,117.58,57.8084,61.5196,94.558
2018-08-22,29.88395,117.56,57.81875,61.50615,94.6465
2018-08-23,29.8613,117.54,57.8291,61.4927,94.735
2018-08-24,29.8584,117.52,57.8231,61.4828,94.608
2018-08-25,29.857333333333333,117.50333333333332,57.83643333333333,61.49616666666667,94.54966666666668
2018-08-26,29.856266666666667,117.48666666666666,57.84976666666667,61.50953333333333,94.49133333333334
2018-08-27,29.8552,117.47,57.8631,61.5229,94.433
2018-08-28,29.8501,117.43,57.8651,61.521,94.337
2018-08-29,29.8473,117.43,57.8721,61.523,94.29
2018-08-30,29.8329,117.48,57.8428,61.4799,94.339
2018-08-31,29.7958,117.57,57.8303,61.4545,94.614
2018-09-01,29.763175,117.57,57.817075,61.42535,94.52425
2018-09-02,29.73055,117.57,57.80385,61.3962,94.4345
2018-09-03,29.697925,117.57,57.790625,61.36705,94.34475
2018-09-04,29.6653,117.57,57.7774,61.3379,94.255
2018-09-05,29.6714,117.49,57.7186,61.2775,94.336
2018-09-06,29.6622,117.49,57.7458,61.2694,94.542
2018-09-07,29.7062,117.5,57.7743,61.3115,94.095
2018-09-08,29.655266666666662,117.47,57.65896666666666,61.26253333333334,94.09566666666666
2018-09-09,29.604333333333333,117.44,57.54363333333333,61.213566666666665,94.09633333333332
2018-09-10,29.5534,117.41,57.4283,61.1646,94.097
2018-09-11,29.5235,117.32,57.4314,61.1386,93.872
2018-09-12,29.5788,117.36,57.4133,61.1354,93.971
2018-09-13,29.608400000000003,117.335,57.43195,61.1635,93.85
2018-09-14,29.638,117.31,57.4506,61.1916,93.729
2018-09-15,29.654633333333333,117.28,57.36623333333333,61.20916666666667,93.707
2018-09-16,29.671266666666668,117.25,57.281866666666666,61.226733333333335,93.685
2018-09-17,29.6879,117.22,57.1975,61.2443,93.663
2018-09-18,29.6839,117.2,57.205,61.2545,93.438
2018-09-19,29.7461,117.13,57.2012,61.2988,93.268
2018-09-20,29.75495,117.165,57.1937,61.29565,93.2565
2018-09-21,29.7638,117.2,57.1862,61.2925,93.245
2018-09-22,29.757166666666667,117.17333333333332,57.1628,61.271,93.22633333333332
2018-09-23,29.750533333333333,117.14666666666668,57.1394,61.2495,93.20766666666668
2018-09-24,29.7439,117.12,57.116,61.228,93.189
2018-09-25,29.7413,116.95,57.078,61.1987,93.063
2018-09-26,29.7906,116.95,57.0863,61.2198,93.179
2018-09-27,29.8579,116.94,57.1492,61.2754,93.354
2018-09-28,29.8539,117.0,57.2416,61.3537,93.394
2018-09-29,29.877266666666667,116.99333333333334,57.24916666666667,61.38503333333333,93.34633333333332
2018-09-30,29.90063333333333,116.98666666666666,57.25673333333333,61.41636666666667,93.29866666666668
2018-10-01,29.924,116.98,57.2643,61.4477,93.251
2018-10-02,29.86565,117.03,57.24695,61.40965,93.0525
2018-10-03,29.8073,117.08,57.2296,61.3716,92.854
2018-10-04,29.7281,116.86,57.1573,61.254,92.595
2018-10-05,29.8669,116.78,57.263,61.4275,92.405
2018-10-06,29.855400000000003,116.765,57.26215,61.433625,92.433
2018-10-07,29.8439,116.75,57.2613,61.43975,92.461
2018-10-08,29.8324,116.735,57.26045,61.445875,92.489
2018-10-09,29.8209,116.72,57.2596,61.452,92.517
2018-10-10,29.9031,116.62,57.2864,61.5281,92.53
2018-10-11,29.9399,116.7,57.2738,61.5601,92.966
2018-10-12,29.9656,116.7225,57.302975,61.588275,92.93925
2018-10-13,29.991300000000003,116.745,57.33215,61.61645,92.9125
2018-10-14,30.017,116.7675,57.361325,61.644625000000005,92.88575
2018-10-15,30.0427,116.79,57.3905,61.6728,92.859
2018-10-16,30.0857,116.82,57.424,61.722,92.847
2018-10-17,30.0703,116.97,57.4002,61.6876,92.695
2018-10-18,30.0821,117.05,57.4222,61.70615,92.7055
2018-10-19,30.0939,117.13,57.4442,61.7247,92.716
2018-10-20,30.108,117.09333333333332,57.4525,61.736266666666666,92.716
2018-10-21,30.1221,117.05666666666666,57.4608,61.74783333333333,92.716
2018-10-22,30.1362,117.02,57.4691,61.7594,92.716
2018-10-23,30.1429,117.18,57.4853,61.7791,93.083
2018-10-24,30.2246,117.24,57.4958,61.8157,93.19
2018-10-25,30.2476,117.19,57.4842,61.8187,93.062
2018-10-26,30.232,117.35,57.4853,61.8148,93.526
2018-10-27,30.27293333333333,117.32,57.504466666666666,61.84096666666667,93.50233333333333
2018-10-28,30.313866666666662,117.29,57.523633333333336,61.867133333333335,93.47866666666668
2018-10-29,30.3548,117.26,57.5428,61.8933,93.455
2018-10-30,30.3281,117.27,57.4934,61.8985,93.418
2018-10-31,30.3295,117.21,57.4851,61.899,93.224
2018-11-01,30.3892,117.11,57.5259,61.9552,93.274
2018-11-02,30.5437,117.04,57.6187,62.0422,92.926
2018-11-03,30.548566666666662,117.06666666666668,57.63053333333333,62.05453333333333,92.899
2018-11-04,30.55343333333333,117.09333333333332,57.64236666666667,62.06686666666667,92.872
2018-11-05,30.5583,117.12,57.6542,62.0792,92.845
2018-11-06,30.5849,117.12,57.6753,62.1173,92.744
2018-11-07,30.602533333333334,117.12333333333332,57.6977,62.13916666666667,92.764
2018-11-08,30.620166666666663,117.12666666666668,57.7201,62.16103333333333,92.784
2018-11-09,30.6378,117.13,57.7425,62.1829,92.804
2018-11-10,30.641425,117.145,57.759525,62.198575,92.89375
2018-11-11,30.64505,117.16,57.77655,62.21425,92.9835
2018-11-12,30.648675,117.175,57.793575,62.229925,93.07325
2018-11-13,30.6523,117.19,57.8106,62.2456,93.163
2018-11-14,30.67315,117.17666666666666,57.82366666666667,62.26456666666667,93.297
2018-11-15,30.694,117.16333333333333,57.836733333333335,62.28353333333334,93.431
2018-11-16,30.71485,117.15,57.8498,62.3025,93.565
2018-11-17,30.7357,117.13666666666668,57.86286666666667,62.321466666666666,93.699
2018-11-18,30.75655,117.12333333333332,57.875933333333336,62.34043333333334,93.833
2018-11-19,30.7774,117.11,57.889,62.3594,93.967
2018-11-20,30.8062,117.12,57.9202,62.3936,93.888
2018-11-21,30.829016666666668,117.13666666666668,57.93586666666667,62.41795,93.85283333333334
2018-11-22,30.85183333333333,117.15333333333334,57.95153333333334,62.4423,93.81766666666668
2018-11-23,30.874650000000003,117.17,57.967200000000005,62.46665,93.7825
2018-11-24,30.897466666666663,117.18666666666668,57.982866666666666,62.491,93.74733333333334
2018-11-25,30.92028333333333,117.20333333333332,57.99853333333333,62.515350000000005,93.71216666666668
2018-11-26,30.9431,117.22,58.0142,62.5397,93.677
2018-11-27,30.9348,117.25,58.0216,62.5585,93.895
2018-11-28,31.0838,117.16,58.0996,62.6283,93.881
2018-11-29,31.1499,117.23,58.1553,62.7129,94.072
2018-11-30,31.1702,117.24,58.2192,62.7614,94.017
2018-12-01,31.1725,117.23666666666666,58.22563333333333,62.760133333333336,94.06166666666668
2018-12-02,31.1748,117.23333333333332,58.23206666666667,62.75886666666666,94.10633333333332
2018-12-03,31.1771,117.23,58.2385,62.7576,94.151
2018-12-04,31.246,117.27,58.2848,62.8077,94.699
2018-12-05,31.35655,117.3,58.3859,62.9139,94.809
2018-12-06,31.4671,117.33,58.487,63.0201,94.919
2018-12-07,31.4251,117.27,58.443,62.9987,94.941
2018-12-08,31.395866666666667,117.26666666666668,58.40203333333333,62.95773333333333,94.97
2018-12-09,31.366633333333333,117.26333333333334,58.361066666666666,62.91676666666667,94.999
2018-12-10,31.3374,117.26,58.3201,62.8758,95.028
2018-12-11,31.3819,117.27,58.3263,62.8767,94.977
2018-12-12,31.5249,117.24,58.4189,63.0065,94.659
2018-12-13,31.591,117.26,58.4419,63.0179,94.665
2018-12-14,31.5553,117.35,58.4357,63.0095,94.752
2018-12-15,31.55453333333333,117.35666666666668,58.4463,63.01846666666667,94.818
2018-12-16,31.553766666666668,117.36333333333332,58.4569,63.027433333333335,94.884
2018-12-17,31.553,117.37,58.4675,63.0364,94.95
2018-12-18,31.6551,117.47,57.8125,63.1274,95.107
2018-12-19,31.8195,117.53,57.9851,63.3241,95.234
2018-12-20,31.8077,117.66,58.0001,63.3434,95.44
2018-12-21,31.8088,117.71,58.0336,63.3664,95.389
2018-12-22,31.828850000000003,117.725,58.05351666666667,63.38893333333333,95.44183333333334
2018-12-23,31.8489,117.74,58.07343333333333,63.41146666666667,95.49466666666666
2018-12-24,31.86895,117.755,58.09335,63.434,95.5475
2018-12-25,31.889,117.77,58.11326666666667,63.45653333333333,95.60033333333334
2018-12-26,31.90905,117.785,58.133183333333335,63.47906666666667,95.65316666666666
2018-12-27,31.9291,117.8,58.1531,63.5016,95.706
2018-12-28,31.8481,117.82,58.0684,63.424,95.885
2018-12-29,31.82368333333333,117.87333333333332,58.0696,63.41901666666666,96.07466666666669
2018-12-30,31.799266666666664,117.92666666666666,58.0708,63.414033333333336,96.26433333333334
2018-12-31,31.77485,117.98,58.072,63.40905,96.454
2019-01-01,31.750433333333334,118.03333333333332,58.0732,63.404066666666665,96.64366666666666
2019-01-02,31.726016666666663,118.08666666666667,58.0744,63.39908333333334,96.83333333333331
2019-01-03,31.7016,118.14,58.0756,63.3941,97.023
2019-01-04,31.7281,118.0,58.0787,63.3908,96.451
2019-01-05,31.7023,117.98333333333332,58.07396666666666,63.3893,96.39466666666668
2019-01-06,31.6765,117.96666666666668,58.06923333333334,63.3878,96.33833333333332
2019-01-07,31.6507,117.95,58.0645,63.3863,96.282
2019-01-08,31.7843,117.81,58.1242,63.4667,96.066
2019-01-09,31.7998,117.83,58.1209,63.485,96.02
2019-01-10,31.8128,117.87,58.1393,63.4902,96.063
2019-01-11,31.7997,117.91,58.1947,63.5404,96.151
2019-01-12,31.8237,117.90333333333334,58.23173333333333,63.57696666666666,96.17166666666668
2019-01-13,31.8477,117.89666666666666,58.26876666666666,63.613533333333336,96.19233333333332
2019-01-14,31.8717,117.89,58.3058,63.6501,96.213
2019-01-15,31.8629,117.97,58.2854,63.6411,96.106
2019-01-16,31.7862,117.9,58.2399,63.5907,95.975
2019-01-17,31.7782,117.88,58.2564,63.5951,95.962
2019-01-18,31.7273,117.84,58.2541,63.5315,95.591
2019-01-19,31.749025,117.8725,58.26565,63.15475,95.67525
2019-01-20,31.77075,117.905,58.2772,62.778000000000006,95.7595
2019-01-21,31.792475,117.9375,58.28875,62.401250000000005,95.84375
2019-01-22,31.8142,117.97,58.3003,62.0245,95.928
2019-01-23,31.8335,118.03,58.3155,62.0257,95.81
2019-01-24,31.847,118.13,58.3311,62.0256,96.136
2019-01-25,31.812,118.09,58.3449,62.0122,95.771
2019-01-26,31.81953333333333,118.09666666666666,58.35783333333333,62.032,95.827
2019-01-27,31.827066666666667,118.10333333333334,58.37076666666667,62.0518,95.883
2019-01-28,31.8346,118.11,58.3837,62.0716,95.939
2019-01-29,31.8655,118.19,58.3879,62.0801,96.094
2019-01-30,31.8603,118.27,58.3574,62.0583,95.996
2019-01-31,31.9155,118.43,58.3958,62.1014,96.674
2019-02-01,31.7902,118.42,58.251,61.9718,96.16
2019-02-02,31.7824,118.4,58.23843333333333,61.958400000000005,96.12833333333332
2019-02-03,31.7746,118.38,58.22586666666666,61.945,96.09666666666666
2019-02-04,31.7668,118.36,58.2133,61.9316,96.065
2019-02-05,31.7414,118.37,58.2084,61.9403,96.12
2019-02-06,31.7959,118.47,58.249,62.0013,96.241
2019-02-07,31.8936,118.65,58.4159,62.1701,96.5
2019-02-08,31.9263,118.86,58.5016,62.2173,96.675
2019-02-09,31.9316,118.84,58.51166666666667,62.2257,96.59366666666666
2019-02-10,31.9369,118.82,58.52173333333333,62.2341,96.51233333333332
2019-02-11,31.9422,118.8,58.5318,62.2425,96.431
2019-02-12,31.9261,118.72,58.5037,62.2069,96.304
2019-02-13,32.0365,118.72,58.6863,62.3558,96.069
2019-02-14,32.0005,118.9,58.6386,62.3024,96.498
2019-02-15,31.9352,118.94,58.6122,62.2701,96.437
2019-02-16,31.94714,118.956,58.60964,62.27208,96.478
2019-02-17,31.95908,118.972,58.60708,62.27406,96.519
2019-02-18,31.97102,118.988,58.60452,62.27604,96.56
2019-02-19,31.98296,119.004,58.601960000000005,62.27802,96.601
2019-02-20,31.9949,119.02,58.5994,62.28,96.642
2019-02-21,32.0007,119.0,58.6074,62.2107,96.252
2019-02-22,31.9631,119.05,58.6412,62.2199,96.618
2019-02-23,31.9676,119.04333333333334,58.6502,62.2395,96.536
2019-02-24,31.9721,119.03666666666666,58.6592,62.2591,96.454
2019-02-25,31.9766,119.03,58.6682,62.2787,96.372
2019-02-26,31.9141,119.03,58.6517,62.2864,96.67
2019-02-27,31.8413,118.93,58.5874,62.2214,96.318
2019-02-28,31.9217,118.86,58.6264,62.249,96.178
2019-03-01,31.9714,118.78,58.6834,62.295,95.864
2019-03-02,31.98075,118.7825,58.70995,62.321675,95.882
2019-03-03,31.9901,118.785,58.7365,62.34835,95.9
2019-03-04,31.99945,118.7875,58.76305,62.375025,95.918
2019-03-05,32.0088,118.79,58.7896,62.4017,95.936
2019-03-06,32.0215,118.96,58.81,62.4056,96.38
2019-03-07,32.0254,119.3,58.9238,62.4797,96.578
2019-03-08,32.0396,119.37,58.9779,62.5335,96.848
2019-03-09,32.05956666666667,119.37,59.01643333333333,62.56383333333333,96.782
2019-03-10,32.07953333333333,119.37,59.054966666666665,62.594166666666666,96.716
2019-03-11,32.0995,119.37,59.0935,62.6245,96.65
2019-03-12,32.1197,119.35,59.1702,62.6651,96.839
2019-03-13,32.124,119.35,59.1527,62.6572,96.893
2019-03-14,32.1403,119.31,59.2683,62.754,96.861
2019-03-15,32.1813,119.34,59.2854,62.7836,96.962
2019-03-16,32.199533333333335,119.36333333333332,59.31463333333333,62.8179,96.95933333333332
2019-03-17,32.21776666666666,119.38666666666668,59.34386666666667,62.8522,96.95666666666666
2019-03-18,32.236,119.41,59.3731,62.8865,96.954
2019-03-19,32.229,119.39,59.3208,62.8557,96.951
2019-03-20,32.2613,119.5,59.3584,62.8969,97.281
2019-03-21,32.29345,119.74,59.399550000000005,62.926100000000005,97.519
2019-03-22,32.3256,119.98,59.4407,62.9553,97.757
2019-03-23,32.3546,119.99,59.4745,62.977833333333336,97.92466666666668
2019-03-24,32.3836,120.0,59.5083,63.000366666666665,98.09233333333334
2019-03-25,32.4126,120.01,59.5421,63.0229,98.26
2019-03-26,32.4283,120.0,59.5412,63.0375,98.096
2019-03-27,32.4543,120.27,59.5394,63.041,98.417
2019-03-28,32.491,120.23,59.6177,63.0841,98.317
2019-03-29,32.4871,120.1,59.7468,63.2081,98.194
2019-03-30,32.5117,120.105,59.79125,63.2561,98.0855
2019-03-31,32.5363,120.11,59.8357,63.304100000000005,97.977
2019-04-01,32.560900000000004,120.115,59.88015,63.3521,97.8685
2019-04-02,32.5855,120.12,59.9246,63.4001,97.76
2019-04-03,32.6007,119.94,59.9039,63.403,97.525
2019-04-04,32.4668,119.99,59.81,63.3613,97.564
2019-04-05,32.4565,119.97,59.7665,63.3003,97.529
2019-04-06,32.43253333333333,119.97333333333331,59.74143333333333,63.2908,97.50466666666668
2019-04-07,32.408566666666665,119.97666666666667,59.716366666666666,63.2813,97.48033333333332
2019-04-08,32.3846,119.98,59.6913,63.2718,97.456
2019-04-09,32.4125,120.01,59.7122,63.3009,97.74
2019-04-10,32.4384,120.11,59.7453,63.3294,97.771
2019-04-11,32.4455,120.07,59.7129,63.3128,97.569
2019-04-12,32.3951,119.89,59.6726,63.2736,97.232
2019-04-13,32.4047,119.86,59.67203333333334,62.98866666666667,97.231
2019-04-14,32.414300000000004,119.83,59.67146666666667,62.70373333333333,97.23
2019-04-15,32.4239,119.8,59.6709,62.4188,97.229
2019-04-16,32.4339,119.84,59.6611,62.4114,96.94
2019-04-17,32.4193,119.91,59.6664,62.41675,97.0675
2019-04-18,32.4047,119.98,59.6717,62.4221,97.195
2019-04-19,32.39302,119.982,59.66178,62.407,97.1974
2019-04-20,32.38134,119.984,59.65186,62.3919,97.1998
2019-04-21,32.36966,119.986,59.641940000000005,62.3768,97.2022
2019-04-22,32.35798,119.988,59.63202,62.3617,97.2046
2019-04-23,32.3463,119.99,59.6221,62.3466,97.207
2019-04-24,32.4373,120.17,59.6742,62.4043,97.529
2019-04-25,32.4128,120.13,59.6081,62.371,97.474
2019-04-26,32.457,120.17,59.6539,62.4001,97.736
2019-04-27,32.4644,120.16,59.66965,62.274125,97.7335
2019-04-28,32.4718,120.15,59.6854,62.14815,97.731
2019-04-29,32.479200000000006,120.14,59.70115,62.022175,97.7285
2019-04-30,32.4866,120.13,59.7169,61.8962,97.726
2019-05-01,32.51055,120.155,59.72295,61.90815,97.574
2019-05-02,32.5345,120.18,59.729,61.9201,97.422
2019-05-03,32.5494,120.24,59.7076,61.9018,97.456
2019-05-04,32.55786666666667,120.26666666666668,59.72006666666667,61.91376666666667,97.582
2019-05-05,32.56633333333333,120.29333333333332,59.73253333333333,61.92573333333333,97.708
2019-05-06,32.5748,120.32,59.745,61.9377,97.834
2019-05-07,32.5975,120.48,59.7543,61.9604,97.981
2019-05-08,32.6297,120.51,59.7634,61.9813,97.969
2019-05-09,32.6231,120.57,59.7779,61.9779,98.03
2019-05-10,32.6156,120.58,59.7622,61.979,98.041
2019-05-11,32.6332,120.6,59.77643333333334,61.99273333333333,98.16666666666669
2019-05-12,32.6508,120.62,59.79066666666667,62.00646666666667,98.29233333333332
2019-05-13,32.6684,120.64,59.8049,62.0202,98.418
2019-05-14,32.7136,120.72,59.8461,62.0829,98.358
2019-05-15,32.7249,120.84,59.8395,62.0927,98.573
2019-05-16,32.7523,120.86,59.8341,62.097,98.341
2019-05-17,32.7723,120.87,59.8914,62.129,98.372
2019-05-18,32.81876666666667,120.84666666666666,59.937266666666666,62.17473333333333,98.385
2019-05-19,32.865233333333336,120.82333333333334,59.983133333333335,62.22046666666667,98.398
2019-05-20,32.9117,120.8,60.029,62.2662,98.411
2019-05-21,32.9066,120.78,60.0244,62.2524,98.167
2019-05-22,32.9721,120.85,60.0551,62.2796,98.532
2019-05-23,33.0445,120.91,60.1619,62.3925,99.01
2019-05-24,33.076,120.94,60.282,62.4411,98.835
2019-05-25,33.118700000000004,120.9725,60.34635,62.499,98.912
2019-05-26,33.1614,121.005,60.4107,62.5569,98.989
2019-05-27,33.2041,121.0375,60.47505,62.6148,99.066
2019-05-28,33.2468,121.07,60.5394,62.6727,99.143
2019-05-29,33.3089,121.09,60.5445,62.6751,99.547
2019-05-30,33.372600000000006,121.15,60.6086,62.73605,99.7395
2019-05-31,33.4363,121.21,60.6727,62.797,99.932
2019-06-01,33.481,121.20666666666666,60.69906666666667,62.82256666666667,100.05466666666666
2019-06-02,33.5257,121.20333333333332,60.725433333333335,62.84813333333333,100.17733333333334
2019-06-03,33.5704,121.2,60.7518,62.8737,100.3
2019-06-04,33.5075,121.22,57.5846,62.8381,100.152
2019-06-05,33.60395,121.225,57.66125,62.8963,100.296
2019-06-06,33.7004,121.23,57.7379,62.9545,100.44
2019-06-07,33.6665,121.32,57.6476,62.879,100.627
2019-06-08,33.6467,121.285,57.628225,62.866275,100.51125
2019-06-09,33.6269,121.25,57.60885,62.85355,100.3955
2019-06-10,33.6071,121.215,57.58947499999999,62.840825,100.27975
2019-06-11,33.5873,121.18,57.5701,62.8281,100.164
2019-06-12,33.645,121.05,57.6168,62.859,100.359
2019-06-13,33.6465,121.07,57.664,62.854,100.535
2019-06-14,33.7664,121.16,57.7443,62.9063,100.57
2019-06-15,33.77263333333333,121.14666666666666,57.75376666666667,62.91133333333333,100.60633333333332
2019-06-16,33.778866666666666,121.13333333333334,57.76323333333333,62.91636666666667,100.64266666666668
2019-06-17,33.7851,121.12,57.7727,62.9214,100.679
2019-06-18,33.9396,121.51,57.8903,63.0455,100.806
2019-06-19,33.9436,121.31,57.8982,63.0494,100.606
2019-06-20,34.0917,121.52,57.9973,63.1226,101.331
2019-06-21,34.0152,121.38,57.9252,63.0765,100.833
2019-06-22,34.0236,121.42,57.92443333333333,63.07556666666667,100.945
2019-06-23,34.032,121.46,57.92366666666666,63.07463333333334,101.057
2019-06-24,34.0404,121.5,57.9229,63.0737,101.169
2019-06-25,34.0118,121.59,57.898,63.0563,101.15
2019-06-26,33.9648,121.56,57.8398,63.0021,100.911
2019-06-27,34.0,121.62,57.8644,63.0265,101.134
2019-06-28,34.0416,121.69,57.9194,63.047,101.167
2019-06-29,34.046600000000005,121.71,57.9162,63.057566666666666,101.07433333333331
2019-06-30,34.0516,121.73,57.913,63.06813333333333,100.98166666666668
2019-07-01,34.0566,121.75,57.9098,63.0787,100.889
2019-07-02,34.1091,121.86,57.9415,63.1042,101.246
2019-07-03,34.1406,122.13,57.9873,63.1505,101.394
2019-07-04,34.236999999999995,122.07,58.09255,63.24535,101.0735
2019-07-05,34.3334,122.01,58.1978,63.3402,100.753
2019-07-06,34.390433333333334,122.05,58.262166666666666,63.38966666666667,100.76233333333332
2019-07-07,34.447466666666664,122.09,58.32653333333334,63.43913333333333,100.77166666666668
2019-07-08,34.5045,122.13,58.3909,63.4886,100.781
2019-07-09,34.5194,121.96,58.3748,63.502,100.603
2019-07-10,34.5883,121.67,58.4522,63.5535,100.758
2019-07-11,34.6493,121.51,58.5329,63.6198,100.424
2019-07-12,34.6854,121.48,58.568,63.6522,100.475
2019-07-13,34.7097,121.54333333333334,58.60876666666667,63.6805,100.514
2019-07-14,34.734,121.60666666666668,58.64953333333333,63.7088,100.553
2019-07-15,34.7583,121.67,58.6903,63.7371,100.592
2019-07-16,34.846,121.81,58.8454,63.8473,100.377
2019-07-17,34.8139,122.02,58.8261,63.8419,100.729
2019-07-18,34.805,122.12,58.8068,63.8163,100.767
2019-07-19,34.8157,122.24,58.859,63.8288,100.92
2019-07-20,34.793033333333334,122.24666666666668,58.8353,63.8158,100.92366666666666
2019-07-21,34.77036666666667,122.25333333333332,58.8116,63.8028,100.92733333333334
2019-07-22,34.7477,122.26,58.7879,63.7898,100.931
2019-07-23,34.7112,122.31,58.7343,63.7605,100.747
2019-07-24,34.7251,122.52,58.7669,63.7651,100.895
2019-07-25,34.6382,122.43,58.619,63.6657,100.714
2019-07-26,34.6275,122.53,58.6408,63.6965,100.726
2019-07-27,34.672466666666665,122.55333333333331,58.702533333333335,63.73343333333333,100.77166666666666
2019-07-28,34.71743333333333,122.57666666666668,58.76426666666666,63.77036666666667,100.81733333333334
2019-07-29,34.7624,122.6,58.826,63.8073,100.863
2019-07-30,34.7709,122.74,58.8844,63.8325,100.679
2019-07-31,34.7996,122.83,58.9487,63.867,100.724
2019-08-01,34.8408,123.05,59.01195,63.9173,101.3215
2019-08-02,34.882,123.27,59.0752,63.9676,101.919
2019-08-03,34.86893333333333,123.32,59.05386666666667,63.9442,102.19033333333331
2019-08-04,34.855866666666664,123.37,59.03253333333333,63.9208,102.46166666666667
2019-08-05,34.8428,123.42,59.0112,63.8974,102.733
2019-08-06,34.9099,123.44,59.1043,63.9677,102.755
2019-08-07,34.9291,123.78,59.1521,64.0192,103.316
2019-08-08,34.9343,123.59,59.1981,64.0407,102.591
2019-08-09,34.8433,123.64,59.0686,63.9381,102.715
2019-08-10,34.838475,123.6825,59.052975,63.940375,102.7395
2019-08-11,34.83365,123.725,59.03735,63.94265,102.764
2019-08-12,34.828824999999995,123.7675,59.021725,63.944925,102.7885
2019-08-13,34.824,123.81,59.0061,63.9472,102.813
2019-08-14,34.6629,124.17,58.8481,63.8081,103.332
2019-08-15,34.71385,124.31,58.91805,63.87595,103.4195
2019-08-16,34.7648,124.45,58.988,63.9438,103.507
2019-08-17,34.7481,124.35,58.98266666666667,63.94423333333334,103.45333333333332
2019-08-18,34.7314,124.25,58.97733333333333,63.94466666666666,103.39966666666668
2019-08-19,34.7147,124.15,58.972,63.9451,103.346
2019-08-20,34.7351,124.3,58.9999,64.0635,103.642
2019-08-21,34.8033,123.93,59.0704,64.0889,103.505
2019-08-22,34.8486,123.64,59.1257,64.1195,103.255
2019-08-23,34.8092,123.69,59.1246,64.1358,103.778
2019-08-24,34.84923333333333,123.74666666666668,59.16773333333333,64.1712,103.74333333333334
2019-08-25,34.889266666666664,123.80333333333331,59.21086666666667,64.20660000000001,103.70866666666667
2019-08-26,34.9293,123.86,59.254,64.242,103.674
2019-08-27,34.928,124.03,59.2274,64.2288,103.974
2019-08-28,34.8823,124.22,59.1936,64.1848,104.164
2019-08-29,34.8823,124.06,59.1774,64.1541,103.634
2019-08-30,34.8423,124.09,59.1782,64.1475,103.714
2019-08-31,34.860975,124.0575,59.2122,64.17792499999999,103.84
2019-09-01,34.87965,124.025,59.2462,64.20835,103.966
2019-09-02,34.898325,123.9925,59.2802,64.238775,104.092
2019-09-03,34.917,123.96,59.3142,64.2692,104.218
2019-09-04,34.9458,123.68,59.3202,64.2837,104.191
2019-09-05,34.9167,123.37,59.2916,64.267,103.519
2019-09-06,34.8742,123.42,59.2471,64.2419,103.498
2019-09-07,34.88556666666667,123.35333333333334,59.281333333333336,64.2722,103.402
2019-09-08,34.89693333333333,123.28666666666666,59.31556666666667,64.30250000000001,103.306
2019-09-09,34.9083,123.22,59.3498,64.3328,103.21
2019-09-10,34.867549999999994,123.045,59.26115,64.2916,102.847
2019-09-11,34.8268,122.87,59.1725,64.2504,102.484
2019-09-12,34.8175,122.55,59.1442,64.2695,102.155
2019-09-13,34.8033,122.03,59.1801,64.3381,101.596
2019-09-14,34.78123333333333,122.10333333333334,59.1501,64.32466666666666,101.68033333333334
2019-09-15,34.759166666666665,122.17666666666666,59.1201,64.31123333333333,101.76466666666668
2019-09-16,34.7371,122.25,59.0901,64.2978,101.849
2019-09-17,34.733,122.39,59.0497,64.2664,101.963
2019-09-18,34.8478,122.61,59.2491,64.4183,102.327
2019-09-19,34.8589,122.37,59.2303,64.4124,102.17
2019-09-20,34.5572,122.47,58.8654,64.1333,102.276
2019-09-21,34.56816666666667,122.59,58.89626666666667,64.16103333333334,102.40933333333334
2019-09-22,34.57913333333333,122.71,58.92713333333333,64.18876666666667,102.54266666666666
2019-09-23,34.5901,122.83,58.958,64.2165,102.676
2019-09-24,34.5738,122.83,58.8917,64.1968,102.992
2019-09-25,34.5902,122.82,58.8915,64.225,102.546
2019-09-26,34.6612,122.71,58.9827,64.2612,102.745
2019-09-27,34.6452,122.67,58.9715,64.2784,102.743
2019-09-28,34.66876666666667,122.65333333333334,59.0116,64.30803333333334,102.74833333333332
2019-09-29,34.69233333333333,122.63666666666668,59.0517,64.33766666666666,102.75366666666666
2019-09-30,34.7159,122.62,59.0918,64.3673,102.759
2019-10-01,34.8504,122.48,59.1779,64.4654,103.056
2019-10-02,34.917,122.615,59.2268,64.52925,103.45
2019-10-03,34.9836,122.75,59.2757,64.5931,103.844
2019-10-04,34.9657,122.84,59.2197,64.5021,103.913
2019-10-05,34.96973333333333,122.83333333333331,59.23493333333334,64.51403333333333,103.83833333333332
2019-10-06,34.97376666666667,122.82666666666668,59.250166666666665,64.52596666666666,103.76366666666668
2019-10-07,34.9778,122.82,59.2654,64.5379,103.689
2019-10-08,34.971050000000005,122.72,59.2885,64.5474,103.643
2019-10-09,34.9643,122.62,59.3116,64.5569,103.597
2019-10-10,34.91,122.28,59.2759,64.5664,103.095
2019-10-11,34.8606,121.93,59.2302,64.5433,102.503
2019-10-12,34.86735,121.8925,59.260175,64.562775,102.46875
2019-10-13,34.8741,121.855,59.29015,64.58225,102.4345
2019-10-14,34.880849999999995,121.8175,59.320125,64.601725,102.40025
2019-10-15,34.8876,121.78,59.3501,64.6212,102.366
2019-10-16,34.9317,121.62,59.3802,64.6828,102.575
2019-10-17,34.9059,121.61,59.324,64.701,102.575
2019-10-18,34.9156,121.62,59.3593,64.7374,102.634
2019-10-19,34.916775,121.605,59.37195,64.74952499999999,102.535
2019-10-20,34.91795,121.59,59.3846,64.76165,102.436
2019-10-21,34.919124999999994,121.575,59.39725,64.773775,102.337
2019-10-22,34.9203,121.56,59.4099,64.7859,102.238
2019-10-23,34.9522,121.67,59.4963,64.8564,102.456
2019-10-24,34.956,121.66,59.5102,64.8867,102.464
2019-10-25,34.9449,121.55,59.5357,64.9223,102.099
2019-10-26,34.94435,121.49,59.5454,64.93667500000001,102.06925
2019-10-27,34.9438,121.43,59.5551,64.95105000000001,102.0395
2019-10-28,34.94325,121.37,59.5648,64.965425,102.00975
2019-10-29,34.9427,121.31,59.5745,64.9798,101.98
2019-10-30,34.9777,121.32,59.6355,65.0177,102.148
2019-10-31,35.0253,121.58,59.7206,65.1271,102.855
2019-11-01,35.0074,121.51,59.7694,65.1991,102.586
2019-11-02,35.013733333333334,121.47,59.763666666666666,65.19843333333334,102.487
2019-11-03,35.020066666666665,121.43,59.75793333333333,65.19776666666667,102.388
2019-11-04,35.0264,121.39,59.7522,65.1971,102.289
2019-11-05,34.9944,121.21,59.7013,65.1686,101.836
2019-11-06,35.026,121.24,59.7394,65.1897,102.061
2019-11-07,35.0176,121.05,59.7319,65.2047,101.314
2019-11-08,34.9542,121.03,59.6749,65.1813,101.377
2019-11-09,34.961240000000004,121.108,59.69366,65.1939,101.4444
2019-11-10,34.96828,121.186,59.71242,65.20649999999999,101.5118
2019-11-11,34.97532,121.264,59.73118,65.2191,101.5792
2019-11-12,34.98236,121.342,59.74994,65.23169999999999,101.6466
2019-11-13,34.9894,121.42,59.7687,65.2443,101.714
2019-11-14,35.0201,121.54,59.8204,65.266,102.132
2019-11-15,34.9959,121.58,59.8897,65.3197,102.004
2019-11-16,35.0111,121.59666666666666,59.9026,65.34393333333333,102.028
2019-11-17,35.0263,121.61333333333332,59.9155,65.36816666666667,102.052
2019-11-18,35.0415,121.63,59.9284,65.3924,102.076
2019-11-19,35.0748,121.71,59.9759,65.4245,102.185
2019-11-20,35.124,121.89,60.0195,65.4892,102.465
2019-11-21,35.1065,121.76,59.9981,65.5003,102.163
2019-11-22,35.1175,121.9,60.0302,65.5451,102.178
2019-11-23,35.1276,121.93,60.054966666666665,65.57483333333333,102.204
2019-11-24,35.137699999999995,121.96,60.07973333333334,65.60456666666667,102.23
2019-11-25,35.1478,121.99,60.1045,65.6343,102.256
2019-11-26,35.149,122.07,60.1209,65.6411,102.344
2019-11-27,35.1488,122.18,60.1249,65.6597,102.156
2019-11-28,35.164500000000004,122.185,60.15205,65.71885,102.144
2019-11-29,35.1802,122.19,60.1792,65.778,102.132
2019-11-30,35.1821,122.12,60.18293333333333,65.7817,102.036
2019-12-01,35.184,122.05,60.18666666666667,65.78540000000001,101.94
2019-12-02,35.1859,121.98,60.1904,65.7891,101.844
2019-12-03,35.211,122.21,60.203,65.8111,102.672
2019-12-04,35.2296,122.23,60.2601,65.8598,102.259
2019-12-05,35.0492,122.05,59.9351,65.5821,102.149
2019-12-06,34.959,121.99,59.8515,65.5036,101.847
2019-12-07,34.969633333333334,122.01666666666668,59.8505,65.50533333333334,101.87233333333332
2019-12-08,34.98026666666667,122.04333333333332,59.8495,65.50706666666666,101.89766666666668
2019-12-09,34.9909,122.07,59.8485,65.5088,101.923
2019-12-10,34.9565,121.97,59.7914,65.4546,101.803
2019-12-11,34.9153,122.01,59.7082,65.3814,102.059
2019-12-12,34.876,121.88,59.7024,65.3709,101.523
2019-12-13,34.7722,121.89,59.657,65.3343,101.948
2019-12-14,34.783166666666666,121.91,59.66656666666666,65.34546666666667,101.81933333333332
2019-12-15,34.794133333333335,121.93,59.67613333333333,65.35663333333333,101.69066666666666
2019-12-16,34.8051,121.95,59.6857,65.3678,101.562
2019-12-17,34.8877,121.95,59.7545,65.45,101.571
2019-12-18,34.9502,121.85,59.8286,65.5328,101.348
2019-12-19,34.9621,121.72,59.8308,65.5447,101.464
2019-12-20,35.3321,121.73,60.0286,65.773,101.438
2019-12-21,35.349333333333334,121.71333333333334,60.0476,65.78776666666667,101.39733333333334
2019-12-22,35.366566666666664,121.69666666666669,60.0666,65.80253333333333,101.35666666666668
2019-12-23,35.3838,121.68,60.0856,65.8173,101.316
2019-12-24,35.399225,121.685,60.093125,65.836725,101.41125
2019-12-25,35.41465,121.69,60.10065,65.85615,101.5065
2019-12-26,35.430075,121.695,60.108175,65.875575,101.60175
2019-12-27,35.4455,121.7,60.1157,65.895,101.697
2019-12-28,35.4469,121.65333333333334,60.12383333333333,65.89896666666667,101.64333333333332
2019-12-29,35.4483,121.60666666666668,60.13196666666666,65.90293333333332,101.58966666666667
2019-12-30,35.4497,121.56,60.1401,65.9069,101.536
2019-12-31,35.476375,121.645,60.167675,65.93815,101.6875
2020-01-01,35.50305,121.73,60.19525,65.9694,101.839
2020-01-02,35.529725,121.815,60.222825,66.00065,101.9905
2020-01-03,35.5564,121.9,60.2504,66.0319,102.142
2020-01-04,35.53223333333333,121.95666666666666,60.2386,66.00739999999999,102.14233333333333
2020-01-05,35.508066666666664,122.01333333333334,60.2268,65.9829,102.14266666666668
2020-01-06,35.4839,122.07,60.215,65.9584,102.143
2020-01-07,35.4942,122.08,60.2406,65.9896,102.096
2020-01-08,35.4962,122.05,60.2534,66.0133,101.905
2020-01-09,35.5236,121.85,60.2912,66.078,101.829
2020-01-10,35.4445,121.86,60.2735,65.9755,101.975
2020-01-11,35.43736666666666,121.83666666666667,60.280566666666665,65.97983333333333,101.946
2020-01-12,35.430233333333334,121.81333333333332,60.28763333333333,65.98416666666667,101.917
2020-01-13,35.4231,121.79,60.2947,65.9885,101.888
2020-01-14,35.337,121.83,60.2173,65.9007,102.041
2020-01-15,35.3815,122.05,60.2623,65.9533,102.164
2020-01-16,35.4235,122.2,60.3259,65.9857,101.994
2020-01-17,35.4519,122.23,60.352,66.0307,101.978
2020-01-18,35.4669,122.2925,60.366475,66.050675,102.05725
2020-01-19,35.4819,122.355,60.38095,66.07065,102.1365
2020-01-20,35.4969,122.4175,60.395425,66.090625,102.21575
2020-01-21,35.5119,122.48,60.4099,66.1106,102.295
2020-01-22,35.5201,122.55,60.4756,66.1441,102.307
2020-01-23,35.5637,122.71,60.5357,66.2097,102.416
2020-01-24,35.5926,122.75,60.5663,66.243,102.688
2020-01-25,35.607366666666664,122.86,60.58773333333333,66.2657,102.833
2020-01-26,35.62213333333333,122.97,60.60916666666667,66.2884,102.978
2020-01-27,35.6369,123.08,60.6306,66.3111,103.123
2020-01-28,35.6299,122.91,60.6426,66.2856,102.871
2020-01-29,35.6212,122.93,60.6066,66.2894,103.192
2020-01-30,35.6337,123.0,60.6026,66.2911,103.351
2020-01-31,35.6101,123.09,60.6076,66.2629,103.734
2020-02-01,35.6774,123.06,60.67023333333333,66.33216666666667,103.684
2020-02-02,35.7447,123.03,60.732866666666666,66.40143333333333,103.634
2020-02-03,35.812,123.0,60.7955,66.4707,103.584
2020-02-04,35.8614,122.9,60.8436,66.521,103.187
2020-02-05,35.8548,122.73,60.881,66.5245,102.941
2020-02-06,35.9767,122.64,61.1131,66.7582,102.935
2020-02-07,36.055,122.79,61.3681,66.893,103.337
2020-02-08,36.0603,122.82333333333334,61.38926666666666,66.90436666666666,103.40333333333334
2020-02-09,36.0656,122.85666666666668,61.41043333333334,66.91573333333334,103.46966666666668
2020-02-10,36.0709,122.89,61.4316,66.9271,103.536
2020-02-11,36.0872,122.89,61.4545,66.9348,103.259
2020-02-12,36.0961,122.88,61.4191,66.9597,103.006
2020-02-13,36.1458,122.98,61.4847,67.0593,103.058
2020-02-14,36.2309,122.99,61.5489,67.1382,103.23
2020-02-15,36.2492,123.035,61.560950000000005,67.146375,103.2685
2020-02-16,36.2675,123.08,61.573,67.15455,103.307
2020-02-17,36.2858,123.125,61.58505,67.162725,103.3455
2020-02-18,36.3041,123.17,61.5971,67.1709,103.384
2020-02-19,36.30815,123.26,61.59605,67.16625,103.4625
2020-02-20,36.3122,123.35,61.595,67.1616,103.541
2020-02-21,36.3288,123.405,61.622825,67.18275,103.77
2020-02-22,36.3454,123.46,61.65065,67.2039,103.999
2020-02-23,36.362,123.515,61.678475,67.22505000000001,104.228
2020-02-24,36.3786,123.57,61.7063,67.2462,104.457
2020-02-25,36.3806,123.62,61.7126,67.2381,104.749
2020-02-26,36.4093,123.53,61.7521,67.3269,104.836
2020-02-27,36.3917,123.61,61.7402,67.3197,105.0
2020-02-28,36.3975,123.63,61.7251,67.2453,105.865
2020-02-29,36.41706666666667,123.65666666666668,61.7307,67.2691,106.00733333333334
2020-03-01,36.43663333333333,123.68333333333332,61.7363,67.2929,106.14966666666666
2020-03-02,36.4562,123.71,61.7419,67.3167,106.292
2020-03-03,36.4519,123.42,61.6968,67.3237,106.867
2020-03-04,36.6394,123.42,61.941,67.4798,107.114
2020-03-05,36.6598,123.37,61.9111,67.4902,107.468
2020-03-06,36.7823,123.21,62.0122,67.5497,108.193
2020-03-07,36.83866666666667,122.46333333333332,61.8961,67.47876666666667,108.315
2020-03-08,36.89503333333333,121.71666666666668,61.78,67.40783333333333,108.437
2020-03-09,36.9514,120.97,61.6639,67.3369,108.559
2020-03-10,36.8948,121.235,61.6157,67.3049,108.134
2020-03-11,36.8382,121.5,61.5675,67.2729,107.709
2020-03-12,36.6808,120.11,61.1972,66.9648,107.907
2020-03-13,36.4769,119.07,60.7784,66.6728,106.964
2020-03-14,36.52396666666667,118.5,60.80993333333333,66.6766,107.31333333333332
2020-03-15,36.57103333333333,117.93,60.84146666666666,66.6804,107.66266666666668
2020-03-16,36.6181,117.36,60.873,66.6842,108.012
2020-03-17,36.5604,117.17,60.7372,66.4756,107.412
2020-03-18,36.5271,116.02,60.4866,66.3009,106.283
2020-03-19,36.5037,115.98,60.34985,66.24119999999999,106.669
2020-03-20,36.4803,115.94,60.2131,66.1815,107.055
2020-03-21,36.388333333333335,115.81,60.1066,66.1043,107.36066666666667
2020-03-22,36.29636666666666,115.68,60.0001,66.0271,107.66633333333333
2020-03-23,36.2044,115.55,59.8936,65.9499,107.972
2020-03-24,36.3053,115.41,59.8329,65.9169,107.305
2020-03-25,36.364050000000006,115.655,59.9138,65.8699,107.346
2020-03-26,36.4228,115.9,59.9947,65.8229,107.387
2020-03-27,36.7718,116.36,61.5598,66.9954,107.684
2020-03-28,36.6901,116.45666666666666,61.56746666666667,66.98463333333333,107.845
2020-03-29,36.6084,116.55333333333334,61.57513333333333,66.97386666666667,108.006
2020-03-30,36.5267,116.65,61.5828,66.9631,108.167
2020-03-31,36.7195,116.92,61.7108,67.1899,107.923
2020-04-01,36.6474,116.94,61.6636,67.18066666666667,107.97766666666666
2020-04-02,36.5753,116.96,61.6164,67.17143333333333,108.03233333333334
2020-04-03,36.5032,116.98,61.5692,67.1622,108.087
2020-04-04,36.40285,116.95,61.50225,67.113675,107.872
2020-04-05,36.3025,116.92,61.4353,67.06515,107.657
2020-04-06,36.20215,116.89,61.36835,67.016625,107.442
2020-04-07,36.1018,116.86,61.3014,66.9681,107.227
2020-04-08,36.108,116.89,60.6933,66.7256,107.532
2020-04-09,36.032,117.13,60.6591,66.7366,107.737
2020-04-10,36.07441666666666,117.21833333333332,60.6895,66.74021666666667,107.80983333333332
2020-04-11,36.11683333333333,117.30666666666666,60.7199,66.74383333333333,107.88266666666668
2020-04-12,36.15925,117.395,60.7503,66.74745,107.9555
2020-04-13,36.20166666666666,117.48333333333332,60.7807,66.75106666666667,108.02833333333334
2020-04-14,36.24408333333333,117.57166666666666,60.8111,66.75468333333333,108.10116666666669
2020-04-15,36.2865,117.66,60.8415,66.7583,108.174
2020-04-16,36.416,117.82,61.1793,66.8067,108.39
2020-04-17,36.5912,118.03,61.5317,67.0784,108.379
2020-04-18,36.7107,118.04666666666668,61.60913333333333,67.1858,108.328
2020-04-19,36.8302,118.06333333333332,61.68656666666667,67.2932,108.277
2020-04-20,36.9497,118.08,61.764,67.4006,108.226
2020-04-21,37.0452,118.13,61.955,67.5126,108.611
2020-04-22,37.051,118.01,62.0414,67.5657,108.352
2020-04-23,37.3315,118.14,62.2235,67.8129,108.353
2020-04-24,37.2472,118.34,61.759,67.3565,108.487
2020-04-25,37.258766666666666,118.42666666666666,61.7046,67.31056666666666,108.43266666666666
2020-04-26,37.27033333333333,118.51333333333334,61.6502,67.26463333333334,108.37833333333332
2020-04-27,37.2819,118.6,61.5958,67.2187,108.324
2020-04-28,37.3333,118.68,61.415,66.8634,108.49
2020-04-29,37.3522,118.84,61.4387,66.8553,108.659
2020-04-30,37.318,119.02,61.6611,66.9669,108.663
2020-05-01,37.34255,119.0175,61.71415,67.099825,108.6445
2020-05-02,37.3671,119.015,61.7672,67.23275,108.626
2020-05-03,37.39165,119.0125,61.82025,67.365675,108.6075
2020-05-04,37.4162,119.01,61.8733,67.4986,108.589
2020-05-05,37.5223,119.08,62.0245,67.6609,108.493
2020-05-06,37.6501,119.03,62.1493,67.7949,108.427
2020-05-07,37.7017,119.125,62.23565,67.8702,108.721
2020-05-08,37.7533,119.22,62.322,67.9455,109.015
2020-05-09,37.70173333333334,119.20333333333332,62.26563333333333,67.8674,108.90733333333333
2020-05-10,37.65016666666666,119.18666666666668,62.20926666666667,67.7893,108.79966666666668
2020-05-11,37.5986,119.17,62.1529,67.7112,108.692
2020-05-12,37.5593,119.27,62.2862,67.7924,108.716
2020-05-13,37.6586,119.42,62.3356,67.8487,108.878
2020-05-14,37.7396,119.35,62.592,67.9417,108.909
2020-05-15,37.6936,119.35,62.6507,67.976,108.857
2020-05-16,37.70953333333333,119.36666666666666,62.70226666666667,68.00413333333333,108.68933333333334
2020-05-17,37.72546666666667,119.38333333333334,62.75383333333333,68.03226666666667,108.52166666666666
2020-05-18,37.7414,119.4,62.8054,68.0604,108.354
2020-05-19,37.7827,119.32,62.8828,68.1554,108.468
2020-05-20,37.8161,119.38,62.9078,68.2,108.595
2020-05-21,37.9192,119.4,63.0931,68.3366,108.612
2020-05-22,38.0223,119.42,63.2784,68.4732,108.629
2020-05-23,38.03715,119.4,63.301675,68.48887500000001,108.58975
2020-05-24,38.052,119.38,63.32495,68.50455,108.5505
2020-05-25,38.06685,119.36,63.348225,68.520225,108.51125
2020-05-26,38.0817,119.34,63.3715,68.5359,108.472
2020-05-27,38.1167,119.32,63.3698,68.5251,108.604
2020-05-28,38.1317,119.4,63.3498,68.5472,108.529
2020-05-29,38.1297,119.56,63.3396,68.5232,108.724
2020-05-30,38.113175,119.535,63.3395,68.509525,108.7025
2020-05-31,38.09665,119.51,63.3394,68.49585,108.681
2020-06-01,38.080125,119.485,63.3393,68.48217500000001,108.6595
2020-06-02,38.0636,119.46,63.3392,68.4685,108.638
2020-06-03,38.095,119.49,63.3842,68.4932,108.291
2020-06-04,38.1003,119.46,63.2994,68.484,108.162
2020-06-05,38.0504,119.46,63.4071,68.497,107.703
2020-06-06,38.06536666666667,119.52333333333333,63.4277,68.51333333333334,107.76466666666668
2020-06-07,38.080333333333336,119.58666666666667,63.4483,68.52966666666667,107.82633333333334
2020-06-08,38.0953,119.65,63.4689,68.546,107.888
2020-06-09,38.1405,119.74,63.4687,68.5938,108.055
2020-06-10,38.1588,119.69,63.5463,68.5509,108.381
2020-06-11,38.185,119.98,63.6093,68.5688,108.753
2020-06-12,38.1629,120.03,63.6022,68.5523,108.624
2020-06-13,38.173,120.04,63.620466666666665,68.5709,108.604
2020-06-14,38.1831,120.05,63.63873333333333,68.5895,108.584
2020-06-15,38.1932,120.06,63.657,68.6081,108.564
2020-06-16,38.1863,120.01,63.6822,68.5794,108.477
2020-06-17,38.1885,120.11,63.7153,68.646,108.56
2020-06-18,38.2166,120.16,63.8001,68.7564,108.607
2020-06-19,38.2628,120.1,63.9075,68.9847,108.633
2020-06-20,38.26723333333333,120.10666666666668,63.9094,69.0081,108.594
2020-06-21,38.27166666666667,120.11333333333332,63.9113,69.03150000000001,108.555
2020-06-22,38.2761,120.12,63.9132,69.0549,108.516
2020-06-23,38.2566,119.98,63.9574,69.0632,108.649
2020-06-24,38.2675,119.95,63.9962,69.0817,108.694
2020-06-25,38.2874,120.02,64.0599,69.1587,108.715
2020-06-26,38.2868,120.02,64.1554,69.1809,108.875
2020-06-27,38.30416666666667,120.03,64.16896666666666,69.20133333333332,108.90066666666668
2020-06-28,38.321533333333335,120.04,64.18253333333334,69.22176666666667,108.92633333333332
2020-06-29,38.3389,120.05,64.1961,69.2422,108.952
2020-06-30,38.3944,120.13,64.2132,69.3081,108.932
2020-07-01,38.4741,119.93,64.2572,69.4029,108.774
2020-07-02,38.4862,120.04,64.3503,69.4388,108.92
2020-07-03,38.496525,120.0375,64.325225,69.46805,108.89175
2020-07-04,38.50685,120.035,64.30015,69.4973,108.8635
2020-07-05,38.517175,120.0325,64.275075,69.52655,108.83525
2020-07-06,38.5275,120.03,64.25,69.5558,108.807
2020-07-07,38.6259,120.01,64.4128,69.6994,108.919
2020-07-08,38.67,120.09,64.523,69.7608,109.06
2020-07-09,38.7018,120.18,64.5543,69.8148,109.202
2020-07-10,38.7907,120.3,64.6142,70.1182,109.087
2020-07-11,38.80373333333333,120.23,64.63316666666667,70.11880000000001,109.07033333333334
2020-07-12,38.816766666666666,120.16,64.65213333333332,70.1194,109.05366666666669
2020-07-13,38.8298,120.09,64.6711,70.12,109.037
2020-07-14,38.8072,120.16,64.6814,70.0684,109.173
2020-07-15,38.8093,120.18,64.7285,70.1171,109.09
2020-07-16,38.8415,120.31,64.7389,70.2088,109.148
2020-07-17,38.8505,120.24,64.7066,70.2248,109.109
2020-07-18,38.85,120.23333333333332,64.71929999999999,70.23626666666667,109.10133333333332
2020-07-19,38.8495,120.22666666666666,64.732,70.24773333333334,109.09366666666666
2020-07-20,38.849,120.22,64.7447,70.2592,109.086
2020-07-21,38.8494,120.26,64.7202,70.2036,109.172
2020-07-22,38.8416,120.46,64.6738,70.201,109.183
2020-07-23,38.8507,120.5,64.6762,70.2361,109.168
2020-07-24,38.8599,120.38,64.6588,70.2176,109.16
2020-07-25,38.84973333333333,120.43333333333334,64.65463333333334,70.20816666666667,109.14466666666668
2020-07-26,38.83956666666667,120.48666666666666,64.65046666666666,70.19873333333334,109.12933333333334
2020-07-27,38.8294,120.54,64.6463,70.1893,109.114
2020-07-28,38.8083,120.64,64.6045,70.1599,109.169
2020-07-29,38.8245,120.62,64.607,70.1626,109.262
2020-07-30,38.8016,120.71,64.6801,70.185,109.376
2020-07-31,38.8149,120.69,64.7816,70.1928,109.45
2020-08-01,38.81966666666667,120.67666666666666,64.79273333333333,70.20226666666667,109.43
2020-08-02,38.82443333333333,120.66333333333334,64.80386666666666,70.21173333333333,109.41
2020-08-03,38.8292,120.65,64.815,70.2212,109.39
2020-08-04,38.8428,120.63,64.8497,70.2474,109.544
2020-08-05,38.863,120.54,64.8623,70.2533,109.403
2020-08-06,38.8289,120.65,64.7614,70.2127,109.426
2020-08-07,38.7768,120.62,64.7341,70.2044,109.311
2020-08-08,38.7582,120.66,64.7216,70.2236,109.31433333333334
2020-08-09,38.7396,120.7,64.7091,70.2428,109.31766666666668
2020-08-10,38.721,120.74,64.6966,70.262,109.321
2020-08-11,38.714,120.61,64.6454,70.2767,108.992
2020-08-12,38.7223,120.51,64.5737,70.2698,108.964
2020-08-13,38.7213,120.4,64.6439,70.309,108.876
2020-08-14,38.6434,120.39,64.6426,70.2621,108.975
2020-08-15,38.63353333333333,120.41333333333333,64.64976666666666,70.26753333333333,108.994
2020-08-16,38.623666666666665,120.43666666666668,64.65693333333334,70.27296666666668,109.013
2020-08-17,38.6138,120.46,64.6641,70.2784,109.032
2020-08-18,38.5807,120.5,64.5926,70.2525,109.065
2020-08-19,38.6228,120.61,64.5214,70.2412,109.075
2020-08-20,38.6118,120.64,64.5673,70.2553,109.138
2020-08-21,38.2824,120.73,64.3982,69.995,109.123
2020-08-22,38.2389,120.72333333333331,64.34966666666666,69.9443,109.10766666666667
2020-08-23,38.1954,120.71666666666668,64.30113333333334,69.8936,109.09233333333331
2020-08-24,38.1519,120.71,64.2526,69.8429,109.077
2020-08-25,38.1667,120.5,64.2416,69.9079,108.996
2020-08-26,38.0985,120.52,64.2682,69.85,108.936
2020-08-27,38.0728,120.47,64.2629,69.8315,108.863
2020-08-28,38.0552,120.49,64.223,69.8059,108.99
2020-08-29,38.07256666666667,120.49333333333333,64.33239999999999,69.86903333333333,109.03833333333333
2020-08-30,38.089933333333335,120.49666666666668,64.4418,69.93216666666666,109.08666666666667
2020-08-31,38.1073,120.5,64.5512,69.9953,109.135
2020-09-01,38.551,120.55,64.8048,70.3558,109.124
2020-09-02,38.6393,120.76,64.8713,70.3331,109.159
2020-09-03,38.653,120.91,65.04,70.4986,109.251
2020-09-04,38.5646,120.89,64.9535,70.4853,108.949
2020-09-05,38.505825,120.9,64.8914,70.41199999999999,108.97225
2020-09-06,38.44705,120.91,64.8293,70.33869999999999,108.9955
2020-09-07,38.388275,120.92,64.7672,70.2654,109.01875
2020-09-08,38.3295,120.93,64.7051,70.1921,109.042
2020-09-09,38.3554,120.83,64.7522,70.2876,108.994
2020-09-10,38.2859,120.77,64.7601,70.2658,109.028
2020-09-11,38.2751,120.93,64.7091,70.236,109.088
2020-09-12,38.28596666666667,120.94333333333334,64.71953333333333,70.24353333333333,109.095
2020-09-13,38.29683333333333,120.95666666666666,64.72996666666667,70.25106666666667,109.102
2020-09-14,38.3077,120.97,64.7404,70.2586,109.109
2020-09-15,38.3226,120.98,64.7253,70.2833,109.018
2020-09-16,38.3833,121.0,64.7341,70.3127,109.003
2020-09-17,38.3305,121.03,64.7649,70.2816,109.0
2020-09-18,38.3056,121.04,64.7771,70.3575,108.946
2020-09-19,38.315133333333335,121.08666666666667,64.77893333333334,70.3692,108.979
2020-09-20,38.324666666666666,121.13333333333334,64.78076666666666,70.3809,109.012
2020-09-21,38.3342,121.18,64.7826,70.3926,109.045
2020-09-22,38.3695,121.14,64.7679,70.4087,108.999
2020-09-23,38.3956,121.15,64.7392,70.4389,108.939
2020-09-24,38.3938,121.13,64.7104,70.4224,108.988
2020-09-25,38.3295,121.1,64.6799,70.4138,108.987
2020-09-26,38.32306666666667,121.11,64.6883,70.40676666666667,109.00233333333333
2020-09-27,38.316633333333336,121.12,64.6967,70.39973333333333,109.01766666666668
2020-09-28,38.3102,121.13,64.7051,70.3927,109.033
2020-09-29,38.2856,121.15,64.6976,70.4083,109.046
2020-09-30,38.341,121.14,64.6917,70.4827,108.894
2020-10-01,38.3765,121.11,64.7725,70.5651,108.934
2020-10-02,38.37865,121.1075,64.7756,70.58535,108.865
2020-10-03,38.3808,121.105,64.77869999999999,70.60560000000001,108.796
2020-10-04,38.38295,121.1025,64.78179999999999,70.62585,108.727
2020-10-05,38.3851,121.1,64.7849,70.6461,108.658
2020-10-06,38.3724,121.09,64.8001,70.6285,108.597
2020-10-07,38.4022,121.09,64.7927,70.6599,108.518
2020-10-08,38.4079,121.13,64.831,70.7102,108.563
2020-10-09,38.5966,121.21,65.2305,70.9743,108.55
2020-10-10,38.612825,121.2225,65.24077500000001,71.005425,108.59525
2020-10-11,38.62905,121.235,65.25105,71.03655,108.6405
2020-10-12,38.645275,121.2475,65.261325,71.067675,108.68575
2020-10-13,38.6615,121.26,65.2716,71.0988,108.731
2020-10-14,38.6761,121.28,65.3267,71.1196,108.735
2020-10-15,38.6813,121.33,65.3492,71.1539,108.689
2020-10-16,38.6043,121.33,65.3833,71.1193,108.644
2020-10-17,38.62303333333333,121.31333333333332,65.39953333333334,71.14213333333333,108.61433333333332
2020-10-18,38.64176666666667,121.29666666666668,65.41576666666667,71.16496666666666,108.58466666666668
2020-10-19,38.6605,121.28,65.432,71.1878,108.555
2020-10-20,38.6829,121.27,65.4048,71.2158,108.503
2020-10-21,38.7016,121.25,65.4555,71.2317,108.469
2020-10-22,38.7064,121.25,65.4435,71.2159,108.33
2020-10-23,38.8047,121.19,65.5369,71.273,108.346
2020-10-24,38.861066666666666,121.2,65.59023333333333,71.29723333333332,108.38133333333332
2020-10-25,38.91743333333333,121.21,65.64356666666667,71.32146666666667,108.41666666666669
2020-10-26,38.9738,121.22,65.6969,71.3457,108.452
2020-10-27,38.9603,121.28,65.6657,71.3123,108.542
2020-10-28,38.9101,121.29,65.6827,71.3185,108.526
2020-10-29,38.9351,121.31,65.6211,71.2909,108.347
2020-10-30,38.928075,121.2875,65.62895,71.298475,108.34275
2020-10-31,38.92105,121.265,65.6368,71.30605,108.3385
2020-11-01,38.914025,121.2425,65.64465,71.313625,108.33425
2020-11-02,38.907,121.22,65.6525,71.3212,108.33
2020-11-03,38.8713,121.15,65.6737,71.2904,108.224
2020-11-04,38.8872,121.22,65.6036,71.3012,108.607
2020-11-05,38.9478,121.26,65.6732,71.3975,108.579
2020-11-06,38.9883,121.24,65.707,71.4581,108.424
2020-11-07,38.9849,121.17666666666666,65.7055,71.46316666666667,108.28566666666669
2020-11-08,38.9815,121.11333333333332,65.704,71.46823333333333,108.14733333333334
2020-11-09,38.9781,121.05,65.7025,71.4733,108.009
2020-11-10,38.9266,120.98,65.7063,71.4599,107.945
2020-11-11,38.95245,121.055,65.69635,71.48564999999999,108.0565
2020-11-12,38.9783,121.13,65.6864,71.5114,108.168
2020-11-13,39.013,121.26,65.6636,71.5731,108.195
2020-11-14,39.02645,121.2725,65.692025,71.584775,108.2155
2020-11-15,39.0399,121.285,65.72045,71.59645,108.236
2020-11-16,39.05335,121.2975,65.748875,71.608125,108.2565
2020-11-17,39.0668,121.31,65.7773,71.6198,108.277
2020-11-18,39.0956,121.32,65.7655,71.6336,108.216
2020-11-19,39.1143,121.36,65.7564,71.6693,108.336
2020-11-20,39.1645,121.4,65.8336,71.7009,108.319
2020-11-21,39.16733333333333,121.41666666666669,65.84243333333333,71.7105,108.29366666666668
2020-11-22,39.17016666666667,121.43333333333334,65.85126666666667,71.7201,108.26833333333332
2020-11-23,39.173,121.45,65.8601,71.7297,108.243
2020-11-24,39.2018,121.44,65.8655,71.7729,108.273
2020-11-25,39.2393,121.46,65.9198,71.8041,108.315
2020-11-26,39.26825,121.505,65.96504999999999,71.8084,108.3345
2020-11-27,39.2972,121.55,66.0103,71.8127,108.354
2020-11-28,39.299975,121.575,66.00055,71.80735000000001,108.296
2020-11-29,39.30275,121.6,65.99080000000001,71.802,108.238
2020-11-30,39.305525,121.625,65.98105,71.79665,108.18
2020-12-01,39.3083,121.65,65.9713,71.7913,108.122
2020-12-02,39.3032,121.71,65.9713,71.7962,108.082
2020-12-03,39.2858,121.77,66.0306,71.8019,108.218
2020-12-04,39.3783,121.82,66.0783,71.8747,108.121
2020-12-05,39.37686666666667,121.86,66.07936666666667,71.88693333333333,108.177
2020-12-06,39.37543333333333,121.9,66.08043333333333,71.89916666666667,108.233
2020-12-07,39.374,121.94,66.0815,71.9114,108.289
2020-12-08,39.366,121.99,66.0732,71.9039,108.331
2020-12-09,39.3658,122.01,66.0832,71.9627,108.213
2020-12-10,39.3904,122.06,66.1168,72.0131,108.277
2020-12-11,39.3603,122.15,66.0509,71.9674,108.42
2020-12-12,39.36756666666667,122.15666666666668,66.06366666666666,71.98186666666666,108.426
2020-12-13,39.374833333333335,122.16333333333334,66.07643333333334,71.99633333333334,108.432
2020-12-14,39.3821,122.17,66.0892,72.0108,108.438
2020-12-15,39.4106,122.21,66.14,72.0238,108.352
2020-12-16,39.4195,122.11,66.1646,72.0445,108.283
2020-12-17,39.408,122.15,66.2091,72.0453,108.309
2020-12-18,39.4197,122.16,66.1812,72.0563,108.284
2020-12-19,39.42483333333333,122.15333333333334,66.1699,72.06096666666666,108.29333333333334
2020-12-20,39.429966666666665,122.14666666666666,66.1586,72.06563333333334,108.30266666666668
2020-12-21,39.4351,122.14,66.1473,72.0703,108.312
2020-12-22,39.4306,122.12,66.189,72.095,108.346
2020-12-23,39.4379,122.02,66.1869,72.1117,108.237
2020-12-24,39.44604,122.028,66.22583999999999,72.1285,108.2352
2020-12-25,39.45418,122.036,66.26478,72.1453,108.2334
2020-12-26,39.46232,122.044,66.30372,72.1621,108.2316
2020-12-27,39.47046,122.052,66.34266000000001,72.1789,108.2298
2020-12-28,39.4786,122.06,66.3816,72.1957,108.228
2020-12-29,39.4885,122.1,66.3204,72.2652,108.324
2020-12-30,39.515,122.14,66.3789,72.309,108.336
2020-12-31,39.5304,122.162,66.38188,72.34326,108.3568
2021-01-01,39.5458,122.184,66.38486,72.37752,108.3776
2021-01-02,39.5612,122.206,66.38784,72.41178,108.3984
2021-01-03,39.5766,122.228,66.39082,72.44604,108.4192
2021-01-04,39.592,122.25,66.3938,72.4803,108.44
2021-01-05,39.6378,122.28,66.4825,72.5312,108.325
2021-01-06,39.6196,122.21,66.5365,72.5416,107.995
2021-01-07,39.6152,122.21,66.5358,72.556,107.872
2021-01-08,39.6226,122.13,66.5586,72.5401,107.707
2021-01-09,39.59246666666667,122.14333333333332,66.52606666666667,72.51183333333333,107.67666666666666
2021-01-10,39.562333333333335,122.15666666666668,66.49353333333333,72.48356666666666,107.64633333333332
2021-01-11,39.5322,122.17,66.461,72.4553,107.616
2021-01-12,39.5199,122.05,66.4109,72.3768,107.536
2021-01-13,39.4975,122.07,66.4369,72.3411,107.722
2021-01-14,39.5028,122.13,66.3858,72.3204,107.737
2021-01-15,39.4651,122.11,66.3686,72.2674,107.844
2021-01-16,39.465225,122.1175,66.35,72.26695,107.85325
2021-01-17,39.46535,122.125,66.3314,72.26650000000001,107.8625
2021-01-18,39.465475,122.1325,66.31280000000001,72.26605,107.87175
2021-01-19,39.4656,122.14,66.2942,72.2656,107.881
2021-01-20,39.4813,122.15,66.3232,72.2903,107.919
2021-01-21,39.4621,122.07,66.3767,72.2889,107.912
2021-01-22,39.477,122.12,66.3526,72.2701,107.941
2021-01-23,39.47786666666666,122.14666666666668,66.35673333333332,72.27443333333333,107.99566666666666
2021-01-24,39.47873333333333,122.17333333333332,66.36086666666667,72.27876666666667,108.05033333333334
2021-01-25,39.4796,122.2,66.365,72.2831,108.105
2021-01-26,39.47855,122.21,66.4016,72.28375,108.1195
2021-01-27,39.4775,122.22,66.4382,72.2844,108.134
2021-01-28,39.5075,122.24,66.4252,72.2976,107.965
2021-01-29,39.5053,122.18,66.4915,72.3014,107.957
2021-01-30,39.40723333333333,122.16333333333334,66.39136666666667,72.2091,107.97333333333331
2021-01-31,39.30916666666667,122.14666666666666,66.29123333333334,72.1168,107.98966666666666
2021-02-01,39.2111,122.13,66.1911,72.0245,108.006
2021-02-02,39.0555,122.09,65.9725,71.8265,107.906
2021-02-03,39.1168,122.05,65.9955,71.8674,107.815
2021-02-04,39.1567,121.95,66.0179,71.9102,107.804
2021-02-05,39.0525,121.88,65.9199,71.8367,107.793
2021-02-06,39.06783333333333,121.87666666666668,65.9492,71.84009999999999,107.76333333333334
2021-02-07,39.08316666666667,121.87333333333332,65.9785,71.8435,107.73366666666666
2021-02-08,39.0985,121.87,66.0078,71.8469,107.704
2021-02-09,39.0028,121.97,65.9298,71.7764,107.711
2021-02-10,39.0162,121.96,65.9511,71.8051,107.782
2021-02-11,39.0655,122.01,66.0183,71.9088,107.765
2021-02-12,39.0716,122.01,65.9995,71.9228,107.643
2021-02-13,39.058075,121.96,66.01067499999999,71.92654999999999,107.54225
2021-02-14,39.04455,121.91,66.02185,71.93029999999999,107.4415
2021-02-15,39.031025,121.86,66.03302500000001,71.93405,107.34075
2021-02-16,39.0175,121.81,66.0442,71.9378,107.24
2021-02-17,38.9914,121.79,66.0004,71.9155,107.238
2021-02-18,38.9093,121.78,65.9498,71.8795,107.298
2021-02-19,38.88295,121.7625,65.906825,71.8622,107.22725
2021-02-20,38.8566,121.745,65.86385,71.8449,107.1565
2021-02-21,38.83025,121.7275,65.820875,71.82759999999999,107.08575
2021-02-22,38.8039,121.71,65.7779,71.8103,107.015
2021-02-23,38.8134,121.66,65.8048,71.7916,107.073
2021-02-24,38.8514,121.64,65.8511,71.8441,106.989
2021-02-25,38.8304,121.35,65.8475,71.7958,106.237
2021-02-26,38.7326,121.41,65.7992,71.7232,106.202
2021-02-27,38.75193333333333,121.50333333333332,65.8102,71.74533333333333,106.27433333333332
2021-02-28,38.77126666666666,121.59666666666666,65.8212,71.76746666666666,106.34666666666666
2021-03-01,38.7906,121.69,65.8322,71.7896,106.419
2021-03-02,38.8069,121.79,65.8471,71.8044,106.707
2021-03-03,38.7942,121.76,65.9007,71.8011,106.444
2021-03-04,38.8041,121.86,65.8731,71.8682,106.262
2021-03-05,38.7548,121.8,65.8719,71.7932,106.036
2021-03-06,38.75506666666667,121.8,65.88093333333333,71.79573333333333,105.944
2021-03-07,38.75533333333333,121.8,65.88996666666667,71.79826666666666,105.852
2021-03-08,38.7556,121.8,65.899,71.8008,105.76
2021-03-09,38.7177,121.87,65.9481,71.7593,105.924
2021-03-10,38.7014,121.98,65.9116,71.7748,106.105
2021-03-11,38.68835,121.94,65.84985,71.75309999999999,105.9285
2021-03-12,38.6753,121.9,65.7881,71.7314,105.752
2021-03-13,38.67436666666666,121.92333333333332,65.75293333333333,71.69606666666667,105.77933333333333
2021-03-14,38.673433333333335,121.94666666666669,65.71776666666666,71.66073333333333,105.80666666666669
2021-03-15,38.6725,121.97,65.6826,71.6254,105.834
2021-03-16,38.6938,122.01,65.6935,71.5942,105.887
2021-03-17,38.7059,121.95,65.728,71.5959,105.97
2021-03-18,38.7025,121.86,65.7745,71.6602,105.576
2021-03-19,38.8361,121.93,65.8408,71.7492,105.578
2021-03-20,38.8686,121.93333333333334,65.87566666666667,71.75656666666667,105.61
2021-03-21,38.9011,121.93666666666668,65.91053333333333,71.76393333333333,105.642
2021-03-22,38.9336,121.94,65.9454,71.7713,105.674
2021-03-23,39.0249,122.05,66.0589,71.8493,105.821
2021-03-24,39.0501,122.07,66.3022,71.8718,105.82
2021-03-25,39.0616,122.21,66.3221,71.8668,105.944
2021-03-26,39.099,122.11,66.3644,71.8802,105.711
2021-03-27,39.10025,122.0575,66.379075,71.88185,105.66925
2021-03-28,39.1015,122.005,66.39375000000001,71.8835,105.6275
2021-03-29,39.10275,121.9525,66.40842500000001,71.88515,105.58575
2021-03-30,39.104,121.9,66.4231,71.8868,105.544
2021-03-31,39.0979,121.95,66.458,71.9169,105.45
2021-04-01,39.11955,121.95333333333332,66.48078333333333,71.92858333333334,105.48616666666666
2021-04-02,39.141200000000005,121.95666666666666,66.50356666666667,71.94026666666666,105.52233333333334
2021-04-03,39.162850000000006,121.96,66.52635000000001,71.95195,105.5585
2021-04-04,39.1845,121.96333333333334,66.54913333333333,71.96363333333333,105.59466666666668
2021-04-05,39.20615,121.96666666666668,66.57191666666667,71.97531666666666,105.63083333333331
2021-04-06,39.2278,121.97,66.5947,71.987,105.667
2021-04-07,39.2909,122.03,66.6644,72.0246,105.735
2021-04-08,39.3155,122.08,66.7212,72.0559,105.749
2021-04-09,39.2935,122.03,66.7803,72.0935,105.675
2021-04-10,39.2943,122.03,66.7921,72.08903333333333,105.636
2021-04-11,39.295100000000005,122.03,66.8039,72.08456666666667,105.597
2021-04-12,39.2959,122.03,66.8157,72.0801,105.558
2021-04-13,39.26513333333334,122.05333333333331,66.78540000000001,72.08896666666666,105.724
2021-04-14,39.234366666666666,122.07666666666668,66.7551,72.09783333333334,105.89
2021-04-15,39.2036,122.1,66.7248,72.1067,106.056
2021-04-16,39.1892,122.09,66.6317,72.0618,105.962
2021-04-17,39.20386666666666,122.07333333333334,66.65833333333333,72.07646666666668,105.95633333333332
2021-04-18,39.21853333333333,122.05666666666669,66.68496666666667,72.09113333333333,105.95066666666666
2021-04-19,39.2332,122.04,66.7116,72.1058,105.945
2021-04-20,39.2278,122.05,66.7263,72.1236,106.095
2021-04-21,39.26115,122.12,66.73845,72.1437,106.0645
2021-04-22,39.2945,122.19,66.7506,72.1638,106.034
2021-04-23,39.3288,122.17,66.7285,72.1199,105.97
2021-04-24,39.3514,122.17333333333332,66.74916666666667,72.16636666666666,105.94766666666666
2021-04-25,39.374,122.17666666666668,66.76983333333332,72.21283333333334,105.92533333333334
2021-04-26,39.3966,122.18,66.7905,72.2593,105.903
2021-04-27,39.4169,122.19,66.7917,72.3253,105.762
2021-04-28,39.4081,122.11,66.8373,72.2578,105.688
2021-04-29,39.4202,121.94,66.8417,72.2566,105.753
2021-04-30,39.4392,122.01,66.866,72.2717,105.837
2021-05-01,39.44976666666667,122.01666666666668,66.8898,72.2972,105.86166666666666
2021-05-02,39.46033333333333,122.02333333333334,66.9136,72.3227,105.88633333333334
2021-05-03,39.4709,122.03,66.9374,72.3482,105.911
2021-05-04,39.4621,122.15,66.9806,72.3899,106.022
2021-05-05,39.504,122.16,67.0211,72.4538,106.062
2021-05-06,39.5485,122.15,67.0706,72.4656,106.118
2021-05-07,39.5473,122.15,67.068,72.4604,106.263
2021-05-08,39.5502,122.14333333333332,67.06703333333333,72.46583333333334,106.244
2021-05-09,39.5531,122.13666666666668,67.06606666666667,72.47126666666666,106.225
2021-05-10,39.556,122.13,67.0651,72.4767,106.206
2021-05-11,39.554,121.99,67.0984,72.5158,106.09
2021-05-12,39.5635,121.94,67.1089,72.5191,105.831
2021-05-13,39.55795,121.94,67.10845,72.51625,105.9325
2021-05-14,39.5524,121.94,67.108,72.5134,106.034
2021-05-15,39.5621,121.93333333333334,67.125,72.53963333333334,106.00766666666668
2021-05-16,39.5718,121.92666666666666,67.14200000000001,72.56586666666666,105.98133333333334
2021-05-17,39.5815,121.92,67.159,72.5921,105.955
2021-05-18,39.5704,121.93,67.1928,72.6014,106.0
2021-05-19,39.5788,121.92,67.2112,72.6335,105.873
2021-05-20,39.5895,121.9,67.2195,72.5425,105.964
2021-05-21,39.6105,122.01,67.2355,72.584,105.944
2021-05-22,39.619675,122.035,67.24805,72.610675,105.99975
2021-05-23,39.62885,122.06,67.26060000000001,72.63735,106.0555
2021-05-24,39.638025,122.085,67.27315,72.66402500000001,106.11125
2021-05-25,39.6472,122.11,67.2857,72.6907,106.167
2021-05-26,39.6287,122.125,67.30435,72.68075,106.0985
2021-05-27,39.6102,122.14,67.323,72.6708,106.03
2021-05-28,39.5684,122.11,67.2975,72.6132,106.128
2021-05-29,39.547325,122.1075,67.29747499999999,72.6166,106.1195
2021-05-30,39.52625,122.105,67.29745,72.62,106.111
2021-05-31,39.505175,122.1025,67.297425,72.6234,106.1025
2021-06-01,39.4841,122.1,67.2974,72.6268,106.094
2021-06-02,39.5146,122.11,67.2961,72.6747,106.135
2021-06-03,39.5158,122.06,67.3275,72.6893,105.917
2021-06-04,39.5025,122.08,67.3356,72.7267,106.181
2021-06-05,39.52056666666667,122.08666666666666,67.35493333333334,72.73726666666666,106.17333333333332
2021-06-06,39.53863333333333,122.09333333333332,67.37426666666667,72.74783333333333,106.16566666666668
2021-06-07,39.5567,122.1,67.3936,72.7584,106.158
2021-06-08,39.618,122.16,67.4648,72.7803,106.264
2021-06-09,39.6372,122.3,67.5569,72.8345,106.389
2021-06-10,39.6577,122.28,67.6043,72.8377,106.414
2021-06-11,39.6797,122.41,67.6412,72.8592,106.374
2021-06-12,39.67966666666666,122.41333333333333,67.65666666666667,72.85016666666667,106.30933333333331
2021-06-13,39.679633333333335,122.41666666666669,67.67213333333333,72.84113333333333,106.24466666666667
2021-06-14,39.6796,122.42,67.6876,72.8321,106.18
2021-06-15,39.5639,122.38,67.5839,72.7772,106.181
2021-06-16,39.5247,122.35,67.4519,72.6676,106.021
2021-06-17,39.5022,122.27,67.4053,72.686,105.721
2021-06-18,39.4944,122.36,67.4202,72.772,105.69
2021-06-19,39.4939,122.33666666666667,67.44193333333332,72.77306666666667,105.68533333333332
2021-06-20,39.4934,122.31333333333332,67.46366666666667,72.77413333333334,105.68066666666668
2021-06-21,39.4929,122.29,67.4854,72.7752,105.676
2021-06-22,39.4527,122.21,67.4389,72.7385,105.764
2021-06-23,39.4295,122.27,67.4321,72.76,105.696
2021-06-24,39.4392,122.26,67.4351,72.7683,105.648
2021-06-25,39.3843,122.2,67.4036,72.7543,105.553
2021-06-26,39.369800000000005,122.21,67.3986,74.06086666666667,105.598
2021-06-27,39.3553,122.22,67.39359999999999,75.36743333333334,105.643
2021-06-28,39.3408,122.23,67.3886,76.674,105.688
2021-06-29,39.374,122.19,67.3521,76.6783,105.693
2021-06-30,39.3577,122.3,67.336,76.6196,105.771
2021-07-01,39.3678,122.26,67.3561,76.6608,105.626
2021-07-02,39.3277,122.35,67.3816,76.6354,105.813
2021-07-03,39.30225,122.38,67.3713,76.62355,105.87975
2021-07-04,39.2768,122.41,67.361,76.6117,105.9465
2021-07-05,39.25135,122.44,67.3507,76.59985,106.01325
2021-07-06,39.2259,122.47,67.3404,76.588,106.08
2021-07-07,39.2218,122.63,67.3445,76.6458,106.184
2021-07-08,39.3311,122.73,67.4344,76.7332,106.406
2021-07-09,39.3215,122.66,67.4757,76.7645,106.133
2021-07-10,39.31693333333333,122.66666666666669,67.44760000000001,76.76216666666666,106.12433333333333
2021-07-11,39.31236666666667,122.67333333333332,67.4195,76.75983333333333,106.11566666666668
2021-07-12,39.3078,122.68,67.3914,76.7575,106.107
2021-07-13,39.3373,122.65,67.4371,76.843,105.9
2021-07-14,39.3396,122.64,67.4502,76.816,106.035
2021-07-15,39.3806,122.67,67.474,76.8158,106.149
2021-07-16,39.3668,122.72,67.5519,76.9336,106.111
2021-07-17,39.37913333333333,122.78333333333332,67.56476666666667,76.95526666666666,106.25633333333332
2021-07-18,39.391466666666666,122.84666666666666,67.57763333333334,76.97693333333333,106.40166666666669
2021-07-19,39.4038,122.91,67.5905,76.9986,106.547
2021-07-20,39.4504,122.98,67.5989,77.0523,106.676
2021-07-21,39.44265,122.965,67.6043,77.04740000000001,106.5575
2021-07-22,39.4349,122.95,67.6097,77.0425,106.439
2021-07-23,39.432,122.95,67.6258,77.0308,106.394
2021-07-24,39.448166666666665,122.95,67.6211,77.02023333333334,106.39066666666668
2021-07-25,39.464333333333336,122.95,67.6164,77.00966666666666,106.38733333333332
2021-07-26,39.4805,122.95,67.6117,76.9991,106.384
2021-07-27,39.4771,122.97,67.6408,77.0196,106.478
2021-07-28,39.4733,122.96,67.6462,77.0164,106.473
2021-07-29,39.4756,122.94,67.614,77.0743,106.351
2021-07-30,39.4626,123.01,67.6059,76.9748,106.505
2021-07-31,39.47926666666667,123.03666666666668,67.61926666666668,76.97246666666666,106.583
2021-08-01,39.49593333333333,123.06333333333332,67.63263333333333,76.97013333333334,106.661
2021-08-02,39.5126,123.09,67.646,76.9678,106.739
2021-08-03,39.5374,123.18,67.6794,76.9262,106.799
2021-08-04,39.5529,123.19,67.7116,77.0391,106.633
2021-08-05,39.5574,123.24,67.7421,77.0766,106.411
2021-08-06,39.4595,123.1,67.6099,76.9757,106.212
2021-08-07,39.4762,123.11333333333332,67.6225,76.99253333333334,106.16933333333334
2021-08-08,39.4929,123.12666666666668,67.6351,77.00936666666666,106.12666666666668
2021-08-09,39.5096,123.14,67.6477,77.0262,106.084
2021-08-10,39.5097,123.15,67.6653,77.0399,105.958
2021-08-11,39.5126,123.16,67.6715,77.0118,106.016
2021-08-12,39.5335,123.19,67.7214,77.065,105.94
2021-08-13,39.5536,123.2,67.7399,77.0999,106.107
2021-08-14,39.56445,123.2025,67.75240000000001,77.1267,106.13675
2021-08-15,39.5753,123.205,67.76490000000001,77.15350000000001,106.1665
2021-08-16,39.58615,123.2075,67.7774,77.1803,106.19625
2021-08-17,39.597,123.21,67.7899,77.2071,106.226
2021-08-18,39.6515,123.23,67.8187,77.3269,106.116
2021-08-19,39.66175,123.25,67.84385,77.3322,106.093
2021-08-20,39.672,123.27,67.869,77.3375,106.07
2021-08-21,39.6846,123.24666666666668,67.88046666666666,77.35753333333334,106.08066666666666
2021-08-22,39.6972,123.22333333333331,67.89193333333334,77.37756666666667,106.09133333333334
2021-08-23,39.7098,123.2,67.9034,77.3976,106.102
2021-08-24,39.7319,123.2,67.946,77.408,106.058
2021-08-25,39.7456,123.07,67.9624,77.3841,105.921
2021-08-26,39.738,123.04,67.952,77.3966,105.822
2021-08-27,39.7979,123.03,67.9514,77.4287,105.98
2021-08-28,39.82096666666666,123.02666666666669,67.98116666666667,77.46296666666667,106.05
2021-08-29,39.844033333333336,123.02333333333333,68.01093333333334,77.49723333333333,106.12
2021-08-30,39.8671,123.02,68.0407,77.5315,106.19
2021-08-31,39.8863,122.99,68.0194,77.5608,106.135
2021-09-01,39.9115,122.91,68.0672,77.6313,106.09
2021-09-02,39.9468,122.98,68.1779,77.698,106.129
2021-09-03,39.9945,122.93,68.209,77.761,106.06
2021-09-04,40.003775000000005,122.8675,68.20275000000001,77.75234999999999,106.0355
2021-09-05,40.01305,122.805,68.1965,77.74369999999999,106.011
2021-09-06,40.022325,122.7425,68.19024999999999,77.73505,105.9865
2021-09-07,40.0316,122.68,68.184,77.7264,105.962
2021-09-08,40.0275,122.68,68.2307,77.7557,106.013
2021-09-09,40.0544,122.78,68.232,77.8061,106.061
2021-09-10,40.05455,122.7525,68.2495,77.800725,106.031
2021-09-11,40.0547,122.725,68.267,77.79535,106.001
2021-09-12,40.05485,122.6975,68.28450000000001,77.789975,105.971
2021-09-13,40.055,122.67,68.302,77.7846,105.941
2021-09-14,40.0806,122.66,68.3275,77.7697,106.049
2021-09-15,40.1298,122.59,68.3486,77.849,105.934
2021-09-16,40.1461,122.41,68.3869,77.8957,105.786
2021-09-17,40.1627,122.29,68.4097,77.9297,105.653
2021-09-18,40.187133333333335,122.33,68.43243333333334,77.96673333333334,105.72266666666668
2021-09-19,40.21156666666666,122.37,68.45516666666667,78.00376666666666,105.79233333333332
2021-09-20,40.236,122.41,68.4779,78.0408,105.862
2021-09-21,40.2557,122.47,68.4672,78.0428,105.81
2021-09-22,40.2579,122.5,68.5137,78.0618,105.791
2021-09-23,40.2652,122.26,68.524,78.0758,105.367
2021-09-24,40.1959,122.08,68.4544,77.887,105.217
2021-09-25,40.1908,122.06333333333332,68.45633333333333,77.8425,105.191
2021-09-26,40.1857,122.04666666666668,68.45826666666667,77.798,105.165
2021-09-27,40.1806,122.03,68.4602,77.7535,105.139
2021-09-28,40.1822,121.94,68.4518,77.7932,105.044
2021-09-29,40.1938,122.09,68.4174,77.8206,105.094
2021-09-30,40.18034444444445,122.06222222222225,68.41007777777777,77.79891111111111,105.09222222222222
2021-10-01,40.16688888888889,122.03444444444445,68.40275555555556,77.77722222222222,105.09044444444444
2021-10-02,40.15343333333333,122.00666666666667,68.39543333333333,77.75553333333333,105.08866666666668
2021-10-03,40.13997777777778,121.97888888888887,68.38811111111112,77.73384444444444,105.0868888888889
2021-10-04,40.12652222222222,121.95111111111112,68.38078888888889,77.71215555555555,105.0851111111111
2021-10-05,40.11306666666667,121.92333333333332,68.37346666666667,77.69046666666667,105.08333333333331
2021-10-06,40.09961111111111,121.89555555555556,68.36614444444444,77.66877777777778,105.08155555555555
2021-10-07,40.08615555555556,121.86777777777776,68.35882222222223,77.64708888888889,105.07977777777778
2021-10-08,40.0727,121.84,68.3515,77.6254,105.078
2021-10-09,40.0711,121.78,68.3488,77.6298,104.95025
2021-10-10,40.0695,121.72,68.3461,77.63419999999999,104.8225
2021-10-11,40.0679,121.66,68.3434,77.6386,104.69475
2021-10-12,40.0663,121.6,68.3407,77.643,104.567
2021-10-13,40.0931,121.76,68.3807,77.7393,104.587
2021-10-14,40.09220833333333,121.735,68.39023333333334,77.74378333333334,104.54708333333332
2021-10-15,40.09131666666666,121.71,68.39976666666666,77.74826666666667,104.50716666666668
2021-10-16,40.090425,121.685,68.4093,77.75274999999999,104.46725
2021-10-17,40.089533333333335,121.66,68.41883333333334,77.75723333333333,104.42733333333334
2021-10-18,40.08864166666667,121.635,68.42836666666666,77.76171666666667,104.38741666666668
2021-10-19,40.08775,121.61,68.4379,77.7662,104.3475
2021-10-20,40.08685833333333,121.585,68.44743333333334,77.77068333333332,104.30758333333334
2021-10-21,40.08596666666666,121.56,68.45696666666666,77.77516666666666,104.26766666666668
2021-10-22,40.085075,121.535,68.4665,77.77965,104.22775
2021-10-23,40.084183333333335,121.51,68.47603333333333,77.78413333333333,104.18783333333334
2021-10-24,40.08329166666667,121.485,68.48556666666666,77.78861666666666,104.14791666666667
2021-10-25,40.0824,121.46,68.4951,77.7931,104.108
2021-10-26,40.10855,121.6,68.49275,77.8201,104.1535
2021-10-27,40.1347,121.74,68.4904,77.8471,104.199
2021-10-28,40.1478,121.55,68.492,77.8311,104.358
2021-10-29,40.0914,121.1,68.4591,77.767,104.179
2021-10-30,40.10328333333334,121.17,68.47003333333333,77.79550833333333,104.17533333333334
2021-10-31,40.11516666666667,121.24,68.48096666666667,77.82401666666667,104.17166666666668
2021-11-01,40.12705,121.31,68.4919,77.852525,104.168
2021-11-02,40.13893333333333,121.38,68.50283333333334,77.88103333333333,104.16433333333332
2021-11-03,40.15081666666667,121.45,68.51376666666667,77.90954166666667,104.16066666666669
2021-11-04,40.1627,121.52,68.5247,77.93805,104.157
2021-11-05,40.17458333333333,121.59,68.53563333333334,77.96655833333332,104.15333333333334
2021-11-06,40.18646666666667,121.66,68.54656666666666,77.99506666666666,104.14966666666668
2021-11-07,40.198350000000005,121.73,68.5575,78.023575,104.146
2021-11-08,40.210233333333335,121.8,68.56843333333333,78.05208333333333,104.14233333333334
2021-11-09,40.222116666666665,121.87,68.57936666666667,78.08059166666666,104.13866666666668
2021-11-10,40.234,121.94,68.5903,78.1091,104.135
2021-11-11,40.242085,121.956,68.603045,78.12347,104.12445
2021-11-12,40.25017,121.972,68.61579,78.13784,104.1139
2021-11-13,40.258255,121.988,68.628535,78.15221,104.10335
2021-11-14,40.26634,122.004,68.64128,78.16658,104.0928
2021-11-15,40.274425,122.02,68.654025,78.18095,104.08225
2021-11-16,40.28251,122.036,68.66677,78.19532,104.0717
2021-11-17,40.290595,122.052,68.679515,78.20969,104.06115
2021-11-18,40.29868,122.068,68.69226,78.22406,104.0506
2021-11-19,40.306765,122.084,68.705005,78.23843,104.04005
2021-11-20,40.31485,122.1,68.71775,78.25280000000001,104.0295
2021-11-21,40.322935,122.116,68.730495,78.26717000000001,104.01895
2021-11-22,40.33102,122.132,68.74324,78.28154,104.0084
2021-11-23,40.339105,122.148,68.75598500000001,78.29591,103.99785
2021-11-24,40.34719,122.164,68.76873,78.31028,103.9873
2021-11-25,40.355275,122.18,68.781475,78.32465,103.97675
2021-11-26,40.36336,122.196,68.79422000000001,78.33902,103.9662
2021-11-27,40.371445,122.212,68.806965,78.35339,103.95565
2021-11-28,40.37953,122.228,68.81971,78.36776,103.9451
2021-11-29,40.387615,122.244,68.83245500000001,78.38213,103.93455
2021-11-30,40.3957,122.26,68.8452,78.3965,103.924
2021-12-01,40.39135,122.365,68.8474,78.37795,103.8405
2021-12-02,40.387,122.47,68.8496,78.3594,103.757
2021-12-03,40.3685,122.42,68.839,78.3121,104.022
2021-12-04,40.3727,122.47333333333331,68.8515,78.3381,103.963
2021-12-05,40.3769,122.52666666666669,68.86399999999999,78.36410000000001,103.904
2021-12-06,40.3811,122.58,68.8765,78.3901,103.845
2021-12-07,40.3559,122.57,68.8568,78.3152,103.585
2021-12-08,40.41,122.4,68.8898,78.4461,103.531
2021-12-09,40.4105,122.54,68.9101,78.4526,103.614
2021-12-10,40.3836,122.58,68.9117,78.4133,103.527
2021-12-11,40.392625,122.56,68.92975,78.424625,103.5595
2021-12-12,40.40165,122.54,68.9478,78.43595,103.592
2021-12-13,40.410675,122.52,68.96585,78.447275,103.6245
2021-12-14,40.4197,122.5,68.9839,78.4586,103.657
2021-12-15,40.4231,122.44,68.9791,78.45840000000001,103.8005
2021-12-16,40.4265,122.38,68.9743,78.4582,103.944
2021-12-17,40.3773,122.48,68.98,78.3542,104.082
2021-12-18,40.356966666666665,122.49333333333334,68.9657,78.3287,104.08433333333332
2021-12-19,40.33663333333333,122.50666666666666,68.9514,78.3032,104.08666666666666
2021-12-20,40.3163,122.52,68.9371,78.2777,104.089
2021-12-21,40.2452,122.23,68.8887,78.149,103.714
2021-12-22,40.2311,122.1,68.8722,78.1524,103.746
2021-12-23,40.2233,121.99,68.8846,78.1767,103.637
2021-12-24,40.2196,121.96,68.8872,78.17843333333333,103.61366666666666
2021-12-25,40.2159,121.93,68.88980000000001,78.18016666666666,103.59033333333332
2021-12-26,40.2122,121.9,68.89240000000001,78.1819,103.567
2021-12-27,40.2085,121.87,68.895,78.18363333333333,103.54366666666668
2021-12-28,40.2048,121.84,68.8976,78.18536666666667,103.52033333333333
2021-12-29,40.2011,121.81,68.9002,78.1871,103.497
2021-12-30,40.1897,121.79,68.9055,78.1948,103.552
2021-12-31,40.1693,121.736,68.89772,78.17636,103.4838
2022-01-01,40.1489,121.682,68.88994000000001,78.15792,103.4156
2022-01-02,40.1285,121.628,68.88216,78.13947999999999,103.3474
2022-01-03,40.1081,121.574,68.87438,78.12104,103.2792
2022-01-04,40.0877,121.52,68.8666,78.1026,103.211
2022-01-05,40.0994,121.39,68.8475,78.1039,103.095
2022-01-06,40.0816,121.22,68.8005,78.075,102.782
2022-01-07,40.0269,121.01,68.8234,78.054,102.699
2022-01-08,40.00613333333333,120.97333333333334,68.8071,78.02256666666666,102.67333333333332
2022-01-09,39.98536666666666,120.93666666666668,68.7908,77.99113333333334,102.64766666666668
2022-01-10,39.9646,120.9,68.7745,77.9597,102.622
2022-01-11,40.0052,120.87,68.796,78.0158,102.613
2022-01-12,39.9949,121.09,68.8205,77.9795,102.584
2022-01-13,40.0335,121.21,68.8373,78.0578,102.65
2022-01-14,40.0335,121.1,68.8455,78.0472,102.425
2022-01-15,40.02225,121.06,68.83109999999999,78.033225,102.3445
2022-01-16,40.011,121.02,68.8167,78.01925,102.264
2022-01-17,39.99975,120.98,68.8023,78.005275,102.1835
2022-01-18,39.9885,120.94,68.7879,77.9913,102.103
2022-01-19,40.0015,120.88,68.8173,78.0272,102.166
2022-01-20,40.0283,120.99,68.8335,78.0651,102.102
2022-01-21,40.0214,121.11,68.8434,78.0557,102.388
2022-01-22,40.0168,121.12666666666668,68.84773333333334,78.05330000000001,102.425
2022-01-23,40.0122,121.14333333333332,68.85206666666666,78.0509,102.462
2022-01-24,40.0076,121.16,68.8564,78.0485,102.499
2022-01-25,40.012,121.09,68.8508,78.0588,102.418
2022-01-26,39.96715,121.015,68.8125,77.96764999999999,102.1475
2022-01-27,39.9223,120.94,68.7742,77.8765,101.877
2022-01-28,39.9084,120.82,68.7868,77.8622,101.903
2022-01-29,39.94746666666666,120.72333333333331,68.81553333333333,77.94253333333333,101.92
2022-01-30,39.98653333333333,120.62666666666668,68.84426666666667,78.02286666666667,101.937
2022-01-31,40.0256,120.53,68.873,78.1032,101.954
2022-02-01,39.8177,120.43,68.6794,77.705,101.92
2022-02-02,39.7327,120.35,68.5855,77.5436,102.003
2022-02-03,39.6991,119.74,68.578,77.523,101.769
2022-02-04,39.7134,119.25,68.5692,77.5293,101.268
2022-02-05,39.7601,119.1425,68.5985,77.583675,101.2515
2022-02-06,39.8068,119.035,68.62780000000001,77.63804999999999,101.235
2022-02-07,39.8535,118.9275,68.6571,77.692425,101.2185
2022-02-08,39.9002,118.82,68.6864,77.7468,101.202
2022-02-09,39.9657,119.14,68.7562,77.8166,101.175
2022-02-10,40.0798,118.95,68.9495,78.044,100.575
2022-02-11,40.1438,118.94,69.0456,78.1315,100.604
2022-02-12,40.15903333333333,118.94666666666666,69.07763333333332,78.16883333333334,100.49033333333334
2022-02-13,40.17426666666667,118.95333333333332,69.10966666666667,78.20616666666666,100.37666666666668
2022-02-14,40.1895,118.96,69.1417,78.2435,100.263
2022-02-15,40.1791,118.83,69.1602,78.2038,100.443
2022-02-16,40.1745,119.07,69.1577,78.1737,100.609
2022-02-17,40.1576,119.24,69.1937,78.1217,100.788
2022-02-18,40.1872,119.33,69.2105,78.1416,100.955
2022-02-19,40.16995,119.29,69.208175,78.118175,100.9
2022-02-20,40.1527,119.25,69.20585,78.09475,100.845
2022-02-21,40.13545,119.21,69.203525,78.071325,100.79
2022-02-22,40.1182,119.17,69.2012,78.0479,100.735
2022-02-23,40.1387,119.08,69.2057,78.0686,100.622
2022-02-24,40.132,118.99,69.2205,77.9846,100.784
2022-02-25,40.1211,118.6,69.235,77.9122,100.537
2022-02-26,40.13733333333333,118.65,69.2405,77.92996666666667,100.736
2022-02-27,40.15356666666667,118.7,69.246,77.94773333333333,100.935
2022-02-28,40.1698,118.75,69.2515,77.9655,101.134
2022-03-01,40.1385,118.99,69.2336,77.90960000000001,101.073
2022-03-02,40.1072,119.23,69.2157,77.8537,101.012
2022-03-03,40.0558,118.84,69.1701,77.8593,100.901
2022-03-04,40.0745,118.98,69.1865,77.8709,101.302
2022-03-05,40.04116666666667,118.86666666666667,69.1652,77.82820000000001,101.219
2022-03-06,40.00783333333333,118.75333333333332,69.1439,77.7855,101.136
2022-03-07,39.9745,118.64,69.1226,77.7428,101.053
2022-03-08,39.974293333333335,118.566,69.12064222222223,77.74291333333333,100.96175555555556
2022-03-09,39.974086666666665,118.492,69.11868444444445,77.74302666666667,100.87051111111111
2022-03-10,39.97388,118.418,69.11672666666666,77.74314,100.77926666666666
2022-03-11,39.97367333333333,118.344,69.11476888888889,77.74325333333334,100.68802222222222
2022-03-12,39.97346666666667,118.27,69.11281111111111,77.74336666666667,100.59677777777776
2022-03-13,39.97326,118.196,69.11085333333334,77.74348,100.50553333333332
2022-03-14,39.97305333333333,118.122,69.10889555555556,77.74359333333334,100.41428888888888
2022-03-15,39.97284666666667,118.048,69.10693777777779,77.74370666666667,100.32304444444443
2022-03-16,39.97264,117.974,69.10498,77.74382,100.2318
2022-03-17,39.972433333333335,117.9,69.10302222222222,77.74393333333333,100.14055555555557
2022-03-18,39.97222666666666,117.826,69.10106444444445,77.74404666666666,100.04931111111112
2022-03-19,39.97202,117.752,69.09910666666667,77.74416000000001,99.95806666666668
2022-03-20,39.97181333333334,117.678,69.0971488888889,77.74427333333334,99.86682222222224
2022-03-21,39.971606666666666,117.604,69.09519111111112,77.74438666666667,99.77557777777778
2022-03-22,39.9714,117.53,69.09323333333333,77.7445,99.68433333333331
2022-03-23,39.97119333333333,117.456,69.09127555555555,77.74461333333333,99.59308888888889
2022-03-24,39.97098666666667,117.382,69.08931777777778,77.74472666666666,99.50184444444444
2022-03-25,39.97078,117.308,69.08736,77.74484,99.4106
2022-03-26,39.97057333333333,117.234,69.08540222222223,77.74495333333334,99.31935555555556
2022-03-27,39.97036666666667,117.16,69.08344444444444,77.74506666666667,99.2281111111111
2022-03-28,39.97016,117.086,69.08148666666666,77.74518,99.13686666666666
2022-03-29,39.969953333333336,117.012,69.07952888888889,77.74529333333334,99.04562222222222
2022-03-30,39.969746666666666,116.938,69.07757111111111,77.74540666666667,98.95437777777778
2022-03-31,39.96954,116.864,69.07561333333334,77.74552,98.86313333333334
2022-04-01,39.96933333333333,116.79,69.07365555555556,77.74563333333333,98.7718888888889
2022-04-02,39.96912666666667,116.716,69.07169777777777,77.74574666666666,98.68064444444444
2022-04-03,39.96892,116.642,69.06974,77.74586000000001,98.5894
2022-04-04,39.96871333333333,116.568,69.06778222222222,77.74597333333334,98.49815555555556
2022-04-05,39.96850666666667,116.494,69.06582444444444,77.74608666666667,98.40691111111111
2022-04-06,39.9683,116.42,69.06386666666667,77.7462,98.31566666666669
2022-04-07,39.968093333333336,116.346,69.06190888888888,77.74631333333333,98.22442222222222
2022-04-08,39.967886666666665,116.272,69.0599511111111,77.74642666666666,98.13317777777776
2022-04-09,39.96768,116.198,69.05799333333333,77.74654,98.04193333333332
2022-04-10,39.96747333333334,116.124,69.05603555555555,77.74665333333334,97.95068888888888
2022-04-11,39.96726666666667,116.05,69.05407777777778,77.74676666666667,97.85944444444443
2022-04-12,39.96706,115.976,69.05212,77.74688,97.7682
2022-04-13,39.96685333333333,115.902,69.05016222222221,77.74699333333334,97.67695555555557
2022-04-14,39.96664666666667,115.828,69.04820444444444,77.74710666666667,97.58571111111112
2022-04-15,39.966440000000006,115.754,69.04624666666666,77.74722,97.49446666666668
2022-04-16,39.966233333333335,115.68,69.04428888888889,77.74733333333333,97.40322222222224
2022-04-17,39.96602666666667,115.606,69.04233111111111,77.74744666666666,97.31197777777778
2022-04-18,39.96582,115.532,69.04037333333333,77.74756000000001,97.22073333333334
2022-04-19,39.96561333333334,115.458,69.03841555555555,77.74767333333334,97.12948888888889
2022-04-20,39.96540666666667,115.384,69.03645777777777,77.74778666666667,97.03824444444444
2022-04-21,39.9652,115.31,69.0345,77.7479,96.947
2022-04-22,39.995875,115.3475,69.06115,77.78517500000001,96.993
2022-04-23,40.02655,115.385,69.08779999999999,77.82245,97.039
2022-04-24,40.057225,115.4225,69.11444999999999,77.859725,97.085
2022-04-25,40.0879,115.46,69.1411,77.897,97.131
2022-04-26,40.08395,115.625,69.14949999999999,77.9014,97.2415
2022-04-27,40.08,115.79,69.1579,77.9058,97.352
2022-04-28,40.0267,115.43,69.1298,77.8133,96.995
2022-04-29,40.0302,115.33,69.1295,77.8361,96.738
2022-04-30,39.96154,115.322,68.99167999999999,77.76314,96.6824
2022-05-01,39.89288,115.314,68.85386,77.69018,96.6268
2022-05-02,39.82422,115.306,68.71603999999999,77.61722,96.5712
2022-05-03,39.75556,115.298,68.57822,77.54426,96.5156
2022-05-04,39.6869,115.29,68.4404,77.4713,96.46
2022-05-05,39.6012,115.33,68.334,77.4097,96.543
2022-05-06,39.5218,114.78,68.2441,77.3193,96.66
2022-05-07,39.51593333333333,114.78333333333332,68.2492,77.32223333333333,96.74266666666666
2022-05-08,39.51006666666667,114.78666666666668,68.2543,77.32516666666668,96.82533333333332
2022-05-09,39.5042,114.79,68.2594,77.3281,96.908
2022-05-10,39.6487,115.22,68.4558,77.4696,97.044
2022-05-11,39.7235,115.28,68.5405,77.5421,96.915
2022-05-12,39.7462,116.22,68.5441,77.5778,97.186
2022-05-13,39.682,116.03,68.4454,77.5259,97.097
2022-05-14,39.682825,115.9375,68.446025,77.53039999999999,97.05075
2022-05-15,39.68365,115.845,68.44665,77.5349,97.0045
2022-05-16,39.684475,115.7525,68.447275,77.5394,96.95825
2022-05-17,39.6853,115.66,68.4479,77.5439,96.912
2022-05-18,39.695,115.65,68.4367,77.5599,96.99
2022-05-19,39.7259,115.64,68.4656,77.5703,97.173
2022-05-20,39.6866,115.57,68.4527,77.4479,97.345
2022-05-21,39.69223333333333,115.54333333333332,68.46246666666666,77.4599,97.28033333333332
2022-05-22,39.69786666666666,115.51666666666668,68.47223333333334,77.4719,97.21566666666666
2022-05-23,39.7035,115.49,68.482,77.4839,97.151
2022-05-24,39.7368,115.6,68.5469,77.5796,97.607
2022-05-25,39.7743,115.49,68.6006,77.6156,97.654
2022-05-26,39.75465,115.44,68.5947,77.59774999999999,97.5825
2022-05-27,39.735,115.39,68.5888,77.5799,97.511
2022-05-28,39.7088,115.1975,68.578175,77.584925,97.46675
2022-05-29,39.6826,115.005,68.56755000000001,77.58994999999999,97.4225
2022-05-30,39.656400000000005,114.8125,68.556925,77.59497499999999,97.37825
2022-05-31,39.6302,114.62,68.5463,77.6,97.334
2022-06-01,39.6412,114.4,68.5456,77.5173,96.894
2022-06-02,39.6066,114.01,68.5309,77.4715,96.9
2022-06-03,39.57264,113.962,68.49856,77.42388000000001,96.8594
2022-06-04,39.53868,113.914,68.46622,77.37626,96.8188
2022-06-05,39.50472,113.866,68.43388,77.32864000000001,96.7782
2022-06-06,39.47076,113.818,68.40154000000001,77.28102,96.7376
2022-06-07,39.4368,113.77,68.3692,77.2334,96.697
2022-06-08,39.5034,113.54,68.4663,77.3572,96.582
2022-06-09,39.5251,113.27,68.4873,77.4113,96.356
2022-06-10,39.5022,112.84,68.4886,77.3997,95.681
2022-06-11,39.47226666666667,112.51333333333334,68.43786666666666,77.37346666666666,95.41366666666669
2022-06-12,39.44233333333333,112.18666666666668,68.38713333333334,77.34723333333334,95.14633333333332
2022-06-13,39.4124,111.86,68.3364,77.321,94.879
2022-06-14,39.4374,111.22,68.358,77.3627,94.511
2022-06-15,39.4416,111.8,68.3596,77.3341,94.723
2022-06-16,39.4538,110.74,68.3394,77.351,95.17
2022-06-17,39.4593,110.94,68.3964,77.2195,95.275
2022-06-18,39.4898,110.8825,68.448875,77.28242499999999,95.24025
2022-06-19,39.5203,110.825,68.50135,77.34535,95.2055
2022-06-20,39.5508,110.7675,68.553825,77.408275,95.17075
2022-06-21,39.5813,110.71,68.6063,77.4712,95.136
2022-06-22,39.6688,111.02,68.6896,77.57,95.695
2022-06-23,39.6581,112.0,68.6929,77.5752,96.132
2022-06-24,39.6567,111.82,68.6858,77.5436,95.931
2022-06-25,39.666266666666665,111.69666666666666,68.70573333333333,77.54406666666667,95.85833333333332
2022-06-26,39.67583333333334,111.57333333333334,68.72566666666667,77.54453333333333,95.78566666666666
2022-06-27,39.6854,111.45,68.7456,77.545,95.713
2022-06-28,39.6396,111.11,68.7196,77.4761,95.658
2022-06-29,39.649,111.69,68.7401,77.5288,95.956
2022-06-30,39.6947,112.55,68.7945,77.631,96.415
2022-07-01,39.7224,113.36,68.8502,77.6232,96.849
2022-07-02,39.74275,113.3275,68.89,77.653025,96.89675
2022-07-03,39.7631,113.295,68.9298,77.68285,96.9445
2022-07-04,39.78345,113.2625,68.9696,77.712675,96.99225
2022-07-05,39.8038,113.23,69.0094,77.7425,97.04
2022-07-06,39.9271,113.55,69.1485,77.8804,96.575
2022-07-07,39.8913,112.89,69.1241,77.8314,96.175
2022-07-08,39.8346,112.75,69.0427,77.8125,95.962
2022-07-09,39.827866666666665,112.84666666666666,69.0444,77.80326666666667,96.02433333333332
2022-07-10,39.821133333333336,112.94333333333334,69.0461,77.79403333333333,96.08666666666667
2022-07-11,39.8144,113.04,69.0478,77.7848,96.149
2022-07-12,39.8469,113.58,69.102,77.7956,96.186
2022-07-13,39.919,113.38,69.2144,77.9586,96.033
2022-07-14,39.8964,112.89,69.1957,77.9179,95.878
2022-07-15,39.8495,113.1,69.1367,77.8662,96.041
2022-07-16,39.85823333333333,112.96333333333332,69.13773333333333,77.8829,95.962
2022-07-17,39.86696666666667,112.82666666666668,69.13876666666667,77.8996,95.883
2022-07-18,39.8757,112.69,69.1398,77.9163,95.804
2022-07-19,39.859,112.32,69.1405,77.935,95.791
2022-07-20,39.8727,112.54,69.1695,77.9914,95.636
2022-07-21,39.8821,112.56,69.1843,78.0178,96.009
2022-07-22,39.918,113.44,69.2315,78.0623,96.625
2022-07-23,39.936733333333336,113.49333333333333,69.24746666666667,78.0795,96.62433333333334
2022-07-24,39.955466666666666,113.54666666666668,69.26343333333332,78.0967,96.62366666666668
2022-07-25,39.9742,113.6,69.2794,78.1139,96.623
2022-07-26,39.9765,114.07,69.2948,78.1001,96.615
2022-07-27,40.0086,114.19,69.337,78.1357,96.472
2022-07-28,40.0261,114.74,69.3756,78.1551,97.024
2022-07-29,40.07036,114.718,69.43482,78.20518,96.9568
2022-07-30,40.11462,114.696,69.49404,78.25526,96.8896
2022-07-31,40.15888,114.674,69.55326000000001,78.30534,96.8224
2022-08-01,40.20314,114.652,69.61248,78.35542000000001,96.7552
2022-08-02,40.2474,114.63,69.6717,78.4055,96.688
2022-08-03,40.2205,114.33,69.6204,78.3706,96.198
2022-08-04,40.3018,114.67,69.7526,78.5054,96.553
2022-08-05,40.1423,114.07,69.5071,78.3069,95.884
2022-08-06,40.1328,114.16666666666666,69.51053333333333,78.3087,95.97266666666668
2022-08-07,40.1233,114.26333333333334,69.51396666666666,78.31049999999999,96.06133333333334
2022-08-08,40.1138,114.36,69.5174,78.3123,96.15
2022-08-09,40.158566666666665,114.34333333333332,69.57923333333333,78.38576666666667,96.15933333333334
2022-08-10,40.20333333333333,114.32666666666668,69.64106666666666,78.45923333333333,96.16866666666668
2022-08-11,40.2481,114.31,69.7029,78.5327,96.178
2022-08-12,40.2449,114.23,69.7179,78.5682,95.996
2022-08-13,40.28446,114.158,69.76336,78.62162000000001,95.9492
2022-08-14,40.32402,114.086,69.80882,78.67504000000001,95.9024
2022-08-15,40.36358,114.014,69.85428,78.72846,95.8556
2022-08-16,40.40314,113.942,69.89974,78.78188,95.8088
2022-08-17,40.4427,113.87,69.9452,78.8353,95.762
2022-08-18,40.3993,113.8,69.8828,78.7685,95.876
2022-08-19,40.396475,113.5375,69.8918,78.77385000000001,95.77225
2022-08-20,40.39365,113.275,69.9008,78.7792,95.6685
2022-08-21,40.390825,113.0125,69.9098,78.78455,95.56475
2022-08-22,40.388,112.75,69.9188,78.7899,95.461
2022-08-23,40.3837,112.43,69.9125,78.8039,95.716
2022-08-24,40.4015,112.18,69.9158,78.8147,95.401
2022-08-25,40.3995,112.48,69.8941,78.8513,95.446
2022-08-26,40.519,112.17,69.9905,78.9527,95.335
2022-08-27,40.529525,112.105,70.0037,78.988675,95.27875
2022-08-28,40.54005,112.04,70.01689999999999,79.02465,95.2225
2022-08-29,40.550575,111.975,70.0301,79.06062499999999,95.16625
2022-08-30,40.5611,111.91,70.0433,79.0966,95.11
2022-08-31,40.5689,111.865,70.04195,79.1012,95.0175
2022-09-01,40.5767,111.82,70.0406,79.1058,94.925
2022-09-02,40.5497,112.09,70.0217,79.0952,95.224
2022-09-03,40.567825,111.9625,70.044775,79.124375,95.1455
2022-09-04,40.58595,111.835,70.06784999999999,79.15355,95.067
2022-09-05,40.604075,111.7075,70.090925,79.182725,94.9885
2022-09-06,40.6222,111.58,70.114,79.2119,94.91
2022-09-07,40.6521,111.74,70.1166,79.228,95.048
2022-09-08,40.7364,111.39,70.2279,79.3166,94.984
2022-09-09,40.7505,111.15,70.2193,79.3431,94.872
2022-09-10,40.749966666666666,111.14,70.21940000000001,79.34323333333334,94.872
2022-09-11,40.749433333333336,111.13,70.2195,79.34336666666667,94.872
2022-09-12,40.7489,111.12,70.2196,79.3435,94.872
2022-09-13,40.8166,110.61,70.2864,79.4498,94.265
2022-09-14,40.7749,110.3,70.2117,79.3696,94.206
2022-09-15,40.6558,110.16,70.0937,79.2022,93.967
2022-09-16,40.5943,110.07,69.9802,79.1338,94.004
2022-09-17,40.5904,110.04666666666668,69.98089999999999,79.1374,93.949
2022-09-18,40.5865,110.02333333333333,69.9816,79.14099999999999,93.894
2022-09-19,40.5826,110.0,69.9823,79.1446,93.839
2022-09-20,40.5564,109.28,69.9219,79.1198,93.745
2022-09-21,40.5918,109.29,69.9405,79.1468,93.755
2022-09-22,40.4948,109.27,69.8193,79.0176,93.154
2022-09-23,40.3724,109.16,69.6629,78.9077,92.946
2022-09-24,40.35906666666666,109.12,69.66153333333332,78.90696666666668,92.74266666666666
2022-09-25,40.345733333333335,109.08,69.66016666666667,78.90623333333333,92.53933333333332
2022-09-26,40.3324,109.04,69.6588,78.9055,92.336
2022-09-27,40.4259,108.87,69.7113,78.9896,92.36
2022-09-28,40.4083,109.21,69.6806,78.9918,93.072
2022-09-29,40.4243,109.39,69.74,79.0604,92.86
2022-09-30,40.4298,109.81,69.7851,79.1846,93.041
2022-10-01,40.39776666666667,110.10333333333334,69.76153333333333,79.13836666666667,93.13566666666668
2022-10-02,40.36573333333333,110.39666666666666,69.73796666666667,79.09213333333334,93.23033333333332
2022-10-03,40.3337,110.69,69.7144,79.0459,93.325
2022-10-04,40.4565,111.23,69.8418,79.2183,93.372
2022-10-05,40.41655,110.495,69.82065,79.16585,93.154
2022-10-06,40.3766,109.76,69.7995,79.1134,92.936
2022-10-07,40.3375,109.09,69.7221,79.0506,92.654
2022-10-08,40.33795,109.02,69.713825,79.05615,92.6465
2022-10-09,40.3384,108.95,69.70554999999999,79.0617,92.639
2022-10-10,40.33885,108.88,69.69727499999999,79.06725,92.6315
2022-10-11,40.3393,108.81,69.689,79.0728,92.624
2022-10-12,40.376,108.96,69.689,79.126,92.684
2022-10-13,40.397,109.41,69.7268,79.151,92.373
2022-10-14,40.3479,109.61,69.701,79.086,92.09
2022-10-15,40.390233333333335,109.67333333333332,69.76153333333333,79.17393333333334,92.15733333333334
2022-10-16,40.432566666666666,109.73666666666666,69.82206666666666,79.26186666666666,92.22466666666666
2022-10-17,40.4749,109.8,69.8826,79.3498,92.292
2022-10-18,40.4955,110.08,69.9117,79.3047,92.384
2022-10-19,40.4644,109.9,69.8903,79.264,92.041
2022-10-20,40.4175,109.81,69.8549,79.2342,91.784
2022-10-21,40.366,109.78,69.8195,79.1846,92.048
2022-10-22,40.393775,109.915,69.868975,79.2381,92.1335
2022-10-23,40.42155,110.05,69.91845,79.2916,92.219
2022-10-24,40.449325,110.185,69.967925,79.3451,92.3045
2022-10-25,40.4771,110.32,70.0174,79.3986,92.39
2022-10-26,40.52185,110.67,70.05435,79.44325,92.608
2022-10-27,40.5666,111.02,70.0913,79.4879,92.826
2022-10-28,40.5633,110.86,70.0732,79.4559,92.578
2022-10-29,40.55126666666666,110.84333333333332,70.07036666666667,79.4484,92.51
2022-10-30,40.539233333333335,110.82666666666668,70.06753333333333,79.4409,92.442
2022-10-31,40.5272,110.81,70.0647,79.4334,92.374
2022-11-01,40.5735,110.87,70.1126,79.4929,92.263
2022-11-02,40.5829,110.96,70.1337,79.5224,92.259
2022-11-03,40.4723,110.74,70.0432,79.3638,91.821
2022-11-04,40.4812,110.82,70.056,79.4423,91.937
2022-11-05,40.498,110.86666666666666,70.07536666666667,79.44546666666668,91.90733333333333
2022-11-06,40.5148,110.91333333333333,70.09473333333332,79.44863333333333,91.87766666666668
2022-11-07,40.5316,110.96,70.1141,79.4518,91.848
2022-11-08,40.5744,111.285,70.16755,79.50745,92.007
2022-11-09,40.6172,111.61,70.221,79.5631,92.166
2022-11-10,40.7082,112.2,70.3272,79.6917,93.208
2022-11-11,40.745475,112.0925,70.38015,79.73734999999999,93.165
2022-11-12,40.78275,111.985,70.4331,79.783,93.122
2022-11-13,40.820025,111.8775,70.48605,79.82865000000001,93.079
2022-11-14,40.8573,111.77,70.539,79.8743,93.036
2022-11-15,40.9114,112.07,70.632,79.9372,93.297
2022-11-16,40.91784941176471,112.08,70.64311529411765,79.94990470588236,93.30536470588235
2022-11-17,40.92429882352941,112.09,70.6542305882353,79.96260941176472,93.3137294117647
2022-11-18,40.93074823529412,112.1,70.66534588235295,79.97531411764706,93.32209411764704
2022-11-19,40.93719764705882,112.11,70.6764611764706,79.98801882352942,93.3304588235294
2022-11-20,40.94364705882353,112.12,70.68757647058824,80.00072352941177,93.33882352941175
2022-11-21,40.95009647058824,112.13,70.69869176470588,80.01342823529413,93.34718823529413
2022-11-22,40.95654588235294,112.14,70.70980705882353,80.02613294117647,93.35555294117648
2022-11-23,40.96299529411765,112.15,70.72092235294119,80.03883764705883,93.36391764705884
2022-11-24,40.96944470588235,112.16,70.73203764705883,80.05154235294118,93.37228235294116
2022-11-25,40.97589411764706,112.17,70.74315294117648,80.06424705882354,93.38064705882351
2022-11-26,40.98234352941176,112.18,70.75426823529412,80.07695176470588,93.38901176470588
2022-11-27,40.98879294117647,112.19,70.76538352941176,80.08965647058824,93.39737647058824
2022-11-28,40.995242352941176,112.2,70.77649882352942,80.1023611764706,93.40574117647058
2022-11-29,41.00169176470588,112.21,70.78761411764707,80.11506588235295,93.41410588235294
2022-11-30,41.00814117647059,112.22,70.79872941176471,80.1277705882353,93.42247058823529
2022-12-01,41.01459058823529,112.23,70.80984470588236,80.14047529411765,93.43083529411764
2022-12-02,41.02104,112.24,70.82096,80.15318,93.4392
2022-12-03,41.02748941176471,112.25,70.83207529411766,80.16588470588236,93.44756470588234
2022-12-04,41.03393882352941,112.26,70.8431905882353,80.1785894117647,93.4559294117647
2022-12-05,41.04038823529412,112.27,70.85430588235295,80.19129411764706,93.46429411764706
2022-12-06,41.04683764705882,112.28,70.86542117647059,80.20399882352942,93.4726588235294
2022-12-07,41.05328705882353,112.29,70.87653647058823,80.21670352941177,93.48102352941176
2022-12-08,41.05973647058824,112.3,70.8876517647059,80.22940823529412,93.48938823529411
2022-12-09,41.06618588235294,112.31,70.89876705882354,80.24211294117647,93.49775294117649
2022-12-10,41.072635294117646,112.32,70.90988235294118,80.25481764705883,93.50611764705882
2022-12-11,41.07908470588235,112.33,70.92099764705883,80.26752235294119,93.51448235294116
2022-12-12,41.08553411764706,112.34,70.93211294117647,80.28022705882353,93.52284705882352
2022-12-13,41.09198352941176,112.35,70.94322823529413,80.29293176470588,93.53121176470589
2022-12-14,41.09843294117647,112.36,70.95434352941177,80.30563647058824,93.53957647058824
2022-12-15,41.104882352941175,112.37,70.96545882352942,80.3183411764706,93.5479411764706
2022-12-16,41.11133176470588,112.38,70.97657411764706,80.33104588235294,93.55630588235294
2022-12-17,41.11778117647059,112.39,70.9876894117647,80.3437505882353,93.56467058823527
2022-12-18,41.12423058823529,112.4,70.99880470588236,80.35645529411765,93.57303529411764
2022-12-19,41.13068,112.41,71.00992000000001,80.36916000000001,93.5814
2022-12-20,41.137129411764704,112.42,71.02103529411765,80.38186470588235,93.58976470588236
2022-12-21,41.14357882352941,112.43,71.0321505882353,80.3945694117647,93.5981294117647
2022-12-22,41.15002823529412,112.44,71.04326588235294,80.40727411764706,93.60649411764706
2022-12-23,41.15647764705882,112.45,71.0543811764706,80.41997882352942,93.6148588235294
2022-12-24,41.16292705882353,112.46,71.06549647058824,80.43268352941176,93.62322352941176
2022-12-25,41.16937647058823,112.47,71.07661176470589,80.44538823529412,93.63158823529412
2022-12-26,41.17582588235294,112.48,71.08772705882353,80.45809294117647,93.63995294117646
2022-12-27,41.182275294117645,112.49,71.09884235294118,80.47079764705883,93.64831764705882
2022-12-28,41.18872470588235,112.5,71.10995764705883,80.48350235294117,93.65668235294116
2022-12-29,41.19517411764706,112.51,71.12107294117648,80.49620705882353,93.66504705882352
2022-12-30,41.20162352941177,112.52,71.13218823529412,80.50891176470589,93.67341176470588
2022-12-31,41.20807294117648,112.53,71.14330352941177,80.52161647058824,93.68177647058825
2023-01-01,41.21452235294118,112.54,71.15441882352941,80.53432117647058,93.6901411764706
2023-01-02,41.22097176470589,112.55,71.16553411764707,80.54702588235294,93.69850588235292
2023-01-03,41.22742117647059,112.56,71.17664941176471,80.5597305882353,93.70687058823528
2023-01-04,41.2338705882353,112.57,71.18776470588236,80.57243529411765,93.71523529411763
2023-01-05,41.24032,112.58,71.19888,80.58514,93.7236
2023-01-06,41.24676941176471,112.59,71.20999529411765,80.59784470588235,93.73196470588236
2023-01-07,41.253218823529416,112.6,71.2211105882353,80.61054941176471,93.7403294117647
2023-01-08,41.25966823529412,112.61,71.23222588235295,80.62325411764706,93.74869411764703
2023-01-09,41.26611764705883,112.62,71.2433411764706,80.6359588235294,93.7570588235294
2023-01-10,41.27256705882353,112.63,71.25445647058824,80.64866352941176,93.76542352941176
2023-01-11,41.27901647058824,112.64,71.26557176470588,80.66136823529412,93.77378823529412
2023-01-12,41.28546588235295,112.65,71.27668705882354,80.67407294117648,93.78215294117646
2023-01-13,41.29191529411765,112.66,71.28780235294118,80.68677764705882,93.79051764705882
2023-01-14,41.29836470588236,112.67,71.29891764705883,80.69948235294117,93.79888235294118
2023-01-15,41.30481411764706,112.68,71.31003294117647,80.71218705882353,93.80724705882352
2023-01-16,41.31126352941177,112.69,71.32114823529412,80.72489176470589,93.81561176470588
2023-01-17,41.31771294117648,112.7,71.33226352941178,80.73759647058823,93.82397647058824
2023-01-18,41.32416235294118,112.71,71.34337882352942,80.75030117647059,93.83234117647058
2023-01-19,41.330611764705885,112.72,71.35449411764706,80.76300588235294,93.84070588235294
2023-01-20,41.33706117647059,112.73,71.36560941176471,80.7757105882353,93.84907058823528
2023-01-21,41.3435105882353,112.74,71.37672470588235,80.78841529411764,93.85743529411764
2023-01-22,41.34996,112.75,71.38784000000001,80.80112,93.8658
2023-01-23,41.35640941176471,112.76,71.39895529411766,80.81382470588235,93.87416470588236
2023-01-24,41.362858823529415,112.77,71.4100705882353,80.82652941176471,93.88252941176472
2023-01-25,41.36930823529412,112.78,71.42118588235294,80.83923411764705,93.89089411764704
2023-01-26,41.375757647058826,112.79,71.43230117647059,80.85193882352941,93.8992588235294
2023-01-27,41.38220705882353,112.8,71.44341647058825,80.86464352941177,93.90762352941177
2023-01-28,41.38865647058824,112.81,71.45453176470589,80.87734823529412,93.91598823529412
2023-01-29,41.395105882352944,112.82,71.46564705882354,80.89005294117646,93.92435294117648
2023-01-30,41.40155529411765,112.83,71.47676235294118,80.90275764705882,93.93271764705882
2023-01-31,41.40800470588236,112.84,71.48787764705882,80.91546235294118,93.94108235294117
2023-02-01,41.41445411764706,112.85,71.49899294117648,80.92816705882353,93.94944705882352
2023-02-02,41.42090352941177,112.86,71.51010823529413,80.94087176470588,93.95781176470588
2023-02-03,41.42735294117647,112.87,71.52122352941177,80.95357647058823,93.96617647058824
2023-02-04,41.43380235294118,112.88,71.53233882352941,80.96628117647059,93.97454117647058
2023-02-05,41.44025176470589,112.89,71.54345411764706,80.97898588235294,93.98290588235294
2023-02-06,41.44670117647059,112.9,71.55456941176472,80.99169058823529,93.9912705882353
2023-02-07,41.453150588235296,112.91,71.56568470588236,81.00439529411764,93.99963529411764
2023-02-08,41.4596,112.92,71.5768,81.0171,94.008
2023-02-09,41.469282142857146,112.92869047619048,71.59314642857143,81.03736071428571,94.0053511904762
2023-02-10,41.47896428571429,112.93738095238096,71.60949285714287,81.05762142857142,94.00270238095236
2023-02-11,41.48864642857143,112.94607142857144,71.62583928571429,81.07788214285715,94.00005357142857
2023-02-12,41.49832857142857,112.95476190476192,71.64218571428572,81.09814285714286,93.99740476190476
2023-02-13,41.50801071428572,112.96345238095238,71.65853214285715,81.11840357142857,93.99475595238094
2023-02-14,41.51769285714286,112.97214285714286,71.67487857142858,81.13866428571428,93.99210714285714
2023-02-15,41.527375,112.98083333333334,71.691225,81.158925,93.98945833333332
2023-02-16,41.53705714285714,112.98952380952382,71.70757142857143,81.17918571428571,93.98680952380953
2023-02-17,41.54673928571429,112.99821428571428,71.72391785714287,81.19944642857143,93.98416071428572
2023-02-18,41.55642142857143,113.00690476190476,71.74026428571429,81.21970714285715,93.9815119047619
2023-02-19,41.56610357142857,113.01559523809524,71.75661071428571,81.23996785714286,93.9788630952381
2023-02-20,41.57578571428572,113.02428571428572,71.77295714285715,81.26022857142857,93.97621428571428
2023-02-21,41.58546785714286,113.0329761904762,71.78930357142858,81.28048928571428,93.97356547619049
2023-02-22,41.59515,113.04166666666669,71.80565,81.30075,93.97091666666668
2023-02-23,41.60483214285714,113.05035714285714,71.82199642857144,81.32101071428572,93.96826785714283
2023-02-24,41.614514285714286,113.05904761904762,71.83834285714286,81.34127142857143,93.96561904761904
2023-02-25,41.62419642857143,113.0677380952381,71.85468928571429,81.36153214285714,93.96297023809524
2023-02-26,41.633878571428575,113.07642857142858,71.87103571428572,81.38179285714286,93.96032142857142
2023-02-27,41.64356071428571,113.08511904761905,71.88738214285715,81.40205357142857,93.9576726190476
2023-02-28,41.65324285714286,113.09380952380953,71.90372857142857,81.42231428571428,93.9550238095238
2023-03-01,41.662925,113.1025,71.920075,81.442575,93.952375
2023-03-02,41.672607142857146,113.11119047619049,71.93642142857144,81.46283571428572,93.94972619047618
2023-03-03,41.68228928571429,113.11988095238095,71.95276785714286,81.48309642857143,93.94707738095238
2023-03-04,41.69197142857143,113.12857142857143,71.96911428571428,81.50335714285714,93.94442857142856
2023-03-05,41.70165357142857,113.1372619047619,71.98546071428572,81.52361785714285,93.94177976190475
2023-03-06,41.71133571428572,113.14595238095238,72.00180714285715,81.54387857142856,93.93913095238096
2023-03-07,41.72101785714286,113.15464285714286,72.01815357142857,81.56413928571429,93.93648214285714
2023-03-08,41.7307,113.16333333333333,72.03450000000001,81.5844,93.93383333333333
2023-03-09,41.74038214285714,113.1720238095238,72.05084642857143,81.60466071428571,93.93118452380952
2023-03-10,41.75006428571429,113.18071428571427,72.06719285714286,81.62492142857143,93.92853571428572
2023-03-11,41.75974642857143,113.18940476190475,72.0835392857143,81.64518214285714,93.9258869047619
2023-03-12,41.76942857142857,113.19809523809523,72.09988571428572,81.66544285714286,93.92323809523808
2023-03-13,41.779110714285714,113.20678571428572,72.11623214285714,81.68570357142858,93.92058928571429
2023-03-14,41.78879285714286,113.2154761904762,72.13257857142858,81.70596428571429,93.91794047619048
2023-03-15,41.798475,113.22416666666666,72.148925,81.726225,93.91529166666666
2023-03-16,41.80815714285714,113.23285714285714,72.16527142857143,81.74648571428571,93.91264285714286
2023-03-17,41.817839285714285,113.24154761904762,72.18161785714285,81.76674642857142,93.90999404761904
2023-03-18,41.82752142857143,113.25023809523807,72.19796428571429,81.78700714285715,93.90734523809525
2023-03-19,41.837203571428574,113.25892857142856,72.21431071428572,81.80726785714286,93.90469642857144
2023-03-20,41.84688571428571,113.26761904761904,72.23065714285714,81.82752857142857,93.90204761904762
2023-03-21,41.856567857142856,113.27630952380952,72.24700357142858,81.84778928571428,93.8993988095238
2023-03-22,41.86625,113.285,72.26335,81.86805,93.89675
2023-03-23,41.875932142857145,113.29369047619048,72.27969642857143,81.88831071428571,93.8941011904762
2023-03-24,41.88561428571429,113.30238095238096,72.29604285714287,81.90857142857143,93.89145238095236
2023-03-25,41.89529642857143,113.31107142857142,72.31238928571429,81.92883214285715,93.88880357142855
2023-03-26,41.90497857142857,113.3197619047619,72.32873571428571,81.94909285714286,93.88615476190476
2023-03-27,41.91466071428572,113.32845238095238,72.34508214285715,81.96935357142857,93.88350595238094
2023-03-28,41.92434285714286,113.33714285714284,72.36142857142858,81.98961428571428,93.88085714285714
2023-03-29,41.934025,113.34583333333332,72.377775,82.009875,93.87820833333332
2023-03-30,41.94370714285714,113.3545238095238,72.39412142857142,82.03013571428572,93.87555952380951
2023-03-31,41.95338928571429,113.36321428571428,72.41046785714286,82.05039642857143,93.87291071428572
2023-04-01,41.96307142857143,113.37190476190476,72.42681428571429,82.07065714285714,93.8702619047619
2023-04-02,41.97275357142857,113.38059523809524,72.44316071428571,82.09091785714286,93.8676130952381
2023-04-03,41.982435714285714,113.38928571428572,72.45950714285715,82.11117857142857,93.86496428571428
2023-04-04,41.99211785714286,113.3979761904762,72.47585357142857,82.1314392857143,93.86231547619047
2023-04-05,42.0018,113.40666666666668,72.4922,82.1517,93.85966666666668
2023-04-06,42.01148214285714,113.41535714285716,72.50854642857144,82.17196071428572,93.85701785714284
2023-04-07,42.021164285714285,113.4240476190476,72.52489285714286,82.19222142857143,93.85436904761904
2023-04-08,42.03084642857143,113.4327380952381,72.54123928571428,82.21248214285714,93.85172023809524
2023-04-09,42.040528571428574,113.44142857142856,72.55758571428572,82.23274285714285,93.84907142857142
2023-04-10,42.05021071428571,113.45011904761904,72.57393214285715,82.25300357142858,93.84642261904762
2023-04-11,42.059892857142856,113.45880952380952,72.59027857142857,82.27326428571429,93.8437738095238
2023-04-12,42.069575,113.4675,72.60662500000001,82.293525,93.841125
2023-04-13,42.079257142857145,113.47619047619048,72.62297142857143,82.31378571428571,93.8384761904762
2023-04-14,42.08893928571429,113.48488095238096,72.63931785714286,82.33404642857143,93.83582738095238
2023-04-15,42.09862142857143,113.49357142857144,72.65566428571428,82.35430714285714,93.83317857142858
2023-04-16,42.10830357142857,113.50226190476192,72.67201071428572,82.37456785714286,93.83052976190476
2023-04-17,42.11798571428572,113.51095238095238,72.68835714285714,82.39482857142858,93.82788095238097
2023-04-18,42.12766785714286,113.51964285714286,72.70470357142857,82.41508928571429,93.82523214285716
2023-04-19,42.13735,113.52833333333334,72.72105,82.43535,93.82258333333333
2023-04-20,42.14703214285714,113.5370238095238,72.73739642857143,82.45561071428571,93.81993452380952
2023-04-21,42.15671428571429,113.54571428571428,72.75374285714285,82.47587142857142,93.81728571428572
2023-04-22,42.16639642857143,113.55440476190476,72.77008928571429,82.49613214285715,93.8146369047619
2023-04-23,42.17607857142857,113.56309523809524,72.78643571428572,82.51639285714286,93.81198809523808
2023-04-24,42.18576071428571,113.57178571428572,72.80278214285714,82.53665357142857,93.80933928571427
2023-04-25,42.19544285714286,113.5804761904762,72.81912857142858,82.55691428571429,93.80669047619048
2023-04-26,42.205125,113.58916666666669,72.835475,82.577175,93.80404166666666
2023-04-27,42.21480714285714,113.59785714285714,72.85182142857143,82.59743571428571,93.80139285714286
2023-04-28,42.22448928571429,113.60654761904762,72.86816785714285,82.61769642857143,93.79874404761904
2023-04-29,42.23417142857143,113.6152380952381,72.88451428571429,82.63795714285715,93.79609523809523
2023-04-30,42.24385357142857,113.62392857142856,72.90086071428571,82.65821785714286,93.79344642857144
2023-05-01,42.25353571428571,113.63261904761904,72.91720714285714,82.67847857142857,93.79079761904762
2023-05-02,42.263217857142855,113.64130952380953,72.93355357142858,82.69873928571428,93.7881488095238
2023-05-03,42.2729,113.65,72.9499,82.719,93.7855
2023-05-04,42.28258214285714,113.65869047619049,72.96624642857142,82.73926071428572,93.7828511904762
2023-05-05,42.29226428571429,113.66738095238097,72.98259285714286,82.75952142857143,93.78020238095236
2023-05-06,42.30194642857143,113.67607142857145,72.99893928571429,82.77978214285714,93.77755357142856
2023-05-07,42.31162857142857,113.6847619047619,73.01528571428571,82.80004285714286,93.77490476190476
2023-05-08,42.32131071428572,113.69345238095238,73.03163214285715,82.82030357142857,93.77225595238096
2023-05-09,42.33099285714286,113.70214285714286,73.04797857142857,82.8405642857143,93.76960714285714
2023-05-10,42.340675,113.71083333333333,73.064325,82.860825,93.76695833333332
2023-05-11,42.35035714285714,113.7195238095238,73.08067142857142,82.88108571428572,93.76430952380952
2023-05-12,42.36003928571429,113.72821428571427,73.09701785714286,82.90134642857143,93.76166071428572
2023-05-13,42.36972142857143,113.73690476190475,73.11336428571428,82.92160714285714,93.7590119047619
2023-05-14,42.37940357142857,113.74559523809523,73.12971071428571,82.94186785714285,93.7563630952381
2023-05-15,42.38908571428571,113.75428571428571,73.14605714285715,82.96212857142858,93.75371428571428
2023-05-16,42.39876785714286,113.7629761904762,73.16240357142857,82.98238928571429,93.75106547619048
2023-05-17,42.40845,113.77166666666666,73.17875,83.00265,93.74841666666669
2023-05-18,42.41813214285714,113.78035714285714,73.19509642857143,83.02291071428571,93.74576785714284
2023-05-19,42.42781428571429,113.78904761904762,73.21144285714286,83.04317142857143,93.74311904761905
2023-05-20,42.43749642857143,113.79773809523807,73.22778928571428,83.06343214285714,93.74047023809524
2023-05-21,42.44717857142857,113.80642857142855,73.24413571428572,83.08369285714286,93.73782142857142
2023-05-22,42.45686071428571,113.81511904761904,73.26048214285714,83.10395357142858,93.73517261904762
2023-05-23,42.466542857142855,113.82380952380952,73.27682857142857,83.12421428571429,93.7325238095238
2023-05-24,42.476225,113.8325,73.29317499999999,83.144475,93.729875
2023-05-25,42.48590714285714,113.84119047619048,73.30952142857143,83.16473571428571,93.7272261904762
2023-05-26,42.49558928571429,113.84988095238096,73.32586785714285,83.18499642857142,93.72457738095238
2023-05-27,42.50527142857143,113.85857142857142,73.34221428571428,83.20525714285715,93.72192857142858
2023-05-28,42.51495357142857,113.8672619047619,73.35856071428572,83.22551785714286,93.71927976190476
2023-05-29,42.52463571428572,113.87595238095238,73.37490714285714,83.24577857142857,93.71663095238095
2023-05-30,42.53431785714286,113.88464285714284,73.39125357142856,83.26603928571429,93.71398214285716
2023-05-31,42.544,113.89333333333332,73.4076,83.2863,93.71133333333331
2023-06-01,42.55368214285714,113.9020238095238,73.42394642857143,83.30656071428572,93.70868452380952
2023-06-02,42.563364285714286,113.91071428571428,73.44029285714285,83.32682142857144,93.70603571428572
2023-06-03,42.57304642857143,113.91940476190476,73.45663928571429,83.34708214285715,93.7033869047619
2023-06-04,42.58272857142857,113.92809523809524,73.47298571428571,83.36734285714286,93.7007380952381
2023-06-05,42.59241071428571,113.9367857142857,73.48933214285714,83.38760357142857,93.69808928571427
2023-06-06,42.60209285714286,113.9454761904762,73.50567857142858,83.40786428571428,93.69544047619048
2023-06-07,42.611775,113.95416666666668,73.522025,83.42812500000001,93.69279166666666
2023-06-08,42.62145714285714,113.96285714285716,73.53837142857142,83.44838571428572,93.69014285714286
2023-06-09,42.63113928571428,113.9715476190476,73.55471785714285,83.46864642857143,93.68749404761904
2023-06-10,42.64082142857143,113.9802380952381,73.57106428571429,83.48890714285714,93.68484523809524
2023-06-11,42.65050357142857,113.98892857142856,73.58741071428571,83.50916785714286,93.68219642857144
2023-06-12,42.66018571428571,113.99761904761904,73.60375714285713,83.52942857142857,93.67954761904764
2023-06-13,42.66986785714285,114.00630952380952,73.62010357142857,83.5496892857143,93.6768988095238
2023-06-14,42.67955,114.015,73.63645,83.56995,93.67425
2023-06-15,42.68923214285714,114.02369047619048,73.65279642857142,83.59021071428572,93.6716011904762
2023-06-16,42.69891428571429,114.03238095238096,73.66914285714286,83.61047142857143,93.66895238095238
2023-06-17,42.70859642857143,114.04107142857144,73.68548928571428,83.63073214285714,93.66630357142856
2023-06-18,42.71827857142857,114.04976190476192,73.7018357142857,83.65099285714285,93.66365476190477
2023-06-19,42.72796071428572,114.05845238095236,73.71818214285715,83.67125357142858,93.66100595238096
2023-06-20,42.73764285714286,114.06714285714284,73.73452857142857,83.69151428571429,93.65835714285714
2023-06-21,42.747325,114.07583333333334,73.750875,83.711775,93.65570833333334
2023-06-22,42.75700714285714,114.0845238095238,73.76722142857142,83.73203571428571,93.65305952380952
2023-06-23,42.766689285714286,114.09321428571428,73.78356785714286,83.75229642857143,93.65041071428573
2023-06-24,42.77637142857143,114.10190476190476,73.79991428571428,83.77255714285714,93.64776190476192
2023-06-25,42.78605357142857,114.11059523809524,73.8162607142857,83.79281785714286,93.6451130952381
2023-06-26,42.79573571428571,114.11928571428572,73.83260714285714,83.81307857142858,93.64246428571428
2023-06-27,42.80541785714286,114.1279761904762,73.84895357142857,83.83333928571429,93.63981547619048
2023-06-28,42.8151,114.13666666666666,73.86529999999999,83.8536,93.63716666666669
2023-06-29,42.82478214285714,114.14535714285714,73.88164642857143,83.87386071428571,93.63451785714284
2023-06-30,42.83446428571428,114.15404761904762,73.89799285714285,83.89412142857142,93.63186904761903
2023-07-01,42.84414642857143,114.1627380952381,73.91433928571428,83.91438214285715,93.62922023809524
2023-07-02,42.85382857142857,114.17142857142856,73.93068571428572,83.93464285714286,93.62657142857142
2023-07-03,42.86351071428571,114.18011904761904,73.94703214285714,83.95490357142857,93.62392261904762
2023-07-04,42.87319285714285,114.18880952380952,73.96337857142856,83.97516428571429,93.6212738095238
2023-07-05,42.882875,114.1975,73.979725,83.995425,93.618625
2023-07-06,42.89255714285714,114.20619047619049,73.99607142857143,84.01568571428572,93.6159761904762
2023-07-07,42.90223928571429,114.21488095238097,74.01241785714285,84.03594642857144,93.61332738095238
2023-07-08,42.91192142857143,114.22357142857142,74.02876428571427,84.05620714285715,93.61067857142858
2023-07-09,42.92160357142857,114.2322619047619,74.04511071428571,84.07646785714286,93.60802976190476
2023-07-10,42.931285714285714,114.24095238095238,74.06145714285714,84.09672857142857,93.60538095238095
2023-07-11,42.94096785714286,114.24964285714286,74.07780357142856,84.11698928571428,93.60273214285716
2023-07-12,42.95065,114.25833333333333,74.09415,84.13725000000001,93.60008333333332
2023-07-13,42.96033214285714,114.2670238095238,74.11049642857142,84.15751071428572,93.59743452380953
2023-07-14,42.970014285714285,114.27571428571429,74.12684285714285,84.17777142857143,93.59478571428572
2023-07-15,42.97969642857143,114.28440476190475,74.14318928571429,84.19803214285714,93.5921369047619
2023-07-16,42.98937857142857,114.29309523809523,74.15953571428571,84.21829285714286,93.5894880952381
2023-07-17,42.99906071428571,114.30178571428571,74.17588214285713,84.23855357142857,93.58683928571428
2023-07-18,43.008742857142856,114.31047619047618,74.19222857142857,84.2588142857143,93.58419047619049
2023-07-19,43.018425,114.31916666666666,74.208575,84.279075,93.58154166666668
2023-07-20,43.02810714285714,114.32785714285714,74.22492142857142,84.29933571428572,93.57889285714286
2023-07-21,43.03778928571428,114.33654761904762,74.24126785714284,84.31959642857143,93.57624404761906
2023-07-22,43.04747142857143,114.34523809523807,74.25761428571428,84.33985714285714,93.57359523809524
2023-07-23,43.05715357142857,114.35392857142855,74.2739607142857,84.36011785714285,93.57094642857145
2023-07-24,43.06683571428572,114.36261904761903,74.29030714285713,84.38037857142858,93.56829761904764
2023-07-25,43.07651785714285,114.37130952380951,74.30665357142857,84.40063928571429,93.5656488095238
2023-07-26,43.0862,114.38,74.323,84.4209,93.563
2023-07-27,43.0517,114.4,74.3077,84.3992,93.56
2023-07-28,42.9544,114.35,74.2356,84.2891,93.573
2023-07-29,42.94983333333333,114.36,74.2523,84.29036666666667,93.615
2023-07-30,42.94526666666667,114.37,74.269,84.29163333333334,93.657
2023-07-31,42.9407,114.38,74.2857,84.2929,93.699
2023-08-01,42.961,114.425,74.30925,84.34045,93.656
2023-08-02,42.9813,114.47,74.3328,84.388,93.613
2023-08-03,42.8859,114.4,74.3239,84.2967,93.573
2023-08-04,42.8835,114.44,74.3342,84.311,93.799
2023-08-05,42.89386666666667,114.43,74.35076666666666,84.33083333333335,93.82733333333334
2023-08-06,42.90423333333333,114.42,74.36733333333333,84.35066666666667,93.85566666666666
2023-08-07,42.9146,114.41,74.3839,84.3705,93.884
2023-08-08,42.9765,114.76,74.3665,84.4526,93.937
2023-08-09,42.9837,114.7,74.3544,84.4508,93.998
2023-08-10,43.014,114.64,74.3756,84.5222,93.945
2023-08-11,42.946,114.38,74.3531,84.4225,93.568
2023-08-12,42.94876666666666,114.38333333333333,74.3654,84.4373,93.537
2023-08-13,42.95153333333334,114.38666666666668,74.3777,84.4521,93.506
2023-08-14,42.9543,114.39,74.39,84.4669,93.475
2023-08-15,42.9262,114.36666666666666,74.3673,84.44046666666667,93.435
2023-08-16,42.8981,114.34333333333332,74.3446,84.41403333333334,93.395
2023-08-17,42.87,114.32,74.3219,84.3876,93.355
2023-08-18,42.8957,114.35545454545452,74.34746363636364,84.42677272727273,93.35563636363636
2023-08-19,42.9214,114.39090909090908,74.37302727272727,84.46594545454546,93.35627272727272
2023-08-20,42.9471,114.42636363636365,74.39859090909091,84.50511818181819,93.3569090909091
2023-08-21,42.9728,114.46181818181816,74.42415454545454,84.54429090909092,93.35754545454546
2023-08-22,42.9985,114.49727272727272,74.44971818181818,84.58346363636365,93.35818181818182
2023-08-23,43.0242,114.53272727272729,74.47528181818181,84.62263636363636,93.35881818181818
2023-08-24,43.0499,114.5681818181818,74.50084545454546,84.66180909090909,93.35945454545454
2023-08-25,43.0756,114.60363636363635,74.52640909090908,84.70098181818182,93.3600909090909
2023-08-26,43.1013,114.6390909090909,74.55197272727273,84.74015454545454,93.36072727272727
2023-08-27,43.127,114.67454545454544,74.57753636363636,84.77932727272727,93.36136363636363
2023-08-28,43.1527,114.71,74.6031,84.8185,93.362
2023-08-29,43.1704,114.83,74.6002,84.8322,93.712
2023-08-30,43.1687,114.66,74.6148,84.8404,93.776
2023-08-31,43.2003,114.93,74.6478,84.8745,93.774
2023-09-01,43.1992,114.88,74.6531,84.8779,93.741
2023-09-02,43.19295,114.8475,74.66297499999999,84.87705,93.7055
2023-09-03,43.1867,114.815,74.67285,84.8762,93.67
2023-09-04,43.18045,114.7825,74.682725,84.87535,93.6345
2023-09-05,43.1742,114.75,74.6926,84.8745,93.599
2023-09-06,43.1728,114.61,74.6844,84.8634,93.393
2023-09-07,43.2443,114.57,74.7521,84.9754,93.496
2023-09-08,43.1939,114.6,74.7335,84.9326,93.523
2023-09-09,43.174533333333336,114.59333333333332,74.73920000000001,84.90626666666667,93.51066666666668
2023-09-10,43.155166666666666,114.58666666666666,74.7449,84.87993333333333,93.49833333333332
2023-09-11,43.1358,114.58,74.7506,84.8536,93.486
2023-09-12,43.1544,114.57,74.7168,84.8739,93.408
2023-09-13,43.2317,114.55,74.7781,85.0883,93.501
2023-09-14,43.3769,114.68,74.8737,85.3168,93.509
2023-09-15,43.2652,114.51,74.8342,85.1889,93.41
2023-09-16,43.27993333333333,114.47,74.83086666666667,85.2059,93.4
2023-09-17,43.29466666666666,114.43,74.82753333333334,85.22290000000001,93.39
2023-09-18,43.3094,114.39,74.8242,85.2399,93.38
2023-09-19,43.321,114.36,74.85765,85.25435,93.2985
2023-09-20,43.3326,114.33,74.8911,85.2688,93.217
2023-09-21,43.3794,114.34,74.9077,85.3455,93.12
2023-09-22,43.3347,114.45,74.9096,85.2708,93.23
2023-09-23,43.34323333333333,114.45333333333332,74.91916666666667,85.28479999999999,93.219
2023-09-24,43.35176666666667,114.45666666666666,74.92873333333333,85.2988,93.208
2023-09-25,43.3603,114.46,74.9383,85.3128,93.197
2023-09-26,43.3701,114.55,74.9559,85.2841,93.142
2023-09-27,43.324,114.56,74.9704,85.2693,93.097
2023-09-28,43.2626,114.57,74.96895,85.23625,93.1815
2023-09-29,43.2012,114.58,74.9675,85.2032,93.266
2023-09-30,43.195125,114.5875,74.972125,85.1914,93.19825
2023-10-01,43.18905,114.595,74.97675000000001,85.1796,93.1305
2023-10-02,43.182975,114.6025,74.981375,85.1678,93.06275
2023-10-03,43.1769,114.61,74.986,85.156,92.995
2023-10-04,43.1584,114.48,75.0204,85.1488,93.178
2023-10-05,43.2037,114.6,75.0648,85.2216,93.35
2023-10-06,42.9005,114.59,74.848,84.775,93.182
2023-10-07,42.8975,114.68,74.85397499999999,84.76852500000001,93.258
2023-10-08,42.8945,114.77,74.85995,84.76205,93.334
2023-10-09,42.8915,114.86,74.865925,84.755575,93.41
2023-10-10,42.8885,114.95,74.8719,84.7491,93.486
2023-10-11,42.9948,115.02,74.9544,84.9069,93.412
2023-10-12,43.0087,114.89,74.9712,84.939,93.274
2023-10-13,43.0011,114.98,74.9918,84.941,93.34
2023-10-14,42.99926666666667,114.98666666666666,74.99496666666667,84.9426,93.309
2023-10-15,42.99743333333333,114.99333333333334,74.99813333333333,84.94420000000001,93.278
2023-10-16,42.9956,115.0,75.0013,84.9458,93.247
2023-10-17,43.0135,114.87,75.0305,84.9945,92.968
2023-10-18,42.9724,114.85,75.0153,84.9362,92.924
2023-10-19,42.9442,114.78,75.1409,84.9141,92.986
2023-10-20,42.9476,114.86,75.1504,84.94,93.154
2023-10-21,42.9402,114.90333333333334,75.16003333333333,84.93936666666667,93.18766666666666
2023-10-22,42.9328,114.94666666666666,75.16966666666667,84.93873333333333,93.22133333333332
2023-10-23,42.9254,114.99,75.1793,84.9381,93.255
2023-10-24,42.9759,115.075,75.2153,85.01060000000001,93.156
2023-10-25,43.0264,115.16,75.2513,85.0831,93.057
2023-10-26,42.9712,115.24,75.238,85.0379,93.304
2023-10-27,43.0226,115.38,75.2695,85.0863,93.315
2023-10-28,43.02043333333333,115.39,75.2811,85.08699999999999,93.31
2023-10-29,43.01826666666667,115.4,75.2927,85.0877,93.305
2023-10-30,43.0161,115.41,75.3043,85.0884,93.3
2023-10-31,43.0586,115.23,75.3181,85.1589,93.266
2023-11-01,43.05,115.3,75.3554,85.1636,93.448
2023-11-02,43.1535,115.21,75.3859,85.2591,93.584
2023-11-03,43.1987,115.38,75.41,85.3112,93.918
2023-11-04,43.21933333333333,115.29666666666668,75.4246,85.3387,93.857
2023-11-05,43.23996666666667,115.21333333333332,75.4392,85.36619999999999,93.796
2023-11-06,43.2606,115.13,75.4538,85.3937,93.735
2023-11-07,43.3191,115.28,75.4727,85.4641,93.747
2023-11-08,43.3634,115.29,75.4971,85.5448,93.799
2023-11-09,43.3692,115.3,75.5768,85.5495,93.698
2023-11-10,43.2717,115.27,75.5434,85.4557,93.564
2023-11-11,43.292766666666665,115.27,75.55446666666667,85.4819,93.553
2023-11-12,43.313833333333335,115.27,75.56553333333333,85.5081,93.542
2023-11-13,43.3349,115.27,75.5766,85.5343,93.531
2023-11-14,43.41515,115.445,75.62,85.65035,93.658
2023-11-15,43.4954,115.62,75.6634,85.7664,93.785
2023-11-16,43.505,115.74,75.6992,85.774,94.025
2023-11-17,43.546,115.84,75.7171,85.8488,93.939
2023-11-18,43.523,115.85666666666668,75.72423333333333,85.82873333333333,93.947
2023-11-19,43.5,115.87333333333332,75.73136666666667,85.80866666666667,93.955
2023-11-20,43.477,115.89,75.7385,85.7886,93.963
2023-11-21,43.4536,116.04,75.7263,85.7413,94.055
2023-11-22,43.4882,116.01,75.7329,85.8006,94.05
2023-11-23,43.45445,115.94,75.69895,85.77770000000001,93.9825
2023-11-24,43.4207,115.87,75.665,85.7548,93.915
2023-11-25,43.42167499999999,116.0,75.67665000000001,85.771625,94.0175
2023-11-26,43.42265,116.13,75.6883,85.78845000000001,94.12
2023-11-27,43.423625,116.26,75.69995,85.80527500000001,94.2225
2023-11-28,43.4246,116.39,75.7116,85.8221,94.325
2023-11-29,43.4837,116.71,75.755,85.8952,94.486
2023-11-30,43.4241,116.76,75.7511,85.8353,94.496
2023-12-01,43.44338333333334,116.89833333333334,75.76278333333333,85.86918333333334,94.53683333333332
2023-12-02,43.46266666666667,117.03666666666668,75.77446666666667,85.90306666666667,94.57766666666666
2023-12-03,43.48195,117.175,75.78614999999999,85.93695,94.6185
2023-12-04,43.50123333333333,117.31333333333332,75.79783333333333,85.97083333333333,94.65933333333334
2023-12-05,43.520516666666666,117.45166666666668,75.80951666666667,86.00471666666667,94.70016666666666
2023-12-06,43.5398,117.59,75.8212,86.0386,94.741
2023-12-07,43.5741,117.52,75.8582,86.0813,94.836
2023-12-08,43.562650000000005,117.4925,75.868675,86.062575,94.72075
2023-12-09,43.5512,117.465,75.87915,86.04384999999999,94.6055
2023-12-10,43.53975,117.4375,75.889625,86.025125,94.49025
2023-12-11,43.5283,117.41,75.9001,86.0064,94.375
2023-12-12,43.5535,117.58,75.8801,86.0459,94.498
2023-12-13,43.6054,117.77,75.9238,86.1272,94.638
2023-12-14,43.8119,118.0,76.0405,86.4071,95.271
2023-12-15,43.9185,118.21,76.1676,86.5604,95.261
2023-12-16,43.93366666666667,118.15,76.18703333333333,86.5815,95.24066666666668
2023-12-17,43.94883333333333,118.09,76.20646666666666,86.6026,95.22033333333331
2023-12-18,43.964,118.03,76.2259,86.6237,95.2
2023-12-19,43.9629,117.97,76.2303,86.6043,95.137
2023-12-20,43.9793,117.9,76.2654,86.6468,95.246
2023-12-21,43.9358,117.79,76.3115,86.6302,95.371
2023-12-22,43.8956,117.86,76.3255,86.6237,95.376
2023-12-23,43.89624,117.878,76.3298,86.62686,95.3948
2023-12-24,43.89688,117.896,76.3341,86.63002,95.4136
2023-12-25,43.89752,117.914,76.3384,86.63318,95.4324
2023-12-26,43.89816,117.932,76.3427,86.63634,95.4512
2023-12-27,43.8988,117.95,76.347,86.6395,95.47
2023-12-28,43.892,117.94,76.3494,86.6342,95.421
2023-12-29,43.9722,117.86,76.4466,86.7896,95.564
2023-12-30,43.95024,117.834,76.44046,86.78254,95.5194
2023-12-31,43.92828,117.808,76.43432,86.77548,95.4748
2024-01-01,43.90632,117.782,76.42818,86.76841999999999,95.4302
2024-01-02,43.88436,117.756,76.42204,86.76136,95.3856
2024-01-03,43.8624,117.73,76.4159,86.7543,95.341
2024-01-04,43.8418,117.19,76.4248,86.7558,95.26
2024-01-05,43.8234,117.12,76.4184,86.7071,95.216
2024-01-06,43.86773333333333,117.12333333333332,76.44256666666666,86.76186666666666,95.27733333333332
2024-01-07,43.91206666666667,117.12666666666668,76.46673333333334,86.81663333333333,95.33866666666668
2024-01-08,43.9564,117.13,76.4909,86.8714,95.4
2024-01-09,43.9942,117.1,76.4964,86.9473,95.347
2024-01-10,44.0523,117.0,76.5183,87.0026,95.3
2024-01-11,44.094,117.11,76.5038,87.0883,95.486
2024-01-12,44.0739,117.29,76.5329,87.0967,95.798
2024-01-13,44.111900000000006,117.305,76.565375,87.134575,95.746
2024-01-14,44.1499,117.32,76.59785,87.17245,95.694
2024-01-15,44.1879,117.335,76.630325,87.210325,95.642
2024-01-16,44.2259,117.35,76.6628,87.2482,95.59
2024-01-17,44.1962,117.06,76.6866,87.2095,95.39
2024-01-18,44.1436,117.09,76.681,87.1926,95.335
2024-01-19,44.164,117.17,76.6469,87.1665,95.326
2024-01-20,44.18125,117.1425,76.661225,87.187775,95.33525
2024-01-21,44.1985,117.115,76.67555,87.20904999999999,95.3445
2024-01-22,44.21575,117.0875,76.689875,87.230325,95.35375
2024-01-23,44.233,117.06,76.7042,87.2516,95.363
2024-01-24,44.2454,117.02,76.7208,87.2665,95.265
2024-01-25,44.314,117.28,76.7308,87.2772,95.401
2024-01-26,44.336575,117.3275,76.74792500000001,87.29962499999999,95.39875
2024-01-27,44.35915,117.375,76.76505,87.32204999999999,95.3965
2024-01-28,44.381725,117.4225,76.782175,87.344475,95.39425
2024-01-29,44.4043,117.47,76.7993,87.3669,95.392
2024-01-30,44.4411,117.39,76.8367,87.4027,95.327
2024-01-31,44.4914,117.71,76.8621,87.4907,95.606
2024-02-01,44.8004,117.86,76.97,87.82,95.783
2024-02-02,44.8949,117.69,77.0469,87.9405,95.325
2024-02-03,44.8814,117.58666666666666,77.04596666666666,87.90366666666667,95.314
2024-02-04,44.8679,117.48333333333332,77.04503333333334,87.86683333333333,95.303
2024-02-05,44.8544,117.38,77.0441,87.83,95.292
2024-02-06,44.875,117.45,77.088,87.8521,95.267
2024-02-07,44.9415,117.52,77.0986,87.9424,95.269
2024-02-08,44.9419,117.47,77.1254,87.9575,95.212
2024-02-09,44.8507,117.34,77.1353,87.8863,95.263
2024-02-10,44.863600000000005,117.37666666666668,77.1489,87.91363333333334,95.25333333333332
2024-02-11,44.8765,117.41333333333334,77.16250000000001,87.94096666666667,95.24366666666668
2024-02-12,44.8894,117.45,77.1761,87.9683,95.234
2024-02-13,44.8626,117.84,77.1396,87.9727,94.996
2024-02-14,44.8351,117.82,77.0745,87.9535,94.98
2024-02-15,44.9822,117.78,77.1402,88.0956,95.037
2024-02-16,44.98980909090909,117.78181818181818,77.16043636363635,88.11792727272727,95.01827272727272
2024-02-17,44.99741818181818,117.78363636363636,77.18067272727272,88.14025454545455,94.99954545454544
2024-02-18,45.00502727272727,117.78545454545454,77.20090909090908,88.16258181818182,94.9808181818182
2024-02-19,45.01263636363636,117.78727272727272,77.22114545454545,88.18490909090909,94.96209090909092
2024-02-20,45.02024545454545,117.7890909090909,77.24138181818181,88.20723636363637,94.94336363636364
2024-02-21,45.02785454545455,117.7909090909091,77.26161818181818,88.22956363636364,94.92463636363637
2024-02-22,45.03546363636364,117.79272727272728,77.28185454545454,88.25189090909092,94.90590909090908
2024-02-23,45.04307272727273,117.79454545454546,77.30209090909091,88.27421818181818,94.88718181818182
2024-02-24,45.050681818181815,117.79636363636364,77.32232727272726,88.29654545454545,94.86845454545455
2024-02-25,45.05829090909091,117.79818181818182,77.34256363636364,88.31887272727273,94.84972727272728
2024-02-26,45.0659,117.8,77.3628,88.3412,94.831
2024-02-27,45.058,117.75,77.3522,88.3298,94.916
2024-02-28,45.0767,117.78,77.4088,88.3486,94.91
2024-02-29,45.0536,117.93,77.4613,88.3692,95.0
2024-03-01,45.1265,118.08,77.4705,88.4483,95.178
2024-03-02,45.1375,118.08,77.48716666666667,88.46293333333334,95.13366666666668
2024-03-03,45.1485,118.08,77.50383333333333,88.47756666666666,95.08933333333331
2024-03-04,45.1595,118.08,77.5205,88.4922,95.045
2024-03-05,45.1784,118.33,77.5585,88.5442,95.154
2024-03-06,45.1777,118.32,77.5962,88.5687,95.123
2024-03-07,45.245,118.4,77.6554,88.6657,95.235
2024-03-08,45.263625,118.415,77.683925,88.707275,95.25525
2024-03-09,45.28225,118.43,77.71244999999999,88.74885,95.2755
2024-03-10,45.300875,118.445,77.74097499999999,88.790425,95.29575
2024-03-11,45.3195,118.46,77.7695,88.832,95.316
2024-03-12,45.2891,118.29,77.7559,88.8417,95.117
2024-03-13,45.2571,118.25,77.7547,88.8271,95.081
2024-03-14,45.2527,118.14,77.7644,88.8345,94.992
2024-03-15,45.2195,117.87,77.7767,88.835,94.915
2024-03-16,45.19513333333333,117.84333333333332,77.77890000000001,88.8095,94.90966666666668
2024-03-17,45.170766666666665,117.81666666666668,77.7811,88.78399999999999,94.90433333333334
2024-03-18,45.1464,117.79,77.7833,88.7585,94.899
2024-03-19,45.1415,117.84,77.7815,88.7027,94.984
2024-03-20,45.1409,117.97,77.817,88.7034,95.101
2024-03-21,45.2627,118.34,77.8659,88.9506,95.103
2024-03-22,45.1797,118.5,77.7746,88.8311,95.189
2024-03-23,45.18255,118.475,77.785025,88.83405,95.17925
2024-03-24,45.1854,118.45,77.79545,88.837,95.1695
2024-03-25,45.18825,118.425,77.805875,88.83995,95.15975
2024-03-26,45.1911,118.4,77.8163,88.8429,95.15
2024-03-27,45.2497,118.54,77.8703,88.9366,95.209
2024-03-28,45.3722,118.5,77.9558,89.1098,95.167
2024-03-29,45.34348,118.464,77.97261999999999,89.06904,95.1268
2024-03-30,45.31476,118.428,77.98944,89.02828000000001,95.0866
2024-03-31,45.28604,118.392,78.00626,88.98752,95.0464
2024-04-01,45.25732,118.356,78.02308000000001,88.94676000000001,95.0062
2024-04-02,45.2286,118.32,78.0399,88.906,94.966
2024-04-03,45.226,118.28,78.0636,88.9371,95.01
2024-04-04,45.23901639344263,118.26852459016392,78.07783114754098,88.9626081967213,95.01216393442624
2024-04-05,45.252032786885245,118.25704918032788,78.09206229508196,88.98811639344262,95.01432786885246
2024-04-06,45.26504918032787,118.2455737704918,78.10629344262294,89.01362459016393,95.0164918032787
2024-04-07,45.27806557377049,118.23409836065574,78.12052459016392,89.03913278688525,95.01865573770492
2024-04-08,45.29108196721312,118.22262295081968,78.13475573770491,89.06464098360655,95.02081967213115
2024-04-09,45.304098360655736,118.2111475409836,78.14898688524589,89.09014918032787,95.02298360655736
2024-04-10,45.31711475409836,118.19967213114754,78.16321803278689,89.11565737704917,95.0251475409836
2024-04-11,45.33013114754098,118.18819672131148,78.17744918032787,89.1411655737705,95.02731147540985
2024-04-12,45.34314754098361,118.1767213114754,78.19168032786885,89.1666737704918,95.02947540983608
2024-04-13,45.35616393442623,118.16524590163934,78.20591147540983,89.19218196721312,95.0316393442623
2024-04-14,45.36918032786885,118.15377049180329,78.22014262295082,89.21769016393442,95.03380327868852
2024-04-15,45.38219672131147,118.14229508196722,78.2343737704918,89.24319836065574,95.03596721311476
2024-04-16,45.3952131147541,118.13081967213115,78.24860491803278,89.26870655737704,95.03813114754098
2024-04-17,45.40822950819672,118.11934426229509,78.26283606557377,89.29421475409836,95.04029508196722
2024-04-18,45.42124590163935,118.10786885245902,78.27706721311475,89.31972295081967,95.04245901639344
2024-04-19,45.434262295081965,118.09639344262295,78.29129836065573,89.34523114754099,95.04462295081969
2024-04-20,45.44727868852459,118.08491803278687,78.30552950819671,89.37073934426229,95.04678688524592
2024-04-21,45.46029508196721,118.07344262295082,78.3197606557377,89.39624754098361,95.04895081967211
2024-04-22,45.47331147540984,118.06196721311476,78.33399180327869,89.42175573770491,95.05111475409836
2024-04-23,45.486327868852456,118.05049180327867,78.34822295081968,89.44726393442623,95.0532786885246
2024-04-24,45.49934426229508,118.03901639344262,78.36245409836066,89.47277213114754,95.05544262295082
2024-04-25,45.51236065573771,118.02754098360656,78.37668524590164,89.49828032786886,95.05760655737706
2024-04-26,45.52537704918033,118.01606557377048,78.39091639344262,89.52378852459016,95.05977049180328
2024-04-27,45.53839344262296,118.00459016393442,78.4051475409836,89.54929672131148,95.06193442622951
2024-04-28,45.55140983606557,117.99311475409836,78.41937868852459,89.57480491803278,95.06409836065572
2024-04-29,45.5644262295082,117.98163934426228,78.43360983606557,89.6003131147541,95.06626229508196
2024-04-30,45.57744262295082,117.97016393442622,78.44784098360655,89.6258213114754,95.0684262295082
2024-05-01,45.590459016393446,117.95868852459016,78.46207213114754,89.65132950819672,95.07059016393444
2024-05-02,45.60347540983607,117.94721311475408,78.47630327868852,89.67683770491803,95.07275409836066
2024-05-03,45.61649180327869,117.93573770491804,78.4905344262295,89.70234590163935,95.07491803278688
2024-05-04,45.62950819672131,117.92426229508196,78.5047655737705,89.72785409836065,95.07708196721312
2024-05-05,45.64252459016394,117.91278688524592,78.51899672131148,89.75336229508197,95.07924590163934
2024-05-06,45.65554098360656,117.90131147540984,78.53322786885246,89.77887049180327,95.08140983606556
2024-05-07,45.66855737704918,117.88983606557376,78.54745901639345,89.8043786885246,95.0835737704918
2024-05-08,45.6815737704918,117.87836065573772,78.56169016393443,89.8298868852459,95.08573770491805
2024-05-09,45.69459016393443,117.86688524590164,78.57592131147541,89.85539508196722,95.08790163934428
2024-05-10,45.70760655737705,117.85540983606558,78.5901524590164,89.88090327868852,95.09006557377047
2024-05-11,45.72062295081968,117.84393442622952,78.60438360655738,89.90641147540984,95.09222950819672
2024-05-12,45.73363934426229,117.83245901639344,78.61861475409836,89.93191967213114,95.09439344262294
2024-05-13,45.74665573770492,117.82098360655738,78.63284590163934,89.95742786885246,95.09655737704918
2024-05-14,45.759672131147546,117.80950819672132,78.64707704918033,89.98293606557377,95.09872131147542
2024-05-15,45.772688524590166,117.79803278688524,78.66130819672131,90.00844426229509,95.10088524590164
2024-05-16,45.78570491803279,117.78655737704918,78.6755393442623,90.03395245901639,95.10304918032789
2024-05-17,45.79872131147541,117.77508196721313,78.68977049180329,90.05946065573771,95.1052131147541
2024-05-18,45.81173770491804,117.76360655737705,78.70400163934427,90.084968852459,95.10737704918031
2024-05-19,45.82475409836066,117.75213114754098,78.71823278688525,90.11047704918032,95.10954098360656
2024-05-20,45.83777049180328,117.74065573770493,78.73246393442624,90.13598524590164,95.1117049180328
2024-05-21,45.8507868852459,117.72918032786885,78.74669508196722,90.16149344262296,95.11386885245902
2024-05-22,45.86380327868853,117.71770491803278,78.7609262295082,90.18700163934426,95.11603278688524
2024-05-23,45.87681967213115,117.70622950819671,78.77515737704918,90.21250983606558,95.11819672131148
2024-05-24,45.889836065573775,117.69475409836066,78.78938852459017,90.23801803278688,95.1203606557377
2024-05-25,45.9028524590164,117.6832786885246,78.80361967213115,90.2635262295082,95.12252459016392
2024-05-26,45.91586885245902,117.67180327868851,78.81785081967213,90.2890344262295,95.12468852459016
2024-05-27,45.92888524590164,117.66032786885246,78.83208196721311,90.31454262295082,95.1268524590164
2024-05-28,45.941901639344266,117.6488524590164,78.84631311475411,90.34005081967211,95.12901639344264
2024-05-29,45.954918032786885,117.63737704918032,78.8605442622951,90.36555901639343,95.13118032786883
2024-05-30,45.96793442622951,117.62590163934426,78.87477540983608,90.39106721311477,95.13334426229508
2024-05-31,45.98095081967213,117.6144262295082,78.88900655737706,90.41657540983608,95.1355081967213
2024-06-01,45.99396721311476,117.60295081967212,78.90323770491804,90.44208360655738,95.13767213114754
2024-06-02,46.00698360655738,117.59147540983606,78.91746885245902,90.46759180327868,95.13983606557376
2024-06-03,46.02,117.58,78.9317,90.4931,95.142
2024-06-04,45.73,117.59,78.7757,89.97,95.183
2024-06-05,45.8,117.73,78.811,90.1185,95.303
2024-06-06,45.88,117.8,78.8782,90.2646,95.387
2024-06-07,45.9,117.71,78.9075,90.2689,95.049
2024-06-08,45.90333333333333,117.67666666666666,78.9327,90.2731,95.04833333333332
2024-06-09,45.906666666666666,117.64333333333332,78.9579,90.2773,95.04766666666669
2024-06-10,45.91,117.61,78.9831,90.2815,95.047
2024-06-11,45.96,117.79,78.9987,90.3792,95.149
2024-06-12,45.97,118.01,79.0239,90.4156,95.447
2024-06-13,46.06,118.14,79.0523,90.5562,95.401
2024-06-14,46.09,118.33,79.0792,90.6086,95.419
2024-06-15,46.102500000000006,118.3325,79.090425,90.6294,95.434
2024-06-16,46.115,118.335,79.10165,90.6502,95.449
2024-06-17,46.1275,118.3375,79.112875,90.671,95.464
2024-06-18,46.14,118.34,79.1241,90.6918,95.479
2024-06-19,46.185,118.52,79.14755,90.7647,95.4405
2024-06-20,46.23,118.7,79.171,90.8376,95.402
2024-06-21,46.29,118.97,79.1765,90.9239,95.457
2024-06-22,46.3,118.99333333333334,79.19226666666667,90.93683333333334,95.44466666666666
2024-06-23,46.31,119.01666666666668,79.20803333333333,90.94976666666666,95.43233333333332
2024-06-24,46.32,119.04,79.2238,90.9627,95.42
2024-06-25,46.29,119.24,79.2327,90.9199,95.407
2024-06-26,46.27,119.23,79.2189,90.8828,95.403
2024-06-27,46.266000000000005,119.218,79.23556,90.88208,95.3996
2024-06-28,46.262,119.206,79.25222000000001,90.88136,95.3962
2024-06-29,46.258,119.194,79.26888,90.88064,95.3928
2024-06-30,46.254,119.182,79.28554,90.87992,95.3894
2024-07-01,46.25,119.17,79.3022,90.8792,95.386
2024-07-02,46.28,118.89,79.3276,90.9208,95.398
2024-07-03,46.31,119.09,79.3651,90.9873,95.452
2024-07-04,46.3,119.15,79.39580000000001,90.9817,95.549
2024-07-05,46.29,119.21,79.4265,90.9761,95.646
2024-07-06,46.303333333333335,119.25333333333332,79.43876666666667,91.00513333333332,95.63066666666668
2024-07-07,46.31666666666666,119.29666666666668,79.45103333333334,91.03416666666666,95.61533333333333
2024-07-08,46.33,119.34,79.4633,91.0632,95.6
2024-07-09,46.35,119.35,79.4917,91.0831,95.582
2024-07-10,46.39,119.47,79.5163,91.1678,95.588
2024-07-11,46.385000000000005,119.575,79.55195,91.17,95.7445
2024-07-12,46.38,119.68,79.5876,91.1722,95.901
2024-07-13,46.39333333333334,119.74,79.60593333333333,91.19893333333331,95.90166666666669
2024-07-14,46.406666666666666,119.8,79.62426666666667,91.22566666666668,95.90233333333332
2024-07-15,46.42,119.86,79.6426,91.2524,95.903
2024-07-16,46.48,120.09,79.6602,91.3435,95.97
2024-07-17,46.485,120.105,79.6753,91.3681,95.943
2024-07-18,46.49,120.12,79.6904,91.3927,95.916
2024-07-19,46.53,120.06,79.7416,91.4422,95.857
2024-07-20,46.54333333333334,120.05666666666669,79.7525,91.46153333333334,95.86066666666666
2024-07-21,46.556666666666665,120.05333333333331,79.7634,91.48086666666669,95.86433333333332
2024-07-22,46.57,120.05,79.7743,91.5002,95.868
2024-07-23,46.56,120.26,79.7994,91.4951,96.001
2024-07-24,46.59,120.21,79.8389,91.5285,95.997
2024-07-25,46.63,120.43,79.9172,91.6221,96.057
2024-07-26,46.66,120.48,79.9965,91.7271,96.07
2024-07-27,46.67666666666666,120.50333333333332,80.02626666666667,91.7592,96.062
2024-07-28,46.693333333333335,120.52666666666669,80.05603333333333,91.7913,96.054
2024-07-29,46.71,120.55,80.0858,91.8234,96.046
2024-07-30,46.65,120.62,80.0561,91.7187,96.205
2024-07-31,46.66,120.82,80.034,91.7366,96.118
2024-08-01,46.69499999999999,120.99,80.06895,91.8108,96.524
2024-08-02,46.73,121.16,80.1039,91.885,96.93
2024-08-03,46.77666666666666,121.17,80.12553333333334,91.96513333333334,96.91866666666668
2024-08-04,46.82333333333333,121.18,80.14716666666666,92.04526666666666,96.90733333333334
2024-08-05,46.87,121.19,80.1688,92.1254,96.896
2024-08-06,46.86,121.09,80.1908,92.1273,96.689
2024-08-07,46.9,120.82,80.2071,92.1751,96.693
2024-08-08,46.87,120.87,80.2076,92.136,96.629
2024-08-09,46.85,120.88,80.2299,92.1414,96.63
2024-08-10,46.86,120.90333333333334,80.23763333333333,92.16383333333332,96.65033333333334
2024-08-11,46.870000000000005,120.92666666666666,80.24536666666667,92.18626666666668,96.67066666666666
2024-08-12,46.88,120.95,80.2531,92.2087,96.691
2024-08-13,46.88,121.15,80.2496,92.2377,96.811
2024-08-14,46.96,121.19,80.2864,92.378,96.819
2024-08-15,46.965,121.11,80.2955,92.389,96.741
2024-08-16,46.97,121.03,80.3046,92.4,96.663
2024-08-17,46.99666666666666,121.06333333333332,80.31743333333333,92.444,96.68266666666666
2024-08-18,47.02333333333333,121.09666666666666,80.33026666666667,92.488,96.70233333333331
2024-08-19,47.05,121.13,80.3431,92.532,96.722
2024-08-20,47.12,121.28,80.3713,92.6047,96.8
2024-08-21,47.14,121.23,80.4069,92.6573,96.89
2024-08-22,47.14,121.08,80.4319,92.6817,96.766
2024-08-23,47.13,121.13,80.4552,92.6728,96.937
2024-08-24,47.14,121.11333333333332,80.4756,92.68476666666666,96.941
2024-08-25,47.15,121.09666666666666,80.49600000000001,92.69673333333331,96.945
2024-08-26,47.16,121.08,80.5164,92.7087,96.949
2024-08-27,47.15,120.86,80.5433,92.6751,96.955
2024-08-28,47.13,121.0,80.5878,92.6753,96.997
2024-08-29,47.13,121.0,80.5996,92.6961,96.919
2024-08-30,47.13,121.03,80.6235,92.7332,96.922
2024-08-31,47.1375,121.0625,80.639475,92.74715,96.94
2024-09-01,47.145,121.095,80.65545,92.7611,96.958
2024-09-02,47.1525,121.1275,80.671425,92.77505,96.976
2024-09-03,47.16,121.16,80.6874,92.789,96.994
2024-09-04,47.23,121.24,80.7016,92.8962,97.107
2024-09-05,47.24,121.19,80.7185,92.9114,97.185
2024-09-06,47.23,121.19,80.7224,92.9168,97.279
2024-09-07,47.24,121.16,80.73913333333333,92.95056666666666,97.298
2024-09-08,47.25,121.13,80.75586666666666,92.98433333333334,97.317
2024-09-09,47.26,121.1,80.7726,93.0181,97.336
2024-09-10,47.29,121.22,80.7808,93.0557,97.511
2024-09-11,47.37,121.4,80.8211,93.2022,97.393
2024-09-12,47.43,121.3,80.8406,93.3056,97.342
2024-09-13,47.47,121.32,80.9331,93.3822,97.509
2024-09-14,47.50666666666667,121.36333333333332,80.95156666666666,93.45393333333332,97.53866666666669
2024-09-15,47.54333333333333,121.40666666666668,80.97003333333333,93.52566666666668,97.56833333333331
2024-09-16,47.58,121.45,80.9885,93.5974,97.598
2024-09-17,47.54,121.44,80.9907,93.5441,97.533
2024-09-18,47.58,121.28,81.0595,93.60935,97.5025
2024-09-19,47.62,121.12,81.1283,93.6746,97.472
2024-09-20,47.62,120.96,81.1706,93.6816,97.552
2024-09-21,47.63,121.03666666666666,81.19646666666667,93.69483333333334,97.54633333333334
2024-09-22,47.64,121.11333333333332,81.22233333333332,93.70806666666668,97.54066666666668
2024-09-23,47.65,121.19,81.2482,93.7213,97.535
2024-09-24,47.7,121.37,81.2933,93.8198,97.55
2024-09-25,47.81,121.43,81.2966,93.9949,97.59
2024-09-26,47.89,121.61,81.3927,94.1948,97.468
2024-09-27,47.76,121.76,81.401,93.9493,97.556
2024-09-28,47.78,121.77333333333334,81.40243333333333,93.98153333333332,97.55866666666668
2024-09-29,47.8,121.78666666666666,81.40386666666666,94.01376666666668,97.56133333333332
2024-09-30,47.82,121.8,81.4053,94.046,97.564
2024-10-01,47.92,121.88,81.4569,94.1883,97.494
2024-10-02,47.806666666666665,121.76666666666668,81.45346666666667,94.0022,97.35766666666666
2024-10-03,47.693333333333335,121.65333333333334,81.45003333333334,93.8161,97.22133333333332
2024-10-04,47.58,121.54,81.4466,93.63,97.085
2024-10-05,47.583333333333336,121.52,81.44246666666668,93.62946666666666,97.05266666666668
2024-10-06,47.586666666666666,121.5,81.43833333333333,93.62893333333334,97.02033333333333
2024-10-07,47.59,121.48,81.4342,93.6284,96.988
2024-10-08,47.68,121.39,81.4643,93.8138,97.029
2024-10-09,47.8,121.33,81.5568,94.0235,96.991
2024-10-10,47.79,121.16,81.5818,93.9942,97.03
2024-10-11,47.75,121.28,81.6244,93.9592,97.112
2024-10-12,47.775,121.3975,81.65455,94.0037,97.11625
2024-10-13,47.8,121.515,81.68469999999999,94.0482,97.1205
2024-10-14,47.825,121.6325,81.71485,94.0927,97.12475
2024-10-15,47.85,121.75,81.745,94.1372,97.129
2024-10-16,47.85,121.93,81.7476,94.123,97.181
2024-10-17,47.8,121.99,81.7117,94.0533,97.084
2024-10-18,47.73,122.12,81.7063,93.9224,97.148
2024-10-19,47.72666666666667,122.08333333333334,81.7131,93.92463333333332,97.131
2024-10-20,47.72333333333333,122.04666666666668,81.7199,93.92686666666668,97.114
2024-10-21,47.72,122.01,81.7267,93.9291,97.097
2024-10-22,47.73,121.87,81.6775,93.9535,97.034
2024-10-23,47.78,121.81,81.6896,94.02,96.977
2024-10-24,47.76,121.96,81.7485,93.9981,97.077
2024-10-25,47.71,122.1,81.775,93.913,96.987
2024-10-26,47.68666666666667,122.14666666666666,81.76186666666668,93.872,96.974
2024-10-27,47.66333333333333,122.19333333333331,81.74873333333333,93.831,96.961
2024-10-28,47.64,122.24,81.7356,93.79,96.948
2024-10-29,47.71,122.13,81.7449,93.9213,96.977
2024-10-30,47.77,122.12,81.7896,94.0503,96.969
2024-10-31,47.73,122.19,81.8002,93.9973,96.992
2024-11-01,47.745,122.26,81.81565,94.024775,96.98825
2024-11-02,47.76,122.33,81.83109999999999,94.05225,96.9845
2024-11-03,47.775,122.4,81.84655,94.079725,96.98075
2024-11-04,47.79,122.47,81.862,94.1072,96.977
2024-11-05,47.79,122.18,81.8553,94.1189,96.883
2024-11-06,47.78,122.31,81.8691,94.1085,96.863
2024-11-07,47.77,122.38,81.907,94.0996,96.899
2024-11-08,47.82,122.45,81.9362,94.2085,96.921
2024-11-09,47.8225,122.475,81.94645,94.2139,96.88625
2024-11-10,47.825,122.5,81.9567,94.2193,96.8515
2024-11-11,47.8275,122.525,81.96695,94.2247,96.81675
2024-11-12,47.83,122.55,81.9772,94.2301,96.782
2024-11-13,47.79,122.5,81.9784,94.1663,96.884
2024-11-14,47.69,122.57,81.9522,93.9985,96.923
2024-11-15,47.7,122.5675,81.971175,94.02215,96.908
2024-11-16,47.71,122.565,81.99015,94.0458,96.893
2024-11-17,47.72,122.5625,82.009125,94.06945,96.878
2024-11-18,47.73,122.56,82.0281,94.0931,96.863
2024-11-19,47.74,122.59,82.0644,94.1191,96.927
2024-11-20,47.715,122.62,82.0691,94.07685,96.89
2024-11-21,47.69,122.65,82.0738,94.0346,96.853
2024-11-22,47.67,122.96,82.049,93.9876,96.817
2024-11-23,47.696666666666665,123.02,82.06973333333333,94.0444,96.85033333333332
2024-11-24,47.723333333333336,123.08,82.09046666666667,94.1012,96.88366666666668
2024-11-25,47.75,123.14,82.1112,94.158,96.917
2024-11-26,47.74,123.0,82.1123,94.1438,96.929
2024-11-27,47.78,123.02,82.1236,94.1948,97.05
2024-11-28,47.838,123.186,82.16014,94.30028,97.0532
2024-11-29,47.896,123.352,82.19668,94.40576,97.0564
2024-11-30,47.954,123.518,82.23321999999999,94.51124,97.0596
2024-12-01,48.012,123.684,82.26975999999999,94.61672,97.0628
2024-12-02,48.07,123.85,82.3063,94.7222,97.066
2024-12-03,48.07,123.84,82.3837,94.7377,97.113
2024-12-04,48.17,123.79,82.4244,94.9002,97.184
2024-12-05,48.19,123.66,82.4883,94.9422,97.147
2024-12-06,48.03,123.65,82.4439,94.6763,97.21
2024-12-07,48.06666666666667,123.65333333333334,82.46516666666666,94.73263333333333,97.21166666666666
2024-12-08,48.10333333333333,123.65666666666668,82.48643333333334,94.78896666666668,97.21333333333334
2024-12-09,48.14,123.66,82.5077,94.8453,97.215
2024-12-10,48.16,123.57,82.5182,94.8843,97.176
2024-12-11,48.14,123.35,82.5109,94.864,97.19
2024-12-12,48.11,123.4,82.496,94.7974,97.162
2024-12-13,48.18,123.67,82.4743,94.9076,97.111
2024-12-14,48.18333333333333,123.76333333333334,82.4881,94.91486666666668,97.107
2024-12-15,48.18666666666667,123.85666666666668,82.50189999999999,94.92213333333332,97.103
2024-12-16,48.19,123.95,82.5157,94.9294,97.099
2024-12-17,48.15,123.7,82.5042,94.872,97.108
2024-12-18,48.16,123.66,82.5115,94.9392,97.143
2024-12-19,48.03,123.62,82.4627,94.7258,97.036
2024-12-20,47.99,123.72,82.446,94.6627,97.064
2024-12-21,48.00666666666667,123.70333333333332,82.4709,94.68646666666666,97.06566666666666
2024-12-22,48.02333333333333,123.68666666666668,82.4958,94.71023333333332,97.06733333333334
2024-12-23,48.04,123.67,82.5207,94.734,97.069
2024-12-24,48.0325,123.645,82.51802500000001,94.7225,97.07625
2024-12-25,48.025,123.62,82.51535000000001,94.711,97.0835
2024-12-26,48.0175,123.595,82.512675,94.6995,97.09075
2024-12-27,48.01,123.57,82.51,94.688,97.098
2024-12-28,48.02,123.61333333333332,82.5076,94.7076,97.124
2024-12-29,48.03,123.65666666666668,82.5052,94.7272,97.15
2024-12-30,48.04,123.7,82.5028,94.7468,97.176
2024-12-31,48.0475,123.6775,82.52969999999999,94.768625,97.181
2025-01-01,48.055,123.655,82.5566,94.79045,97.186
2025-01-02,48.0625,123.6325,82.5835,94.812275,97.191
2025-01-03,48.07,123.61,82.6104,94.8341,97.196
2025-01-04,48.086666666666666,123.44666666666669,82.62823333333333,94.8701,97.19933333333331
2025-01-05,48.10333333333333,123.28333333333332,82.64606666666667,94.9061,97.20266666666669
2025-01-06,48.12,123.12,82.6639,94.9421,97.206
2025-01-07,48.19,123.07,82.7098,95.0931,97.205
2025-01-08,48.17,123.04,82.6919,95.0318,97.206
2025-01-09,48.16,122.99,82.7129,95.0132,97.231
2025-01-10,48.16,122.87,82.7195,95.0078,97.12
2025-01-11,48.07666666666666,122.77333333333334,82.67923333333333,94.86936666666666,97.12766666666668
2025-01-12,47.99333333333333,122.67666666666666,82.63896666666666,94.73093333333334,97.13533333333334
2025-01-13,47.91,122.58,82.5987,94.5925,97.143
2025-01-14,47.94,122.52,82.5998,94.663,97.157
2025-01-15,47.98,122.94,82.6553,94.7281,97.284
2025-01-16,48.14,122.93,82.8065,95.0067,97.347
2025-01-17,48.1,123.16,82.8321,94.9433,97.301
2025-01-18,48.145,123.165,82.856,95.014475,97.3045
2025-01-19,48.19,123.17,82.87989999999999,95.08565,97.308
2025-01-20,48.235,123.175,82.9038,95.156825,97.3115
2025-01-21,48.28,123.18,82.9277,95.228,97.315
2025-01-22,48.37,123.12,82.9411,95.3641,97.276
2025-01-23,48.36,122.9,82.9353,95.3477,97.302
2025-01-24,48.42,122.75,82.9636,95.4435,97.33
2025-01-25,48.46,122.75333333333332,82.99856666666666,95.5152,97.365
2025-01-26,48.5,122.75666666666667,83.03353333333334,95.5869,97.4
2025-01-27,48.54,122.76,83.0685,95.6586,97.435
2025-01-28,48.5,122.77,83.0935,95.6474,97.412
2025-01-29,48.47,122.81,83.1103,95.5881,97.392
2025-01-30,48.48,122.93,83.144,95.6068,97.428
2025-01-31,48.43,123.1,83.1588,95.518,97.388
2025-02-01,48.43333333333333,123.19,83.1938,95.56076666666668,97.398
2025-02-02,48.43666666666667,123.28,83.2288,95.60353333333332,97.408
2025-02-03,48.44,123.37,83.2638,95.6463,97.418
2025-02-04,48.44,123.24,83.281,95.6339,97.456
2025-02-05,48.5,123.34,83.3717,95.7208,97.49
2025-02-06,48.58,123.35,83.4328,95.8485,97.473
2025-02-07,48.4475,123.29,83.3708,95.636,97.413
2025-02-08,48.44423333333333,123.35333333333334,83.3649,95.63073333333332,97.411
2025-02-09,48.44096666666667,123.41666666666669,83.359,95.62546666666668,97.409
2025-02-10,48.4377,123.48,83.3531,95.6202,97.407
2025-02-11,48.4574,123.32,83.3711,95.6791,97.404
2025-02-12,48.4821,123.22,83.349,95.7066,97.337
2025-02-13,48.4349,123.22,83.3643,95.6289,97.401
2025-02-14,48.4453,123.0,83.4035,95.6551,97.47
2025-02-15,48.457125000000005,122.935,83.40867499999999,95.67505,97.461
2025-02-16,48.46895000000001,122.87,83.41385,95.695,97.452
2025-02-17,48.480775,122.805,83.419025,95.71495,97.443
2025-02-18,48.4926,122.74,83.4242,95.7349,97.434
2025-02-19,48.4807,122.595,83.444,95.71565,97.457
2025-02-20,48.4688,122.45,83.4638,95.6964,97.48
2025-02-21,48.4213,122.46,83.4799,95.6442,97.582
2025-02-22,48.4282,122.53333333333332,83.4915,95.64543333333332,97.59033333333332
2025-02-23,48.4351,122.60666666666668,83.5031,95.64666666666668,97.59866666666666
2025-02-24,48.442,122.68,83.5147,95.6479,97.607
2025-02-25,48.4397,122.75,83.5159,95.6695,97.681
2025-02-26,48.41995,122.94,83.5627,95.64285,97.705
2025-02-27,48.4002,123.13,83.6095,95.6162,97.729
2025-02-28,48.3545,123.17,83.5545,95.5177,97.816
2025-03-01,48.35196666666667,123.08,83.56663333333334,95.48823333333334,97.81966666666666
2025-03-02,48.34943333333333,122.99,83.57876666666667,95.45876666666666,97.82333333333334
2025-03-03,48.3469,122.9,83.5909,95.4293,97.827
2025-03-04,48.3181,123.09,83.6041,95.3955,97.825
2025-03-05,48.4014,122.33,83.6217,95.569,97.803
2025-03-06,48.518,121.85,83.6747,95.7784,97.833
2025-03-07,48.5488,121.92,83.9201,95.8153,97.811
2025-03-08,48.55823333333333,121.90333333333334,83.92,95.8129,97.844
2025-03-09,48.56766666666667,121.88666666666668,83.9199,95.8105,97.877
2025-03-10,48.5771,121.87,83.9198,95.8081,97.91
2025-03-11,48.6284,121.51,83.9332,95.9393,97.873
2025-03-12,48.6975,121.4,83.9597,96.0729,97.834
2025-03-13,48.7387,121.42,83.9788,96.1448,97.887
2025-03-14,48.7564,121.495,83.998525,96.185225,97.86925
2025-03-15,48.7741,121.57,84.01825,96.22565,97.8515
2025-03-16,48.7918,121.645,84.037975,96.266075,97.83375
2025-03-17,48.8095,121.72,84.0577,96.3065,97.816
2025-03-18,48.8701,121.66,84.0779,96.4131,97.812
2025-03-19,48.9873,121.7,84.1791,96.6141,97.878
2025-03-20,49.0733,121.89,84.2951,96.7695,97.908
2025-03-21,49.0839,121.98,84.379,96.8146,97.937
2025-03-22,49.089733333333335,121.94666666666669,84.3891,96.81546666666668,97.90866666666666
2025-03-23,49.09556666666666,121.91333333333333,84.39920000000001,96.81633333333332,97.88033333333334
2025-03-24,49.1014,121.88,84.4093,96.8172,97.852
2025-03-25,49.1069,121.93,84.4293,96.8404,97.883
2025-03-26,49.2049,122.08,84.5172,97.0441,97.862
