date,SBI Magnum Midcap Fund,ICICI Prudential Infrastructure Fund,Nippon India Small Cap Fund,ICICI Prudential Bluechip Fund,UTI Transportation & Logistics Fund,Franklin Build India Fund
2016-04-01,58.1435,36.34,25.1755,15.03,86.685,28.4771
2016-04-02,58.294133333333335,36.406666666666666,25.22993333333333,15.06,86.90433333333334,28.53353333333333
2016-04-03,58.444766666666666,36.473333333333336,25.284366666666667,15.09,87.12366666666667,28.589966666666665
2016-04-04,58.5954,36.54,25.3388,15.12,87.343,28.6464
2016-04-05,58.068,35.83,25.0409,14.84,85.4249,27.8835
2016-04-06,58.4219,35.75,25.2899,14.87,85.8335,28.0639
2016-04-07,58.5095,35.75,25.244,14.77,85.2532,27.9013
2016-04-08,58.7317,35.8775,25.311075,14.8275,85.60537500000001,28.057925
2016-04-09,58.9539,36.004999999999995,25.37815,14.885,85.95755,28.21455
2016-04-10,59.1761,36.1325,25.445225,14.9425,86.309725,28.371175
2016-04-11,59.3983,36.26,25.5123,15.0,86.6619,28.5278
2016-04-12,60.1971,36.75,25.7058,15.08,87.8177,28.6602
2016-04-13,60.9597,37.17,25.9697,15.31,89.4627,29.1901
2016-04-14,61.1267,37.224,26.02414,15.344,89.50753999999999,29.231540000000003
2016-04-15,61.2937,37.278,26.07858,15.378,89.55238,29.27298
2016-04-16,61.4607,37.332,26.13302,15.412,89.59722,29.31442
2016-04-17,61.6277,37.386,26.18746,15.446,89.64206,29.35586
2016-04-18,61.7947,37.44,26.2419,15.48,89.6869,29.3973
2016-04-19,61.89875,37.645,26.301,15.49,89.7919,29.4546
2016-04-20,62.0028,37.85,26.3601,15.5,89.8969,29.5119
2016-04-21,61.7154,38.13,26.2148,15.48,89.5422,29.6
2016-04-22,61.5887,38.14,26.2212,15.49,89.7463,29.7981
2016-04-23,61.4568,38.11666666666667,26.204066666666662,15.466666666666669,89.60216666666668,29.7602
2016-04-24,61.3249,38.09333333333333,26.18693333333333,15.443333333333332,89.45803333333333,29.7223
2016-04-25,61.193,38.07,26.1698,15.42,89.3139,29.6844
2016-04-26,61.7163,38.33,26.3579,15.63,90.0855,30.1162
2016-04-27,61.9841,38.23,26.4477,15.66,90.3877,29.9704
2016-04-28,61.3322,37.58,26.2237,15.44,88.9597,29.6395
2016-04-29,61.2216,37.68,26.1612,15.47,88.8835,29.5264
2016-04-30,61.440666666666665,37.63666666666666,26.238833333333336,15.453333333333331,88.8365,29.457833333333333
2016-05-01,61.659733333333335,37.59333333333333,26.316466666666667,15.436666666666667,88.7895,29.389266666666664
2016-05-02,61.8788,37.55,26.3941,15.42,88.7425,29.3207
2016-05-03,61.7287,37.37,26.3453,15.34,88.8661,29.1733
2016-05-04,61.5166,36.98,26.0511,15.24,87.0602,28.8486
2016-05-05,61.4946,36.89,26.1523,15.28,86.9246,28.8019
2016-05-06,61.425,36.98,26.0068,15.27,87.0951,28.8704
2016-05-07,61.68103333333333,37.10333333333333,26.1256,15.346666666666666,87.46393333333333,29.034133333333333
2016-05-08,61.93706666666667,37.22666666666667,26.2444,15.423333333333334,87.83276666666667,29.197866666666663
2016-05-09,62.1931,37.35,26.3632,15.5,88.2016,29.3616
2016-05-10,62.1774,37.41,26.5147,15.53,87.6907,29.4242
2016-05-11,62.5141,37.32,26.5808,15.49,87.3329,29.3417
2016-05-12,62.9198,37.66,26.842,15.58,88.1121,29.5171
2016-05-13,62.8613,37.56,26.728,15.47,87.5611,29.3511
2016-05-14,62.8562,37.52,26.71956666666667,15.493333333333334,87.6374,29.29733333333333
2016-05-15,62.8511,37.48,26.711133333333333,15.516666666666666,87.7137,29.243566666666663
2016-05-16,62.846,37.44,26.7027,15.54,87.79,29.1898
2016-05-17,62.8992,37.57,26.6716,15.61,87.8789,29.321
2016-05-18,62.8954,37.65,26.7782,15.57,87.3289,29.3572
2016-05-19,62.1037,37.34,26.5193,15.41,86.6219,28.9929
2016-05-20,61.7869,37.13,26.3015,15.36,86.4367,28.7835
2016-05-21,61.724900000000005,37.16666666666667,26.2428,15.34,86.34023333333333,28.75633333333333
2016-05-22,61.6629,37.20333333333333,26.1841,15.32,86.24376666666667,28.729166666666668
2016-05-23,61.6009,37.24,26.1254,15.3,86.1473,28.702
2016-05-24,61.3248,37.21,26.0139,15.31,85.771,28.7058
2016-05-25,62.0379,37.81,26.2371,15.63,86.8553,29.326
2016-05-26,62.9955,38.29,26.3453,15.91,87.4415,29.9322
2016-05-27,63.0822,38.46,26.573,16.05,88.0096,30.0439
2016-05-28,63.2878,38.516666666666666,26.598266666666667,16.083333333333332,88.2313,30.067833333333333
2016-05-29,63.4934,38.57333333333334,26.62353333333333,16.116666666666667,88.453,30.09176666666667
2016-05-30,63.699,38.63,26.6488,16.15,88.6747,30.1157
2016-05-31,63.6294,38.52,26.6078,16.11,90.2921,30.3453
2016-06-01,63.7314,38.52,26.6497,16.15,90.121,30.2516
2016-06-02,64.2549,38.73,26.761,16.24,90.5097,30.4846
2016-06-03,64.4851,38.78,26.6633,16.23,90.5759,30.3775
2016-06-04,64.50323333333334,38.77333333333333,26.677566666666667,16.21666666666667,90.61296666666668,30.370933333333333
2016-06-05,64.52136666666667,38.766666666666666,26.69183333333333,16.203333333333333,90.65003333333334,30.36436666666667
2016-06-06,64.5395,38.76,26.7061,16.19,90.6871,30.3578
2016-06-07,65.0124,39.14,26.8975,16.27,91.1372,30.7771
2016-06-08,65.2508,39.52,27.1758,16.3,91.6596,30.9533
2016-06-09,64.9544,39.68,27.1899,16.22,91.187,30.9011
2016-06-10,64.5185,39.58,27.1542,16.14,90.484,30.6792
2016-06-11,64.43656666666666,39.406666666666666,27.1084,16.103333333333335,90.30073333333333,30.54113333333333
2016-06-12,64.35463333333334,39.23333333333333,27.0626,16.066666666666666,90.11746666666669,30.403066666666668
2016-06-13,64.2727,39.06,27.0168,16.03,89.9342,30.265
2016-06-14,64.3341,39.12,27.0916,16.03,89.985,30.3779
2016-06-15,64.4618,39.7,27.3569,16.23,90.6989,30.8164
2016-06-16,63.8334,39.51,27.2203,16.12,90.1245,30.5985
2016-06-17,63.9334,39.7,27.279,16.19,90.4678,30.7225
2016-06-18,63.9455,39.75,27.293333333333333,16.236666666666668,90.67903333333334,30.77433333333333
2016-06-19,63.9576,39.8,27.307666666666663,16.28333333333333,90.89026666666666,30.826166666666666
2016-06-20,63.9697,39.85,27.322,16.33,91.1015,30.878
2016-06-21,63.9205,39.87,27.3404,16.31,91.1896,30.8262
2016-06-22,63.7701,39.87,27.2642,16.27,90.9245,30.7552
2016-06-23,63.7594,39.92,27.1941,16.4,91.3751,31.0318
2016-06-24,63.2822,39.23,26.763,16.04,89.9957,30.4158
2016-06-25,63.5716,39.31,26.93413333333333,16.046666666666667,90.04326666666667,30.514666666666667
2016-06-26,63.861,39.39,27.105266666666665,16.05333333333333,90.09083333333334,30.613533333333333
2016-06-27,64.1504,39.47,27.2764,16.06,90.1384,30.7124
2016-06-28,64.4569,39.77,27.4779,16.11,90.3089,30.8645
2016-06-29,65.1281,40.3,27.9209,16.26,91.9076,31.1591
2016-06-30,65.4996,40.91,28.2423,16.45,92.6453,31.5847
2016-07-01,66.2721,41.4,28.3226,16.54,93.1153,31.8476
2016-07-02,66.42393333333332,41.53666666666667,28.3838,16.56,93.28476666666668,31.963933333333333
2016-07-03,66.57576666666667,41.67333333333333,28.445,16.580000000000002,93.45423333333332,32.08026666666667
2016-07-04,66.7276,41.81,28.5062,16.6,93.6237,32.1966
2016-07-05,66.4801,41.52,28.4855,16.52,93.423,32.0763
2016-07-06,66.3467,41.625,28.52295,16.515,93.26525,32.057950000000005
2016-07-07,66.2133,41.73,28.5604,16.51,93.1075,32.0396
2016-07-08,66.1533,41.45,28.5365,16.49,93.3848,31.8668
2016-07-09,66.36846666666666,41.586666666666666,28.6041,16.57333333333333,93.84436666666666,32.01793333333333
2016-07-10,66.58363333333334,41.723333333333336,28.6717,16.656666666666666,94.30393333333332,32.169066666666666
2016-07-11,66.7988,41.86,28.7393,16.74,94.7635,32.3202
2016-07-12,66.7843,42.06,28.7081,16.82,95.2909,32.7098
2016-07-13,66.5183,41.96,28.4516,16.8,94.9539,32.5778
2016-07-14,66.7605,42.16,28.7642,16.88,95.3611,32.9658
2016-07-15,66.4106,42.03,28.6094,16.85,95.4354,33.1293
2016-07-16,66.33826666666667,41.98,28.56573333333333,16.826666666666668,95.4545,33.045700000000004
2016-07-17,66.26593333333334,41.93,28.522066666666667,16.803333333333335,95.4736,32.9621
2016-07-18,66.1936,41.88,28.4784,16.78,95.4927,32.8785
2016-07-19,66.228,42.05,28.4122,16.82,95.4232,32.9902
2016-07-20,66.7242,42.38,28.7455,16.89,95.9479,33.075
2016-07-21,66.7261,42.09,28.5702,16.78,95.7612,32.7351
2016-07-22,67.3347,42.44,28.7767,16.87,96.4151,32.8371
2016-07-23,67.42236666666666,42.556666666666665,28.9237,16.926666666666666,96.67526666666666,32.9721
2016-07-24,67.51003333333334,42.67333333333333,29.0707,16.983333333333334,96.93543333333334,33.1071
2016-07-25,67.5977,42.79,29.2177,17.04,97.1956,33.2421
2016-07-26,67.2607,42.59,28.9057,16.99,96.1292,33.0598
2016-07-27,67.6347,42.62,29.0069,17.04,96.6228,33.1788
2016-07-28,67.9203,42.84,29.1463,17.11,97.2462,33.2019
2016-07-29,68.3066,42.54,29.0691,17.08,98.0917,33.0593
2016-07-30,68.49123333333334,42.48333333333333,29.021466666666665,17.093333333333334,98.0708,33.014466666666664
2016-07-31,68.67586666666666,42.42666666666666,28.97383333333333,17.106666666666666,98.0499,32.969633333333334
2016-08-01,68.8605,42.37,28.9262,17.12,98.029,32.9248
2016-08-02,68.4314,42.18,28.8083,17.09,97.4528,32.8389
2016-08-03,67.4573,41.75,28.5027,16.94,96.4352,32.6097
2016-08-04,67.4301,41.86,28.5919,16.98,97.0396,32.6809
2016-08-05,68.1777,42.41,29.071,17.2,99.0712,33.2877
2016-08-06,68.3507,42.47666666666667,29.1075,17.216666666666665,99.2161,33.300333333333334
2016-08-07,68.5237,42.54333333333333,29.144,17.233333333333334,99.361,33.31296666666667
2016-08-08,68.6967,42.61,29.1805,17.25,99.5059,33.3256
2016-08-09,68.3525,42.61,29.1348,17.18,99.2733,33.2142
2016-08-10,67.8529,42.09,28.8056,17.01,98.3056,32.6712
2016-08-11,67.9208,42.05,28.6573,17.02,98.1658,32.5647
2016-08-12,68.1075,42.36,28.7372,17.16,98.9679,32.9671
2016-08-13,68.1694,42.3525,28.709325,17.1475,99.0195,32.980225000000004
2016-08-14,68.2313,42.345,28.68145,17.134999999999998,99.0711,32.99335
2016-08-15,68.2932,42.3375,28.653575,17.1225,99.1227,33.006474999999995
2016-08-16,68.3551,42.33,28.6257,17.11,99.1743,33.0196
2016-08-17,68.7205,42.54,28.8456,17.08,100.0945,33.1322
2016-08-18,68.9197,42.93,29.118,17.19,100.5789,33.4863
2016-08-19,69.144,42.9,29.3512,17.18,100.2725,33.7029
2016-08-20,69.05136666666667,42.84,29.365166666666667,17.15,100.02673333333333,33.6407
2016-08-21,68.95873333333334,42.78,29.37913333333333,17.12,99.78096666666669,33.5785
2016-08-22,68.8661,42.72,29.3931,17.09,99.5352,33.5163
2016-08-23,68.5955,42.61,29.5326,17.11,99.2958,33.541
2016-08-24,69.0854,42.91,29.7098,17.16,99.437,33.5702
2016-08-25,68.8851,42.75,29.7859,17.06,99.1804,33.4645
2016-08-26,69.135,42.56,29.7023,17.02,99.1229,33.3318
2016-08-27,69.10566666666666,42.63333333333333,29.680933333333336,17.03333333333333,99.52636666666666,33.397800000000004
2016-08-28,69.07633333333334,42.70666666666667,29.659566666666667,17.046666666666667,99.92983333333332,33.4638
2016-08-29,69.047,42.78,29.6382,17.06,100.3333,33.5298
2016-08-30,69.757,43.06,29.9529,17.27,101.6252,33.819
2016-08-31,70.1352,43.22,30.0697,17.36,102.1694,33.9644
2016-09-01,69.8259,42.87,30.0021,17.32,102.3572,33.7548
2016-09-02,69.8744,43.0,30.2409,17.4,103.2182,33.9973
2016-09-03,70.028975,43.1,30.3156,17.46,103.721675,34.15365
2016-09-04,70.18355,43.2,30.3903,17.52,104.22515,34.31
2016-09-05,70.33812499999999,43.3,30.465,17.58,104.728625,34.466350000000006
2016-09-06,70.4927,43.4,30.5397,17.64,105.2321,34.6227
2016-09-07,70.4685,43.42,30.6202,17.58,105.3862,34.6992
2016-09-08,70.7138,43.83,30.9693,17.65,106.4174,34.8728
2016-09-09,70.4563,43.55,30.6938,17.51,105.7389,34.5522
2016-09-10,70.05416666666666,43.266666666666666,30.48173333333333,17.41,104.91986666666666,34.28393333333333
2016-09-11,69.65203333333334,42.98333333333333,30.269666666666662,17.310000000000002,104.10083333333334,34.01566666666667
2016-09-12,69.2499,42.7,30.0576,17.21,103.2818,33.7474
2016-09-13,69.5798,42.760000000000005,30.28085,17.23,103.48075,33.9247
2016-09-14,69.9097,42.82,30.5041,17.25,103.6797,34.102
2016-09-15,69.9556,42.7,30.691,17.28,104.1442,34.0208
2016-09-16,70.3716,42.88,30.6903,17.38,104.2853,34.1658
2016-09-17,70.4164,42.92333333333333,30.77003333333333,17.39,104.30753333333334,34.17946666666666
2016-09-18,70.4612,42.96666666666667,30.849766666666667,17.4,104.32976666666669,34.193133333333336
2016-09-19,70.506,43.01,30.9295,17.41,104.352,34.2068
2016-09-20,70.2076,42.9,30.9171,17.34,103.8933,34.0911
2016-09-21,70.2452,42.94,31.0039,17.34,104.1333,34.0925
2016-09-22,71.0434,43.31,31.2354,17.48,105.2054,34.5265
2016-09-23,70.9682,43.25,31.1634,17.42,104.9624,34.3678
2016-09-24,70.81309999999999,43.156666666666666,31.1771,17.35666666666667,104.51346666666667,34.248333333333335
2016-09-25,70.658,43.06333333333333,31.1908,17.293333333333333,104.06453333333332,34.12886666666667
2016-09-26,70.5029,42.97,31.2045,17.23,103.6156,34.0094
2016-09-27,70.7116,42.82,31.1739,17.18,103.4023,33.839
2016-09-28,70.9419,43.06,31.3961,17.28,104.5539,34.2105
2016-09-29,69.1453,42.0,30.0746,16.99,101.9725,33.4912
2016-09-30,70.1831,42.3,30.645,17.07,103.2756,33.8577
2016-10-01,70.6589,42.556666666666665,30.89173333333333,17.153333333333332,104.0301,34.04796666666667
2016-10-02,71.1347,42.81333333333333,31.138466666666663,17.236666666666668,104.7846,34.23823333333333
2016-10-03,71.6105,43.07,31.3852,17.32,105.5391,34.4285
2016-10-04,72.1371,43.12,31.8019,17.38,105.814,34.705
2016-10-05,72.3941,43.17,32.0853,17.36,106.0017,34.6988
2016-10-06,72.1407,43.11,32.0223,17.29,105.5664,34.7534
2016-10-07,71.7895,43.03,32.0304,17.27,105.8883,34.7456
2016-10-08,71.86106666666667,42.97666666666667,32.09063333333334,17.276666666666667,105.84983333333334,34.722166666666666
2016-10-09,71.93263333333333,42.92333333333333,32.150866666666666,17.28333333333333,105.81136666666669,34.69873333333334
2016-10-10,72.0042,42.87,32.2111,17.29,105.7729,34.6753
2016-10-11,71.70156666666666,42.58333333333333,32.01853333333334,17.223333333333333,105.24103333333332,34.433166666666665
2016-10-12,71.39893333333333,42.29666666666667,31.82596666666667,17.156666666666666,104.70916666666668,34.19103333333334
2016-10-13,71.0963,42.01,31.6334,17.09,104.1773,33.9489
2016-10-14,71.7286,42.23,32.063,17.15,104.376,34.1738
2016-10-15,71.51926666666667,42.18333333333333,32.0306,17.093333333333334,103.8685,34.1758
2016-10-16,71.30993333333333,42.13666666666667,31.9982,17.036666666666665,103.361,34.1778
2016-10-17,71.1006,42.09,31.9658,16.98,102.8535,34.1798
2016-10-18,71.5439,42.61,32.5132,17.21,104.2723,34.6836
2016-10-19,71.6373,42.71,32.6712,17.22,104.3618,34.7269
2016-10-20,71.7223,42.89,32.9531,17.25,104.5455,35.0767
2016-10-21,72.1694,42.95,32.9317,17.27,104.9644,35.0171
2016-10-22,72.22926666666666,43.02,32.989066666666666,17.276666666666667,105.07396666666666,35.055233333333334
2016-10-23,72.28913333333334,43.09,33.04643333333333,17.28333333333333,105.18353333333332,35.09336666666667
2016-10-24,72.349,43.16,33.1038,17.29,105.2931,35.1315
2016-10-25,72.3091,43.21,33.1187,17.22,105.4287,35.2442
2016-10-26,71.9023,42.99,32.9982,17.09,104.7647,34.7895
2016-10-27,71.621,42.96,32.8467,17.07,103.4831,34.7545
2016-10-28,72.4126,43.15,33.122,17.13,104.2131,34.8204
2016-10-29,72.503475,43.2225,33.166075,17.119999999999997,104.387225,34.823225
2016-10-30,72.59434999999999,43.295,33.21015,17.11,104.56135,34.826049999999995
2016-10-31,72.685225,43.3675,33.254225,17.1,104.735475,34.828875
2016-11-01,72.7761,43.44,33.2983,17.09,104.9096,34.8317
2016-11-02,71.7233,42.91,32.6555,16.86,103.8179,34.2734
2016-11-03,71.2562,42.53,32.2475,16.78,103.3814,33.9543
2016-11-04,70.0901,41.9,31.7378,16.68,102.3488,33.7051
2016-11-05,70.28893333333333,42.01,31.9127,16.71,102.49696666666668,33.83703333333334
2016-11-06,70.48776666666667,42.12,32.0876,16.74,102.64513333333332,33.96896666666667
2016-11-07,70.6866,42.23,32.2625,16.77,102.7933,34.1009
2016-11-08,70.7348,42.22,32.2165,16.85,103.6542,34.2904
2016-11-09,69.5547,41.71,31.5632,16.68,101.2927,34.0095
2016-11-10,70.1582,42.66,32.0227,16.9,101.5513,34.7958
2016-11-11,67.9067,41.79,30.9,16.53,97.9112,33.8877
2016-11-12,67.289425,41.5575,30.545225,16.445,96.902625,33.705600000000004
2016-11-13,66.67215,41.325,30.19045,16.36,95.89405,33.5235
2016-11-14,66.05487500000001,41.0925,29.835675,16.275000000000002,94.885475,33.3414
2016-11-15,65.4376,40.86,29.4809,16.19,93.8769,33.1593
2016-11-16,65.9613,41.02,29.5053,16.19,94.5824,33.018
2016-11-17,65.8936,40.78,29.3565,16.14,94.0345,32.9447
2016-11-18,65.7289,41.01,29.4613,16.13,94.4016,32.9708
2016-11-19,65.28876666666666,40.693333333333335,29.137933333333333,16.026666666666667,93.5477,32.6649
2016-11-20,64.84863333333334,40.376666666666665,28.814566666666668,15.923333333333334,92.6938,32.359
2016-11-21,64.4085,40.06,28.4912,15.82,91.8399,32.0531
2016-11-22,65.0093,40.21,28.7589,15.94,93.1607,32.3157
2016-11-23,65.6707,40.36,29.3178,15.99,93.7048,32.5299
2016-11-24,65.6805,40.33,29.3429,15.87,92.879,32.266
2016-11-25,66.4501,40.73,29.8868,16.14,93.3341,32.5667
2016-11-26,66.43883333333333,40.876666666666665,29.96643333333333,16.150000000000002,93.56836666666668,32.6094
2016-11-27,66.42756666666668,41.02333333333333,30.046066666666665,16.16,93.80263333333332,32.6521
2016-11-28,66.4163,41.17,30.1257,16.17,94.0369,32.6948
2016-11-29,66.8042,41.37,30.2811,16.2,95.4136,32.7993
2016-11-30,67.1414,41.81,30.787,16.34,96.325,33.312
2016-12-01,66.7163,41.43,30.5768,16.27,95.8011,32.8085
2016-12-02,65.9579,41.23,30.159,16.07,94.6752,32.4826
2016-12-03,65.9583,41.28666666666666,30.168433333333333,16.096666666666668,94.99116666666669,32.4864
2016-12-04,65.95870000000001,41.34333333333333,30.177866666666667,16.12333333333333,95.30713333333333,32.4902
2016-12-05,65.9591,41.4,30.1873,16.15,95.6231,32.494
2016-12-06,66.1492,41.63,30.3489,16.17,95.557,32.624
2016-12-07,65.7743,41.45,30.1246,16.08,95.7115,32.5573
2016-12-08,66.2933,41.98,30.5358,16.34,97.5402,33.047
2016-12-09,66.5231,42.17,30.7274,16.38,97.2521,33.2499
2016-12-10,66.36306666666667,42.16333333333333,30.655166666666663,16.323333333333334,96.8314,33.099866666666664
2016-12-11,66.20303333333334,42.156666666666666,30.582933333333333,16.266666666666666,96.4107,32.94983333333333
2016-12-12,66.043,42.15,30.5107,16.21,95.99,32.7998
2016-12-13,65.794,42.23,30.5294,16.29,96.451,32.9853
2016-12-14,65.1625,41.71,30.3952,16.21,95.7641,32.7742
2016-12-15,65.1244,41.68,30.4763,16.17,95.6133,32.7152
2016-12-16,65.3879,41.43,30.4647,16.17,95.5965,32.5852
2016-12-17,65.23843333333333,41.373333333333335,30.42543333333333,16.150000000000002,95.41896666666668,32.5383
2016-12-18,65.08896666666666,41.31666666666666,30.386166666666668,16.13,95.24143333333332,32.4914
2016-12-19,64.9395,41.26,30.3469,16.11,95.0639,32.4445
2016-12-20,64.3862,41.05,30.0861,16.1,94.1762,32.1612
2016-12-21,64.5949,41.06,30.0207,16.05,93.8447,32.1487
2016-12-22,64.0368,40.37,29.564,15.88,93.1541,31.7277
2016-12-23,63.8292,40.52,29.6147,15.91,93.5511,31.7473
2016-12-24,63.515566666666665,40.38333333333333,29.42773333333333,15.86,93.09643333333334,31.5907
2016-12-25,63.201933333333336,40.24666666666667,29.240766666666666,15.81,92.64176666666668,31.4341
2016-12-26,62.8883,40.11,29.0538,15.76,92.1871,31.2775
2016-12-27,63.4912,40.57,29.4907,15.98,93.6185,31.6856
2016-12-28,63.8126,40.8,29.6995,16.0,93.6912,31.6712
2016-12-29,64.4801,41.14,29.9168,16.13,94.7328,32.0031
2016-12-30,64.8126,41.46,30.2794,16.28,95.1766,32.2654
2016-12-31,65.02313333333333,41.60666666666667,30.349733333333333,16.293200000000002,95.65476666666666,32.308166666666665
2017-01-01,65.23366666666666,41.75333333333333,30.420066666666667,16.3064,96.13293333333333,32.35093333333334
2017-01-02,65.4442,41.9,30.4904,16.3196,96.6111,32.3937
2017-01-03,65.69515,42.1,30.7436,16.34245,96.68495,32.4955
2017-01-04,65.9461,42.3,30.9968,16.3653,96.7588,32.5973
2017-01-05,66.3197,42.79,31.2772,16.5096,98.418,33.0189
2017-01-06,66.1025,42.57,31.1588,16.4287,98.2762,32.9491
2017-01-07,66.17676666666667,42.54333333333334,31.2265,16.42653333333333,98.26093333333334,32.93593333333333
2017-01-08,66.25103333333334,42.516666666666666,31.2942,16.424366666666668,98.24566666666666,32.92276666666667
2017-01-09,66.3253,42.49,31.3619,16.4222,98.2304,32.9096
2017-01-10,66.6496,42.74,31.6315,16.513,99.1807,33.1476
2017-01-11,67.185,43.32,31.9484,16.6874,100.2706,33.5499
2017-01-12,67.0504,43.86,31.9088,16.7514,99.9331,33.6112
2017-01-13,67.1288,43.76,31.8583,16.7248,99.3849,33.5596
2017-01-14,67.16786666666667,43.78333333333333,31.952666666666666,16.73003333333333,99.46336666666669,33.618233333333336
2017-01-15,67.20693333333332,43.806666666666665,32.04703333333333,16.735266666666668,99.54183333333332,33.67686666666667
2017-01-16,67.246,43.83,32.1414,16.7405,99.6203,33.7355
2017-01-17,67.4212,43.9,32.1408,16.7272,99.7283,33.7503
2017-01-18,67.9301,44.06,32.3544,16.7526,99.795,33.7689
2017-01-19,67.9343,44.27,32.4377,16.8089,100.4246,34.0299
2017-01-20,67.3154,43.79,32.0474,16.6468,99.1953,33.4902
2017-01-21,67.3814,43.82,32.1117,16.6706,99.32793333333332,33.539433333333335
2017-01-22,67.4474,43.85,32.176,16.694399999999998,99.46056666666668,33.58866666666667
2017-01-23,67.5134,43.88,32.2403,16.7182,99.5932,33.6379
2017-01-24,68.2073,44.39,32.3531,16.8667,100.7916,33.9993
2017-01-25,68.7005,44.54,32.5774,17.0571,102.1286,34.3898
2017-01-26,68.8666,44.82,32.638549999999995,17.08965,102.2967,34.6677
2017-01-27,69.0327,45.1,32.6997,17.1222,102.4648,34.9456
2017-01-28,68.96546666666667,45.18333333333334,32.71216666666667,17.139266666666668,102.24786666666668,35.026066666666665
2017-01-29,68.89823333333334,45.266666666666666,32.72463333333333,17.156333333333333,102.03093333333332,35.10653333333333
2017-01-30,68.831,45.35,32.7371,17.1734,101.814,35.187
2017-01-31,68.4302,45.09,32.3483,17.0457,101.1644,35.0377
2017-02-01,69.1959,45.65,32.8748,17.3132,104.0651,35.6918
2017-02-02,69.6011,45.92,33.1759,17.3811,103.454,36.0725
2017-02-03,70.6169,46.14,33.4026,17.432,103.0375,36.3736
2017-02-04,70.81973333333333,46.263333333333335,33.53013333333333,17.453666666666667,103.31053333333332,36.456966666666666
2017-02-05,71.02256666666666,46.38666666666666,33.65766666666667,17.47533333333333,103.58356666666668,36.540333333333336
2017-02-06,71.2254,46.51,33.7852,17.497,103.8566,36.6237
2017-02-07,71.0116,46.34,33.554,17.4393,103.3855,36.4077
2017-02-08,70.954,46.43,33.4956,17.4632,103.8318,36.409
2017-02-09,71.111,46.5,33.5462,17.4712,104.24,36.3964
2017-02-10,71.1986,46.5,33.5386,17.5134,104.1846,36.4083
2017-02-11,71.079,46.51,33.4319,17.506433333333334,104.10226666666668,36.35593333333333
2017-02-12,70.9594,46.52,33.3252,17.499466666666667,104.01993333333334,36.30356666666666
2017-02-13,70.8398,46.53,33.2185,17.4925,103.9376,36.2512
2017-02-14,70.5556,46.5,33.0548,17.4594,103.0397,36.171
2017-02-15,69.6469,46.06,32.4392,17.3082,101.3296,35.6753
2017-02-16,70.3163,46.38,32.8984,17.4178,102.4827,35.9721
2017-02-17,70.6673,46.44,33.1593,17.5075,102.2738,36.2264
2017-02-18,70.86726666666667,46.556666666666665,33.2488,17.5521,102.49496666666666,36.3134
2017-02-19,71.06723333333333,46.67333333333333,33.3383,17.596700000000002,102.71613333333332,36.4004
2017-02-20,71.2672,46.79,33.4278,17.6413,102.9373,36.4874
2017-02-21,71.344,46.75,33.6398,17.6641,103.146,36.7144
2017-02-22,70.7709,46.69,33.4843,17.659,103.0273,36.7826
2017-02-23,70.9789,46.57,33.4548,17.7034,102.9241,36.8761
2017-02-24,70.94715,46.51,33.46985,17.676125,102.80915,36.806825
2017-02-25,70.9154,46.45,33.4849,17.64885,102.6942,36.73755
2017-02-26,70.88365,46.39,33.49995,17.621575,102.57925,36.668275
2017-02-27,70.8519,46.33,33.515,17.5943,102.4643,36.599
2017-02-28,71.1531,46.34,33.6216,17.5867,102.522,36.5693
2017-03-01,71.2845,46.37,33.8449,17.6594,102.6902,36.6088
2017-03-02,70.5438,46.12,33.4699,17.5417,102.8335,36.3215
2017-03-03,70.579,46.23,33.5412,17.5423,102.8779,36.3543
2017-03-04,70.59236666666666,46.31666666666666,33.6058,17.582233333333335,103.12663333333332,36.405233333333335
2017-03-05,70.60573333333333,46.403333333333336,33.6704,17.622166666666665,103.37536666666666,36.45616666666667
2017-03-06,70.6191,46.49,33.735,17.6621,103.6241,36.5071
2017-03-07,70.5143,46.45,33.7631,17.6443,103.4541,36.4503
2017-03-08,70.2652,46.15,33.6073,17.5817,103.0887,36.308
2017-03-09,70.3066,46.07,33.7329,17.5967,103.3128,36.3521
2017-03-10,70.1381,46.07,33.7674,17.6109,103.6758,36.3123
2017-03-11,70.39632499999999,46.225,33.85605,17.660600000000002,103.996825,36.41685
2017-03-12,70.65455,46.38,33.9447,17.7103,104.31785,36.5214
2017-03-13,70.91277500000001,46.535,34.03335,17.759999999999998,104.638875,36.62595
2017-03-14,71.171,46.69,34.122,17.8097,104.9599,36.7305
2017-03-15,71.8817,46.82,34.3234,17.8295,105.8293,37.0616
2017-03-16,72.2302,47.28,34.5304,17.9513,106.9332,37.2746
2017-03-17,72.2704,47.1,34.4909,17.9323,106.5425,37.0254
2017-03-18,72.309,47.06,34.52356666666667,17.911733333333334,106.60436666666666,36.97113333333333
2017-03-19,72.3476,47.02,34.55623333333334,17.891166666666667,106.66623333333334,36.91686666666666
2017-03-20,72.3862,46.98,34.5889,17.8706,106.7281,36.8626
2017-03-21,72.14,46.94,34.5043,17.8825,106.4128,36.7034
2017-03-22,71.5794,46.46,34.2987,17.6866,105.3427,36.2579
2017-03-23,71.8856,46.7,34.5283,17.7929,106.1028,36.4871
2017-03-24,72.1093,46.99,34.8047,17.826,106.2799,36.7873
2017-03-25,72.1353,46.92666666666667,34.80996666666667,17.801133333333333,106.11566666666668,36.78066666666667
2017-03-26,72.1613,46.86333333333333,34.81523333333333,17.776266666666668,105.95143333333333,36.774033333333335
2017-03-27,72.1873,46.8,34.8205,17.7514,105.7872,36.7674
2017-03-28,72.4506,47.24,34.997,17.838,106.111,37.1133
2017-03-29,72.8842,47.77,35.2903,17.9155,106.2017,37.3135
2017-03-30,73.344,48.1,35.6056,17.9846,107.1266,37.5867
2017-03-31,73.9814,48.32,35.8843,17.9987,107.4379,37.5668
2017-04-01,74.0816,48.45,36.07656666666667,18.021733333333334,107.63106666666668,37.6381
2017-04-02,74.1818,48.58,36.26883333333333,18.044766666666664,107.82423333333332,37.7094
2017-04-03,74.282,48.71,36.4611,18.0678,108.0174,37.7807
2017-04-04,74.4735,48.89,36.7443,18.0997,108.64285,37.9053
2017-04-05,74.665,49.07,37.0275,18.1316,109.2683,38.0299
2017-04-06,74.5319,48.97,37.1527,18.1143,109.3211,37.921
2017-04-07,74.1631,48.81,37.0163,18.0262,109.0255,37.9022
2017-04-08,74.23186666666666,48.85333333333333,37.13413333333333,18.02,109.2233,37.9887
2017-04-09,74.30063333333334,48.89666666666667,37.25196666666667,18.0138,109.4211,38.0752
2017-04-10,74.3694,48.94,37.3698,18.0076,109.6189,38.1617
2017-04-11,74.9308,49.43,37.9472,18.1405,110.1513,38.5257
2017-04-12,74.7667,49.23,37.719,18.0662,109.5009,38.3307
2017-04-13,74.6891,49.25,37.8036,17.933,109.0971,38.3948
2017-04-14,74.7207,49.2525,37.80935,17.931675,109.12405,38.39195
2017-04-15,74.75229999999999,49.255,37.8151,17.93035,109.151,38.3891
2017-04-16,74.7839,49.2575,37.82085,17.929025000000003,109.17795,38.38625
2017-04-17,74.8155,49.26,37.8266,17.9277,109.2049,38.3834
2017-04-18,74.6829,49.11,37.6204,17.8844,108.687,38.3115
2017-04-19,75.0926,49.58,37.8713,17.924,109.1422,38.3358
2017-04-20,75.5274,49.54,38.1817,18.0249,109.7788,38.3165
2017-04-21,75.4702,49.46,38.2555,18.0054,109.3647,38.2592
2017-04-22,75.6769,49.60666666666667,38.36636666666666,18.062066666666663,109.68773333333333,38.35516666666667
2017-04-23,75.8836,49.75333333333333,38.47723333333333,18.11873333333333,110.01076666666668,38.45113333333333
2017-04-24,76.0903,49.9,38.5881,18.1754,110.3338,38.5471
2017-04-25,76.4649,50.07,38.7034,18.3384,111.1594,38.9722
2017-04-26,76.1728,49.9,38.3297,18.4079,111.3711,39.0901
2017-04-27,76.164,49.95,38.45,18.4048,111.1465,38.949
2017-04-28,76.4528,50.14,38.6253,18.3365,111.906,39.1559
2017-04-29,76.46402499999999,50.120000000000005,38.6429,18.331775,112.0409,39.13355
2017-04-30,76.47524999999999,50.1,38.6605,18.32705,112.1758,39.1112
2017-05-01,76.486475,50.08,38.6781,18.322325,112.3107,39.08885
2017-05-02,76.4977,50.06,38.6957,18.3176,112.4456,39.0665
2017-05-03,76.3688,50.07,38.9735,18.2965,112.235,39.0123
2017-05-04,76.4627,50.61,39.1386,18.3345,112.3296,39.4698
2017-05-05,76.0674,50.14,38.6346,18.1649,111.7246,39.0715
2017-05-06,76.14063333333334,50.2,38.72753333333333,18.180166666666665,111.795,39.185766666666666
2017-05-07,76.21386666666666,50.26,38.82046666666667,18.19543333333333,111.8654,39.30003333333333
2017-05-08,76.2871,50.32,38.9134,18.2107,111.9358,39.4143
2017-05-09,76.3111,50.42,38.9738,18.2377,111.9586,39.3718
2017-05-10,76.9377,50.84,39.2635,18.4422,113.3557,39.8095
2017-05-11,76.9895,50.65,39.1281,18.3995,114.116,39.7155
2017-05-12,76.4244,50.39,38.8847,18.3953,113.8796,39.5276
2017-05-13,76.59233333333334,50.513333333333335,38.95523333333333,18.4135,114.05373333333333,39.5738
2017-05-14,76.76026666666667,50.63666666666666,39.02576666666667,18.4317,114.22786666666669,39.620000000000005
2017-05-15,76.9282,50.76,39.0963,18.4499,114.402,39.6662
2017-05-16,77.3279,51.06,39.3945,18.5908,115.25,39.9972
2017-05-17,77.295,51.39,39.373,18.5938,115.5759,39.9945
2017-05-18,76.0998,50.61,38.613,18.4065,113.75,39.5209
2017-05-19,75.4225,50.49,38.3387,18.4194,113.35,39.4778
2017-05-20,75.26216666666667,50.34666666666667,38.22193333333333,18.429066666666667,112.99583333333332,39.3748
2017-05-21,75.10183333333333,50.20333333333333,38.10516666666667,18.43873333333333,112.64166666666668,39.2718
2017-05-22,74.9415,50.06,37.9884,18.4484,112.2875,39.1688
2017-05-23,73.7292,49.62,37.3187,18.3299,112.0362,38.8859
2017-05-24,72.9905,49.08,36.6375,18.2723,111.8794,38.6744
2017-05-25,74.274,49.74,37.4294,18.5422,113.4376,39.4026
2017-05-26,75.4039,50.38,38.037,18.6858,114.8832,39.7274
2017-05-27,75.08399999999999,50.29,37.89233333333333,18.6981,114.78543333333332,39.633966666666666
2017-05-28,74.7641,50.2,37.74766666666667,18.7104,114.68766666666669,39.540533333333336
2017-05-29,74.4442,50.11,37.603,18.7227,114.5899,39.4471
2017-05-30,74.7753,50.08,37.5492,18.7366,114.9528,39.6764
2017-05-31,75.541,50.29,37.9327,18.7617,115.8105,39.8816
2017-06-01,76.1083,50.2,38.2716,18.783,116.5382,39.6833
2017-06-02,76.3648,50.26,38.5098,18.8425,117.1954,39.7378
2017-06-03,76.4894,50.35333333333333,38.5974,18.855566666666668,117.40006666666667,39.7869
2017-06-04,76.614,50.446666666666665,38.685,18.86863333333333,117.60473333333331,39.836
2017-06-05,76.7386,50.54,38.7726,18.8817,117.8094,39.8851
2017-06-06,76.1736,50.03,38.559,18.7814,117.0999,39.6791
2017-06-07,76.5155,50.31,38.7283,18.8355,117.672,39.8933
2017-06-08,76.7785,50.29,39.0774,18.7888,117.8373,39.9056
2017-06-09,77.0583,50.42,39.3131,18.8306,118.7707,40.0456
2017-06-10,76.92553333333333,50.29666666666667,39.2363,18.80313333333333,118.42856666666668,39.93986666666667
2017-06-11,76.79276666666667,50.17333333333333,39.1595,18.775666666666663,118.08643333333332,39.83413333333333
2017-06-12,76.66,50.05,39.0827,18.7482,117.7443,39.7284
2017-06-13,77.0892,50.07,39.0979,18.7439,117.5081,39.7139
2017-06-14,77.3537,50.26,39.263,18.7497,117.5699,39.6683
2017-06-15,77.7119,50.16,39.3085,18.6857,117.4058,39.4239
2017-06-16,77.7856,50.48,39.5346,18.6946,117.982,39.7069
2017-06-17,77.73443333333333,50.57,39.58956666666666,18.7359,118.09783333333333,39.77996666666667
2017-06-18,77.68326666666667,50.66,39.644533333333335,18.7772,118.21366666666668,39.85303333333333
2017-06-19,77.6321,50.75,39.6995,18.8185,118.3295,39.9261
2017-06-20,77.8136,50.76,39.7811,18.8346,118.5903,39.9781
2017-06-21,77.7997,50.57,39.7108,18.8124,117.9961,39.8937
2017-06-22,77.3988,50.27,39.3842,18.7928,117.9018,39.7708
2017-06-23,76.6002,49.86,38.6858,18.6687,115.977,39.396
2017-06-24,76.38527500000001,49.7425,38.543375,18.65265,115.6771,39.304475
2017-06-25,76.17035,49.625,38.40095,18.6366,115.3772,39.21295
2017-06-26,75.95542499999999,49.5075,38.258525000000006,18.62055,115.0773,39.121425
2017-06-27,75.7405,49.39,38.1161,18.6045,114.7774,39.0299
2017-06-28,75.4929,49.65,38.2092,18.5706,114.8671,39.0486
2017-06-29,76.2913,49.84,38.4847,18.5994,115.0185,39.205
2017-06-30,76.7309,49.88,38.5027,18.6713,115.0361,39.2745
2017-07-01,76.90220000000001,50.016666666666666,38.6645,18.729166666666664,115.5462,39.3509
2017-07-02,77.0735,50.153333333333336,38.8263,18.787033333333333,116.0563,39.4273
2017-07-03,77.2448,50.29,38.9881,18.8449,116.5664,39.5037
2017-07-04,77.119,50.31,39.2518,18.8164,116.4899,39.3107
2017-07-05,77.6264,50.57,39.7333,18.8665,117.3871,39.5993
2017-07-06,77.5753,50.75,40.2316,18.9143,117.7677,39.7517
2017-07-07,77.5699,50.81,40.2618,18.9249,117.7061,39.7759
2017-07-08,77.5708,50.96,40.32556666666667,18.99233333333333,117.88456666666669,39.92216666666667
2017-07-09,77.57169999999999,51.11,40.38933333333333,19.059766666666665,118.06303333333334,40.06843333333333
2017-07-10,77.5726,51.26,40.4531,19.1272,118.2415,40.2147
2017-07-11,77.2421,51.03,40.3055,19.1372,118.2015,40.0459
2017-07-12,77.8572,51.48,40.4817,19.1757,118.5585,40.2695
2017-07-13,78.4623,51.68,40.6637,19.3347,118.7039,40.5471
2017-07-14,78.3063,51.53,40.3506,19.3101,118.1434,40.5949
2017-07-15,78.22506666666666,51.54666666666667,40.3809,19.3147,118.25866666666668,40.6036
2017-07-16,78.14383333333333,51.56333333333333,40.4112,19.3193,118.37393333333333,40.612300000000005
2017-07-17,78.0626,51.58,40.4415,19.3239,118.4892,40.621
2017-07-18,77.57,51.41,40.2071,19.1614,118.4296,40.5238
2017-07-19,77.9927,51.73,40.6138,19.336,118.8497,40.988
2017-07-20,77.634,51.71,40.8184,19.3099,118.6743,41.0102
2017-07-21,77.7043,51.62,40.8245,19.3496,118.4785,40.917
2017-07-22,77.71136666666666,51.626666666666665,40.7998,19.380233333333333,118.62276666666666,40.95366666666667
2017-07-23,77.71843333333334,51.63333333333333,40.7751,19.410866666666667,118.76703333333332,40.99033333333333
2017-07-24,77.7255,51.64,40.7504,19.4415,118.9113,41.027
2017-07-25,77.9112,51.82,40.6595,19.4619,118.6457,41.243
2017-07-26,77.9251,51.93,40.8184,19.5603,119.1506,41.186
2017-07-27,77.721,51.54,40.3917,19.5056,118.3768,41.0429
2017-07-28,78.0045,51.26,40.5936,19.4987,118.6535,40.9212
2017-07-29,77.98963333333333,51.42333333333333,40.6248,19.523266666666665,118.8506,41.05053333333333
2017-07-30,77.97476666666667,51.586666666666666,40.656,19.547833333333333,119.0477,41.17986666666666
2017-07-31,77.9599,51.75,40.6872,19.5724,119.2448,41.3092
2017-08-01,77.9,51.73,40.6501,19.6528,120.6089,41.2502
2017-08-02,77.7956,51.68,40.7257,19.5952,120.4265,41.2076
2017-08-03,76.9741,51.19,40.3916,19.4926,119.5378,40.8762
2017-08-04,77.1156,51.44,40.5023,19.5376,119.9545,41.1568
2017-08-05,77.30316666666667,51.55,40.55563333333333,19.520766666666667,120.18336666666666,41.22286666666666
2017-08-06,77.49073333333332,51.66,40.60896666666667,19.503933333333336,120.41223333333332,41.28893333333333
2017-08-07,77.6783,51.77,40.6623,19.4871,120.6411,41.355
2017-08-08,77.0291,51.33,40.1638,19.3396,119.9854,40.7974
2017-08-09,75.7961,50.77,39.435,19.2081,118.0731,40.4546
2017-08-10,74.0683,50.04,38.3041,19.0345,115.0078,39.9152
2017-08-11,73.8984,49.8,38.2988,18.855,113.9749,39.4626
2017-08-12,74.41053333333333,50.123333333333335,38.5373,18.9086,114.6046,39.5824
2017-08-13,74.92266666666666,50.446666666666665,38.7758,18.9622,115.2343,39.702200000000005
2017-08-14,75.4348,50.77,39.0143,19.0158,115.864,39.822
2017-08-15,75.72645,50.96,39.3082,19.10405,116.6804,40.06245
2017-08-16,76.0181,51.15,39.6021,19.1923,117.4968,40.3029
2017-08-17,76.2449,51.25,39.8192,19.2084,116.986,40.44
2017-08-18,75.8828,51.1,39.6047,19.0815,116.5896,40.3465
2017-08-19,75.6577,50.93333333333334,39.4871,19.0246,116.1913,40.25843333333333
2017-08-20,75.4326,50.766666666666666,39.3695,18.9677,115.793,40.170366666666666
2017-08-21,75.2075,50.6,39.2519,18.9108,115.3947,40.0823
2017-08-22,74.9684,50.55,39.2128,18.9137,114.9171,40.1024
2017-08-23,75.1911,50.85,39.5752,19.0794,115.5369,40.5393
2017-08-24,75.3993,50.93,39.7209,19.1073,115.9612,40.6174
2017-08-25,75.54055,50.9725,39.8188,19.13025,116.102975,40.674725
2017-08-26,75.6818,51.015,39.9167,19.1532,116.24475,40.73205
2017-08-27,75.82305,51.057500000000005,40.0146,19.17615,116.386525,40.789375
2017-08-28,75.9643,51.1,40.1125,19.1991,116.5283,40.8467
2017-08-29,75.3882,50.5,39.7143,18.9789,115.477,40.3662
2017-08-30,76.0287,51.17,40.2372,19.1459,116.577,40.7162
2017-08-31,76.3601,51.42,40.5208,19.2152,117.4873,40.8577
2017-09-01,76.6933,51.67,40.9495,19.3315,119.4783,40.8885
2017-09-02,76.57816666666666,51.54666666666667,40.9057,19.2798,119.16936666666668,40.78246666666666
2017-09-03,76.46303333333333,51.42333333333333,40.8619,19.2281,118.86043333333332,40.676433333333335
2017-09-04,76.3479,51.3,40.8181,19.1764,118.5515,40.5704
2017-09-05,77.1294,51.49,41.0822,19.2277,119.2886,40.6431
2017-09-06,77.132,51.43,41.1329,19.1702,119.1531,40.4294
2017-09-07,77.2667,51.39,41.1392,19.1992,119.7763,40.499
2017-09-08,77.2733,51.53,41.12,19.1961,119.5456,40.4615
2017-09-09,77.36156666666668,51.74,41.1823,19.2526,119.84776666666666,40.53176666666667
2017-09-10,77.44983333333333,51.95,41.2446,19.3091,120.14993333333334,40.60203333333333
2017-09-11,77.5381,52.16,41.3069,19.3656,120.4521,40.6723
2017-09-12,78.4183,52.58,41.6651,19.538,121.915,40.9267
2017-09-13,78.0119,52.51,41.3459,19.5012,121.7449,40.7259
2017-09-14,78.4368,52.58,41.5365,19.5113,122.177,40.9205
2017-09-15,78.7941,52.56,41.3969,19.4979,122.3332,40.8987
2017-09-16,78.95666666666666,52.59333333333333,41.54476666666667,19.538833333333333,122.6762,40.99563333333333
2017-09-17,79.11923333333334,52.626666666666665,41.69263333333333,19.579766666666668,123.0192,41.09256666666667
2017-09-18,79.2818,52.66,41.8405,19.6207,123.3622,41.1895
2017-09-19,79.4367,52.67,41.9538,19.632,123.8559,41.3207
2017-09-20,79.2523,52.62,41.9232,19.6219,123.1212,41.1973
2017-09-21,79.0266,52.4,41.7223,19.5999,122.3415,41.0019
2017-09-22,77.1708,51.23,40.8474,19.2875,120.3113,40.3108
2017-09-23,76.8036,51.07,40.5851,19.224933333333333,119.7777,40.19403333333334
2017-09-24,76.43639999999999,50.91,40.3228,19.162366666666667,119.2441,40.07726666666667
2017-09-25,76.0692,50.75,40.0605,19.0998,118.7105,39.9605
2017-09-26,76.3678,51.02,40.6021,19.0946,119.1306,40.0465
2017-09-27,75.2394,50.31,39.9482,18.8566,116.9754,39.5339
2017-09-28,75.6352,50.55,40.1888,18.9178,117.686,39.6664
2017-09-29,76.4225,51.13,40.719,18.9847,119.1724,40.026
2017-09-30,76.413275,51.1275,40.726225,19.012225,119.350625,40.05692500000001
2017-10-01,76.40405,51.125,40.733450000000005,19.03975,119.52885,40.08785
2017-10-02,76.394825,51.1225,40.740675,19.067275,119.707075,40.118775
2017-10-03,76.3856,51.12,40.7479,19.0948,119.8853,40.1497
2017-10-04,76.6486,51.26,41.0758,19.1746,120.1758,40.1706
2017-10-05,76.7121,51.39,41.5068,19.1701,120.0847,40.1529
2017-10-06,77.3038,51.98,41.9214,19.3449,121.3561,40.5443
2017-10-07,77.28136666666667,51.96666666666666,42.05856666666666,19.348133333333333,121.38873333333332,40.552
2017-10-08,77.25893333333333,51.95333333333333,42.19573333333334,19.351366666666667,121.42136666666666,40.5597
2017-10-09,77.2365,51.94,42.3329,19.3546,121.454,40.5674
2017-10-10,77.7882,52.05,42.7441,19.4283,121.7873,40.6184
2017-10-11,77.1252,51.75,42.3449,19.3721,120.6768,40.5766
2017-10-12,77.6719,52.04,42.761,19.5961,122.1639,40.8232
2017-10-13,77.5549,52.4,42.875,19.7231,122.4803,41.2656
2017-10-14,77.6782,52.486666666666665,42.88333333333333,19.7699,122.70303333333334,41.3445
2017-10-15,77.8015,52.57333333333333,42.891666666666666,19.8167,122.92576666666666,41.4234
2017-10-16,77.9248,52.66,42.9,19.8635,123.1485,41.5023
2017-10-17,78.1566,52.74,43.1671,19.8869,123.1937,41.6735
2017-10-18,78.0105,52.54,43.2799,19.8952,122.7095,41.2869
2017-10-19,78.0225,52.594,43.29856,19.9033,122.62678,41.35264
2017-10-20,78.0345,52.648,43.31722,19.9114,122.54406,41.41838
2017-10-21,78.0465,52.702,43.33588,19.9195,122.46134,41.48412
2017-10-22,78.0585,52.756,43.35454,19.9276,122.37862,41.54986
2017-10-23,78.0705,52.81,43.3732,19.9357,122.2959,41.6156
2017-10-24,78.4138,53.42,43.6441,19.9374,122.2015,42.0074
2017-10-25,78.2224,55.5,43.5336,19.9847,122.8728,44.0811
2017-10-26,78.279,55.84,43.8594,20.0827,123.1054,44.2522
2017-10-27,78.478,55.86,44.0684,19.9907,124.3014,43.8421
2017-10-28,78.75776666666667,55.95333333333333,44.210366666666665,20.017233333333333,124.7556,43.95223333333333
2017-10-29,79.03753333333333,56.04666666666667,44.35233333333333,20.043766666666667,125.2098,44.06236666666667
2017-10-30,79.3173,56.14,44.4943,20.0703,125.664,44.1725
2017-10-31,79.6152,56.2,44.6098,20.0221,125.7513,44.2709
2017-11-01,79.8326,56.94,44.9496,20.2468,125.8915,45.1169
2017-11-02,80.1577,57.34,45.0965,20.2105,125.1563,45.2045
2017-11-03,79.9542,57.51,45.167,20.2549,125.4485,45.4671
2017-11-04,80.0397,57.53333333333333,45.1987,20.23963333333333,125.80923333333332,45.48836666666667
2017-11-05,80.1252,57.556666666666665,45.2304,20.224366666666665,126.16996666666668,45.50963333333333
2017-11-06,80.2107,57.58,45.2621,20.2091,126.5307,45.5309
2017-11-07,79.4211,56.78,45.0983,20.0177,125.1014,44.8859
2017-11-08,79.0353,56.2,44.5684,19.9241,124.3066,44.6101
2017-11-09,79.7412,56.35,44.952,19.924,124.51,44.7912
2017-11-10,79.9539,56.7,44.9286,19.9559,124.0111,45.0797
2017-11-11,79.94043333333333,56.48666666666667,44.84276666666667,19.909333333333333,123.81116666666668,44.98583333333333
2017-11-12,79.92696666666667,56.27333333333333,44.756933333333336,19.862766666666666,123.61123333333332,44.89196666666667
2017-11-13,79.9135,56.06,44.6711,19.8162,123.4113,44.7981
2017-11-14,79.6692,55.84,44.6453,19.765,123.4681,44.6675
2017-11-15,78.8739,55.28,44.0233,19.6207,123.1663,44.3419
2017-11-16,79.5911,55.79,44.5712,19.7954,123.374,44.7663
2017-11-17,80.0435,56.32,44.8005,19.9225,124.5014,45.1041
2017-11-18,80.32706666666667,56.38666666666667,44.88093333333333,19.947333333333333,124.73813333333334,45.11976666666667
2017-11-19,80.61063333333333,56.45333333333333,44.96136666666667,19.972166666666663,124.97486666666668,45.13543333333333
2017-11-20,80.8942,56.52,45.0418,19.997,125.2116,45.1511
2017-11-21,81.3221,56.95,45.2948,20.0626,125.7634,45.3594
2017-11-22,81.4082,57.25,45.6284,20.0819,126.3329,45.3368
2017-11-23,81.5506,57.22,45.7837,20.1069,126.3669,45.2612
2017-11-24,82.0352,57.36,45.9305,20.193,126.714,45.3667
2017-11-25,82.16420000000001,57.46333333333333,46.14873333333333,20.20293333333333,126.70766666666668,45.463766666666665
2017-11-26,82.2932,57.56666666666667,46.36696666666667,20.212866666666667,126.70133333333332,45.560833333333335
2017-11-27,82.4222,57.67,46.5852,20.2228,126.695,45.6579
2017-11-28,83.1151,57.47,46.894,20.1606,126.7374,45.5647
2017-11-29,83.4418,57.44,46.892,20.1579,126.7834,45.5751
2017-11-30,83.456,57.09,47.107,19.9584,125.8755,45.2815
2017-12-01,82.8561,56.2,46.7794,19.7606,124.5243,44.7889
2017-12-02,82.65966666666667,56.23666666666667,46.722233333333335,19.7629,124.40303333333333,44.80916666666666
2017-12-03,82.46323333333333,56.27333333333333,46.66506666666667,19.7652,124.28176666666668,44.82943333333333
2017-12-04,82.2668,56.31,46.6079,19.7675,124.1605,44.8497
2017-12-05,82.4431,56.25,46.6616,19.7486,123.8544,44.9014
2017-12-06,82.2403,55.72,46.5003,19.6417,123.4593,44.4339
2017-12-07,82.8379,56.67,46.9782,19.9087,125.2841,45.084
2017-12-08,83.2293,56.88,47.4512,20.0994,126.6047,45.5305
2017-12-09,83.24623333333334,56.940000000000005,47.4537,20.13523333333333,126.7813,45.5775
2017-12-10,83.26316666666666,57.0,47.4562,20.17106666666667,126.9579,45.624500000000005
2017-12-11,83.2801,57.06,47.4587,20.2069,127.1345,45.6715
2017-12-12,82.5735,56.66,47.1672,20.0482,126.3748,45.2573
2017-12-13,82.2696,56.29,47.0374,19.9575,125.7846,44.9859
2017-12-14,82.1145,56.37,46.9715,20.088,125.9806,45.1144
2017-12-15,82.583,56.59,47.356,20.2387,128.0085,45.4907
2017-12-16,82.79666666666667,56.723333333333336,47.47656666666667,20.2693,128.46093333333334,45.6127
2017-12-17,83.01033333333334,56.85666666666667,47.59713333333333,20.2999,128.91336666666666,45.7347
2017-12-18,83.224,56.99,47.7177,20.3305,129.3658,45.8567
2017-12-19,84.0536,57.51,48.4851,20.4964,132.71539,46.2945
2017-12-20,84.9858,57.68,48.8713,20.4587,132.80659,46.3398
2017-12-21,85.339,58.37,49.3623,20.4597,132.6091,46.4136
2017-12-22,85.6922,58.81,49.6635,20.5569,133.35429,46.5793
2017-12-23,85.857675,58.96,49.778175,20.5804,133.52202,46.6104
2017-12-24,86.02315,59.11,49.89285,20.6039,133.68975,46.6415
2017-12-25,86.188625,59.26,50.007525,20.6274,133.85747999999998,46.6726
2017-12-26,86.3541,59.41,50.1222,20.6509,134.02521,46.7037
2017-12-27,86.215,58.92,49.666,20.5859,133.35831,46.4324
2017-12-28,86.3099,58.84,49.7088,20.5857,133.14909,46.4227
2017-12-29,86.5176,58.87,49.9425,20.6916,134.47839,46.8131
2017-12-30,86.5343,58.84666666666666,49.94943333333333,20.638233333333336,134.08122666666665,46.71626666666666
2017-12-31,86.551,58.82333333333333,49.95636666666667,20.584866666666667,133.68406333333334,46.61943333333333
2018-01-01,86.5677,58.8,49.9633,20.5315,133.2869,46.5226
2018-01-02,86.1487,58.61,49.6423,20.5188,133.2606,46.3342
2018-01-03,86.7489,58.99,50.1278,20.5285,133.66499,46.3743
2018-01-04,87.7554,59.5,50.5887,20.6616,133.7235,46.6103
2018-01-05,88.0742,59.68,51.1796,20.7889,135.2184,46.9165
2018-01-06,88.2334,59.70333333333333,51.3689,20.8167,135.2868,46.86516666666667
2018-01-07,88.3926,59.72666666666667,51.5582,20.8445,135.3552,46.813833333333335
2018-01-08,88.5518,59.75,51.7475,20.8723,135.4236,46.7625
2018-01-09,88.6912,59.56,51.7371,20.9249,135.3596,46.6716
2018-01-10,88.4534,59.71,51.7097,20.9083,135.17239,46.4468
2018-01-11,88.3397,59.74,51.9508,20.9735,135.4059,46.5293
2018-01-12,88.2405,60.07,51.9192,21.0021,135.9901,46.6468
2018-01-13,88.12963333333333,60.1,52.00223333333333,21.00603333333333,135.66943666666668,46.677166666666665
2018-01-14,88.01876666666666,60.13,52.08526666666667,21.009966666666667,135.34877333333333,46.70753333333334
2018-01-15,87.9079,60.16,52.1683,21.0139,135.02811,46.7379
2018-01-16,86.7972,59.44,51.2039,20.8385,133.1965,46.3778
2018-01-17,86.9728,59.73,51.4051,20.9964,133.4799,46.7913
2018-01-18,85.8164,59.17,50.4352,20.9968,132.2164,46.615
2018-01-19,86.2475,59.45,50.6617,21.1117,132.88541,47.0081
2018-01-20,86.3055,59.50666666666667,50.77236666666667,21.15043333333333,132.97031,47.0466
2018-01-21,86.3635,59.56333333333333,50.88303333333333,21.18916666666667,133.05521,47.0851
2018-01-22,86.4215,59.62,50.9937,21.2279,133.14011,47.1236
2018-01-23,86.5755,60.26,51.358,21.4567,133.9234,47.6194
2018-01-24,86.0608,60.04,50.8854,21.436,133.5343,47.3029
2018-01-25,85.5533,59.86,50.3569,21.3455,132.0576,47.113
2018-01-26,85.4871,59.7325,50.23895,21.3589,132.203925,47.052475
2018-01-27,85.42089999999999,59.605,50.121,21.372300000000003,132.35025000000002,46.99195
2018-01-28,85.3547,59.4775,50.00305,21.3857,132.496575,46.931425
2018-01-29,85.2885,59.35,49.8851,21.3991,132.6429,46.8709
2018-01-30,84.053,59.07,49.1677,21.304,131.7791,46.7253
2018-01-31,83.4588,58.78,48.7779,21.2377,131.3056,46.7055
2018-02-01,83.8695,58.69,48.9683,21.2001,132.1248,46.5089
2018-02-02,81.3357,56.88,47.176,20.7173,127.8947,45.2023
2018-02-03,81.16456666666667,56.77333333333333,47.17313333333333,20.677966666666663,128.12473,45.1216
2018-02-04,80.99343333333333,56.66666666666667,47.17026666666667,20.63863333333333,128.35476,45.0409
2018-02-05,80.8223,56.56,47.1674,20.5993,128.58479,44.9602
2018-02-06,79.6995,55.92,46.4779,20.2883,126.7248,44.4596
2018-02-07,80.4064,56.61,47.3659,20.2471,127.9816,44.6529
2018-02-08,81.0458,57.28,48.4114,20.465,129.4892,45.0519
2018-02-09,80.7339,56.97,48.4329,20.2683,128.632,44.7384
2018-02-10,81.10953333333333,57.13333333333333,48.6361,20.31993333333333,129.12856666666667,44.8002
2018-02-11,81.48516666666667,57.29666666666667,48.8393,20.371566666666663,129.62513333333334,44.862
2018-02-12,81.8608,57.46,49.0425,20.4232,130.1217,44.9238
2018-02-13,81.83545000000001,57.33,49.0425,20.39485,130.1082,44.67815
2018-02-14,81.8101,57.2,49.0425,20.3665,130.0947,44.4325
2018-02-15,81.1418,57.1,48.5473,20.3786,129.6078,44.43
2018-02-16,80.7078,56.38,47.8104,20.171,127.8879,43.9849
2018-02-17,80.4651,56.196666666666665,47.683,20.11763333333333,127.45116666666668,43.87396666666667
2018-02-18,80.2224,56.013333333333335,47.5556,20.064266666666665,127.01443333333332,43.76303333333333
2018-02-19,79.9797,55.83,47.4282,20.0109,126.5777,43.6521
2018-02-20,79.7186,55.84,47.453,19.9761,126.4544,43.5986
2018-02-21,79.8472,55.71,47.2974,20.0252,126.7002,43.6087
2018-02-22,79.421,55.32,47.1323,19.9926,126.0161,43.4034
2018-02-23,80.5029,55.96,47.8129,20.2165,126.959,43.7666
2018-02-24,80.7556,56.14333333333333,47.97663333333333,20.2732,127.61343333333332,43.91393333333333
2018-02-25,81.00829999999999,56.32666666666667,48.140366666666665,20.3299,128.26786666666666,44.06126666666666
2018-02-26,81.261,56.51,48.3041,20.3866,128.9223,44.2086
2018-02-27,81.2664,56.26,48.2369,20.3593,128.66209,43.9269
2018-02-28,81.4445,55.98,48.2736,20.2941,128.8701,43.7096
2018-03-01,81.3696,55.74,48.2953,20.2308,128.6078,43.5502
2018-03-02,81.245475,55.5625,48.14,20.1752,128.1924,43.4919
2018-03-03,81.12135,55.385000000000005,47.9847,20.1196,127.777,43.4336
2018-03-04,80.997225,55.2075,47.8294,20.064,127.3616,43.3753
2018-03-05,80.8731,55.03,47.6741,20.0084,126.9462,43.317
2018-03-06,80.4071,54.38,47.1862,19.8189,125.6229,42.8072
2018-03-07,79.0889,53.62,46.2746,19.6782,124.5957,42.2002
2018-03-08,79.3896,54.07,46.2548,19.7924,125.6605,42.6607
2018-03-09,79.1227,53.87,46.0759,19.7604,125.5397,42.4709
2018-03-10,79.27579999999999,54.10333333333333,46.1469,19.878666666666668,125.99716666666666,42.65663333333333
2018-03-11,79.4289,54.336666666666666,46.2179,19.99693333333333,126.45463333333332,42.84236666666667
2018-03-12,79.582,54.57,46.2889,20.1152,126.9121,43.0281
2018-03-13,80.2929,54.91,46.5957,20.1396,127.4199,43.5057
2018-03-14,80.255,54.73,46.5948,20.1011,127.1865,43.4685
2018-03-15,80.8601,54.52,46.8942,20.0158,127.3713,43.2707
2018-03-16,79.9293,53.6,46.576,19.7308,125.288,42.6591
2018-03-17,79.56733333333334,53.473333333333336,46.297666666666665,19.662866666666662,124.94193333333332,42.47186666666667
2018-03-18,79.20536666666666,53.34666666666666,46.019333333333336,19.594933333333334,124.59586666666668,42.28463333333333
2018-03-19,78.8434,53.22,45.741,19.527,124.2498,42.0974
2018-03-20,78.7994,53.16,45.5977,19.6122,124.4805,42.0006
2018-03-21,78.8479,53.44,45.728,19.68,124.3847,42.2193
2018-03-22,78.5636,53.21,45.3198,19.6109,123.3611,41.8513
2018-03-23,77.8378,52.61,44.787,19.424,122.5289,41.3033
2018-03-24,78.09656666666666,52.75,44.87396666666667,19.4955,122.9997,41.49673333333333
2018-03-25,78.35533333333333,52.89,44.96093333333333,19.567,123.4705,41.69016666666667
2018-03-26,78.6141,53.03,45.0479,19.6385,123.9413,41.8836
2018-03-27,79.5729,53.53,45.7414,19.7142,124.7335,42.2877
2018-03-28,79.2155,53.32,45.521,19.5719,124.5664,41.9669
2018-03-29,79.424,53.342,45.73692,19.6144,125.09154,41.94856
2018-03-30,79.63250000000001,53.364,45.95284,19.6569,125.61668,41.93022
2018-03-31,79.841,53.386,46.16876,19.6994,126.14182,41.91188
2018-04-01,80.0495,53.408,46.38468,19.7419,126.66696,41.89354
2018-04-02,80.258,53.43,46.6006,19.7844,127.1921,41.8752
2018-04-03,81.1128,53.84,47.2211,19.8462,128.4037,42.3236
2018-04-04,80.4545,53.24,46.7022,19.6544,128.5843,41.8483
2018-04-05,81.7672,54.12,47.6702,19.9523,130.7536,42.6294
2018-04-06,81.8964,54.21,47.8196,19.9517,131.38409,42.7701
2018-04-07,81.92366666666666,54.25,47.8557,19.97533333333333,131.56845666666666,42.89076666666666
2018-04-08,81.95093333333334,54.29,47.8918,19.998966666666668,131.7528233333333,43.011433333333336
2018-04-09,81.9782,54.33,47.9279,20.0226,131.93719,43.1321
2018-04-10,82.2242,54.66,47.933,20.0322,131.5498,43.3446
2018-04-11,82.267,54.49,47.8688,20.0788,131.8766,42.9347
2018-04-12,81.9649,54.37,47.7614,20.15,131.8282,42.9175
2018-04-13,82.1247,54.3,47.8484,20.1919,132.2646,42.7772
2018-04-14,82.2735,54.373333333333335,47.8596,20.215066666666665,132.42793,42.7873
2018-04-15,82.4223,54.446666666666665,47.8708,20.238233333333334,132.59126,42.7974
2018-04-16,82.5711,54.52,47.882,20.2614,132.75459,42.8075
2018-04-17,82.6229,54.77,48.0276,20.2739,132.5881,42.8491
2018-04-18,82.5126,54.83,47.9484,20.2354,131.9015,42.6142
2018-04-19,82.9878,55.39,48.3532,20.3521,132.375,42.5422
2018-04-20,82.8673,55.06,48.5327,20.414,132.1723,42.2836
2018-04-21,83.0208,55.016666666666666,48.6717,20.439633333333333,132.36019666666667,42.3094
2018-04-22,83.1743,54.973333333333336,48.8107,20.46526666666667,132.54809333333333,42.3352
2018-04-23,83.3278,54.93,48.9497,20.4909,132.73599,42.361
2018-04-24,83.0604,55.1,49.1138,20.5328,132.93961,42.3643
2018-04-25,82.373,54.66,48.6103,20.4864,132.5708,42.0992
2018-04-26,82.5418,54.55,48.6503,20.5845,132.9095,41.8426
2018-04-27,82.9413,55.14,48.9585,20.6989,133.5146,42.5719
2018-04-28,83.0949,55.19,49.06903333333334,20.7317,133.66943333333333,42.5461
2018-04-29,83.2485,55.24,49.179566666666666,20.7645,133.82426666666666,42.5203
2018-04-30,83.4021,55.29,49.2901,20.7973,133.9791,42.4945
2018-05-01,82.8612,55.05,49.0966,20.78185,133.43425,42.35625
2018-05-02,82.3203,54.81,48.9031,20.7664,132.8894,42.218
2018-05-03,81.5555,54.88,48.3412,20.6528,132.19949,42.1571
2018-05-04,81.9076,54.66,48.201,20.5186,131.7023,41.9973
2018-05-05,81.9813,54.81666666666666,48.261066666666665,20.5813,132.10933333333332,42.143166666666666
2018-05-06,82.05499999999999,54.973333333333336,48.321133333333336,20.644,132.51636666666667,42.289033333333336
2018-05-07,82.1287,55.13,48.3812,20.7067,132.9234,42.4349
2018-05-08,82.0732,55.51,48.47,20.6328,133.0099,42.8202
2018-05-09,81.7051,55.35,48.3911,20.6775,132.5038,42.7976
2018-05-10,80.8398,55.05,47.7912,20.6247,131.5372,42.6657
2018-05-11,80.9641,55.01,47.8487,20.7554,132.0873,42.6777
2018-05-12,80.66806666666666,55.0,47.73493333333333,20.746166666666667,131.8029,42.65036666666667
2018-05-13,80.37203333333333,54.99,47.62116666666667,20.736933333333333,131.51850000000002,42.62303333333333
2018-05-14,80.076,54.98,47.5074,20.7277,131.2341,42.5957
2018-05-15,79.6846,54.63,47.2497,20.6929,130.4117,42.3744
2018-05-16,78.9404,54.21,47.1356,20.5984,130.31281,42.046
2018-05-17,79.3631,53.91,47.296,20.4774,130.12981,41.8806
2018-05-18,77.9511,53.23,46.6539,20.2954,128.0612,41.3347
2018-05-19,77.58576666666666,53.056666666666665,46.35296666666667,20.240033333333333,127.27086666666668,41.29183333333333
2018-05-20,77.22043333333333,52.88333333333333,46.05203333333333,20.18466666666667,126.48053333333334,41.24896666666667
2018-05-21,76.8551,52.71,45.7511,20.1293,125.6902,41.2061
2018-05-22,77.2217,53.03,46.2053,20.1625,126.7623,41.4769
2018-05-23,76.8663,52.83,45.8921,19.9687,126.3219,41.368
2018-05-24,76.6434,52.9,45.757,20.0889,125.1159,41.7233
2018-05-25,77.4134,53.56,46.325,20.3111,126.8919,42.0386
2018-05-26,77.50313333333332,53.71666666666667,46.493966666666665,20.357533333333333,127.336,42.249433333333336
2018-05-27,77.59286666666667,53.873333333333335,46.662933333333335,20.403966666666665,127.7801,42.46026666666667
2018-05-28,77.6826,54.03,46.8319,20.4504,128.2242,42.6711
2018-05-29,77.0162,53.75,46.6467,20.4168,128.0797,42.5529
2018-05-30,76.6123,53.4,46.4614,20.4011,127.6656,42.456
2018-05-31,76.3946,53.46,46.193,20.6144,127.7093,42.8567
2018-06-01,75.901,52.96,45.5274,20.5089,127.4888,42.6095
2018-06-02,75.6582,52.74666666666667,45.22116666666667,20.47893333333333,127.07846666666669,42.46896666666667
2018-06-03,75.4154,52.53333333333333,44.91493333333333,20.448966666666667,126.66813333333332,42.32843333333333
2018-06-04,75.1726,52.32,44.6087,20.419,126.2578,42.1879
2018-06-05,73.8427,51.7,43.5006,20.3161,125.4875,41.6095
2018-06-06,74.6955,52.21,44.2842,20.4833,127.0951,42.1604
2018-06-07,75.4192,52.71,45.2648,20.6302,128.2471,42.6337
2018-06-08,75.7155,52.69,45.3587,20.6625,128.43871,42.6818
2018-06-09,75.64286666666668,52.77333333333333,45.4672,20.67396666666667,128.48687666666666,42.7215
2018-06-10,75.57023333333333,52.85666666666666,45.5757,20.68543333333333,128.53504333333333,42.7612
2018-06-11,75.4976,52.94,45.6842,20.6969,128.58321,42.8009
2018-06-12,76.0169,53.03,45.9991,20.7913,128.9906,42.8895
2018-06-13,75.6652,53.0,45.8869,20.7934,128.64101,42.8872
2018-06-14,75.5993,52.59,45.8261,20.7617,128.6064,42.6368
2018-06-15,75.4416,52.05,45.6765,20.7764,127.7743,42.2538
2018-06-16,75.29243333333334,51.96,45.59186666666667,20.756433333333334,127.73123333333334,42.3022
2018-06-17,75.14326666666666,51.87,45.50723333333333,20.736466666666665,127.68816666666666,42.3506
2018-06-18,74.9941,51.78,45.4226,20.7165,127.6451,42.399
2018-06-19,74.2947,51.27,44.8699,20.547,126.5526,41.994
2018-06-20,74.219,51.13,44.8592,20.6472,127.0329,42.0969
2018-06-21,73.6909,50.79,44.5544,20.5874,126.1678,41.9866
2018-06-22,73.6539,51.01,44.5314,20.7131,126.4421,42.2902
2018-06-23,73.65036666666666,50.84,44.40196666666667,20.672966666666667,125.85476666666666,42.083733333333335
2018-06-24,73.64683333333333,50.67,44.27253333333333,20.63283333333333,125.26743333333332,41.87726666666666
2018-06-25,73.6433,50.5,44.1431,20.5927,124.6801,41.6708
2018-06-26,73.4404,50.42,43.8401,20.5685,123.9659,41.6351
2018-06-27,72.5728,49.47,43.1256,20.3956,122.5061,40.7677
2018-06-28,71.2523,48.98,42.7731,20.2584,121.5497,40.4189
2018-06-29,72.2078,50.01,43.4856,20.5048,123.2635,40.9512
2018-06-30,72.1439,49.83333333333333,43.3493,20.461666666666662,122.98233333333332,40.8513
2018-07-01,72.08,49.656666666666666,43.213,20.418533333333333,122.70116666666668,40.7514
2018-07-02,72.0161,49.48,43.0767,20.3754,122.42,40.6515
2018-07-03,72.4482,49.58,43.3209,20.5073,123.4879,40.7172
2018-07-04,72.5571,49.55,43.3463,20.6096,124.6091,40.7608
2018-07-05,72.137,49.42,43.1683,20.5692,124.6776,40.6528
2018-07-06,72.2942,49.54,43.4865,20.6456,126.1449,40.787
2018-07-07,72.53506666666667,49.76,43.66243333333333,20.696366666666663,126.59973333333332,40.923566666666666
2018-07-08,72.77593333333334,49.98,43.838366666666666,20.74713333333333,127.05456666666667,41.06013333333333
2018-07-09,73.0168,50.2,44.0143,20.7979,127.5094,41.1967
2018-07-10,73.9035,50.76,44.4719,20.9527,128.4523,41.5634
2018-07-11,73.4414,50.35,44.1091,20.9557,127.4672,41.2557
2018-07-12,73.2316,50.28,43.9278,21.0911,126.8785,41.4355
2018-07-13,72.6409,49.61,43.3513,21.0833,126.3969,41.0321
2018-07-14,72.19103333333334,49.36,42.9957,21.02456666666667,125.7188,40.8138
2018-07-15,71.74116666666667,49.11,42.6401,20.96583333333333,125.0407,40.5955
2018-07-16,71.2913,48.86,42.2845,20.9071,124.3626,40.3772
2018-07-17,72.3895,49.31,42.594,21.027,125.9083,40.9208
2018-07-18,71.7258,48.92,42.1296,20.932,124.3093,40.6411
2018-07-19,71.0308,48.73,41.7726,20.8913,123.9608,40.6725
2018-07-20,71.1595,48.62,41.9217,21.0071,123.6647,40.6524
2018-07-21,71.42836666666666,48.78,42.06713333333333,21.04133333333333,123.87076666666668,40.8113
2018-07-22,71.69723333333333,48.94,42.21256666666667,21.075566666666667,124.07683333333333,40.9702
2018-07-23,71.9661,49.1,42.358,21.1098,124.2829,41.1291
2018-07-24,72.8841,50.06,43.4321,21.218,125.6348,41.6712
2018-07-25,73.1538,50.05,43.7169,21.1819,125.243,41.5188
2018-07-26,73.6263,50.61,43.7464,21.2151,125.0651,42.1783
2018-07-27,74.2194,51.18,44.1976,21.4006,125.8279,42.6886
2018-07-28,74.3624,51.37,44.298766666666666,21.4136,125.98836666666666,42.902766666666665
2018-07-29,74.5054,51.56,44.39993333333334,21.4266,126.14883333333331,43.116933333333336
2018-07-30,74.6484,51.75,44.5011,21.4396,126.3093,43.3311
2018-07-31,74.7511,51.73,44.5768,21.5194,127.1861,43.0929
2018-08-01,75.1016,51.68,44.6519,21.5326,126.367,43.0066
2018-08-02,75.0311,51.48,44.675,21.3559,125.0506,42.9004
2018-08-03,75.735,52.16,45.2085,21.5263,125.5266,43.4086
2018-08-04,75.66966666666667,52.21333333333333,45.24843333333333,21.538933333333333,125.56456666666666,43.57063333333333
2018-08-05,75.60433333333333,52.266666666666666,45.28836666666667,21.551566666666663,125.60253333333334,43.73266666666667
2018-08-06,75.539,52.32,45.3283,21.5642,125.6405,43.8947
2018-08-07,75.165,52.2,45.4276,21.5348,125.3791,43.6273
2018-08-08,75.3523,52.44,45.7819,21.634,125.4596,43.8026
2018-08-09,75.6042,52.63,46.0969,21.6206,125.2523,44.3309
2018-08-10,75.1953,51.98,45.6073,21.5744,125.0519,43.938
2018-08-11,75.01926666666667,51.82,45.49236666666667,21.538066666666666,124.76766666666668,43.7256
2018-08-12,74.84323333333333,51.66,45.377433333333336,21.50173333333333,124.48343333333334,43.513200000000005
2018-08-13,74.6672,51.5,45.2625,21.4654,124.1992,43.3008
2018-08-14,75.3657,51.6,45.4152,21.5955,125.2572,43.411
2018-08-15,75.1658,51.475,45.4238,21.55405,125.3504,43.3929
2018-08-16,74.9659,51.35,45.4324,21.5126,125.4436,43.3748
2018-08-17,75.5973,51.75,45.8602,21.6547,125.8223,43.6458
2018-08-18,75.6833,51.903333333333336,45.940466666666666,21.7181,126.09553333333334,43.731966666666665
2018-08-19,75.7693,52.056666666666665,46.02073333333333,21.7815,126.36876666666666,43.818133333333336
2018-08-20,75.8553,52.21,46.101,21.8449,126.642,43.9043
2018-08-21,76.1655,52.44,46.3029,21.8811,126.6759,43.901
2018-08-22,76.11005,52.44,46.3365,21.8979,126.69085,43.822100000000006
2018-08-23,76.0546,52.44,46.3701,21.9147,126.7058,43.7432
2018-08-24,76.215,52.52,46.3247,21.8749,126.0114,43.7425
2018-08-25,76.48056666666668,52.73,46.40526666666667,21.9454,126.30966666666666,43.932433333333336
2018-08-26,76.74613333333333,52.94,46.48583333333333,22.0159,126.60793333333334,44.122366666666665
2018-08-27,77.0117,53.15,46.5664,22.0864,126.9062,44.3123
2018-08-28,77.458,53.05,46.5906,22.1531,127.2534,44.3167
2018-08-29,77.49,53.15,46.7967,22.0823,127.269,44.3411
2018-08-30,77.6553,53.53,47.1629,22.0686,126.4708,44.4024
2018-08-31,77.8549,53.76,47.4771,22.0725,126.5091,44.5714
2018-09-01,77.8569,53.68666666666667,47.521233333333335,22.017566666666667,126.26486666666666,44.496966666666665
2018-09-02,77.8589,53.61333333333333,47.56536666666666,21.962633333333333,126.02063333333334,44.42253333333333
2018-09-03,77.8609,53.54,47.6095,21.9077,125.7764,44.3481
2018-09-04,76.4757,52.64,46.8313,21.7754,123.3234,43.7217
2018-09-05,75.6846,52.58,46.5736,21.6549,123.6121,43.6688
2018-09-06,76.1428,52.78,46.9511,21.7758,123.8956,43.7002
2018-09-07,76.8154,52.99,47.2865,21.8948,125.5176,44.0878
2018-09-08,76.41313333333333,52.723333333333336,47.07026666666666,21.803466666666665,124.95203333333332,43.953833333333336
2018-09-09,76.01086666666666,52.45666666666666,46.85403333333333,21.71213333333333,124.38646666666666,43.81986666666666
2018-09-10,75.6086,52.19,46.6378,21.6208,123.8209,43.6859
2018-09-11,74.9245,51.64,45.9133,21.3691,121.7941,43.1847
2018-09-12,74.9637,51.7,45.8452,21.5094,122.1737,42.9978
2018-09-13,75.34965,52.19,46.1224,21.61735,122.911,43.34385
2018-09-14,75.7356,52.68,46.3996,21.7253,123.6483,43.6899
2018-09-15,75.58496666666667,52.58,46.31303333333333,21.6486,123.38366666666668,43.6004
2018-09-16,75.43433333333333,52.48,46.22646666666667,21.5719,123.11903333333332,43.5109
2018-09-17,75.2837,52.38,46.1399,21.4952,122.8544,43.4214
2018-09-18,74.4069,51.41,45.7201,21.3179,121.1087,42.5683
2018-09-19,73.9694,51.49,45.6201,21.2481,120.516,42.5263
2018-09-20,73.40809999999999,51.365,45.0385,21.1569,119.87845,42.48265
2018-09-21,72.8468,51.24,44.4569,21.0657,119.2409,42.439
2018-09-22,72.19023333333334,50.98,44.09533333333333,20.974533333333333,117.94883333333333,42.12433333333333
2018-09-23,71.53366666666666,50.72,43.73376666666667,20.883366666666667,116.65676666666668,41.809666666666665
2018-09-24,70.8771,50.46,43.3722,20.7922,115.3647,41.495
2018-09-25,71.0155,50.68,43.2166,20.9583,115.6029,41.6456
2018-09-26,71.2147,50.66,43.4816,20.9392,115.2212,41.7013
2018-09-27,69.8151,50.2,42.8123,20.8184,113.0726,41.3675
2018-09-28,68.3956,49.28,41.5982,20.7485,110.8546,41.0696
2018-09-29,68.5369,49.38666666666667,41.6258,20.773,111.1407,41.12733333333333
2018-09-30,68.6782,49.49333333333333,41.6534,20.7975,111.4268,41.18506666666667
2018-10-01,68.8195,49.6,41.681,20.822,111.7129,41.2428
2018-10-02,68.50935000000001,49.57,41.66175,20.68285,110.53295,41.0942
2018-10-03,68.1992,49.54,41.6425,20.5437,109.353,40.9456
2018-10-04,66.9791,49.0,40.9485,19.9966,107.1884,40.1747
2018-10-05,65.3817,47.11,40.1085,19.4348,104.2314,38.4039
2018-10-06,64.91216666666666,46.95,39.895,19.442733333333333,104.26076666666668,38.39796666666667
2018-10-07,64.44263333333333,46.79,39.6815,19.450666666666667,104.29013333333332,38.39203333333333
2018-10-08,63.9731,46.63,39.468,19.4586,104.3195,38.3861
2018-10-09,63.6414,46.35,39.3194,19.4022,102.3754,38.0006
2018-10-10,66.1655,47.7,40.7914,19.6627,105.3318,39.0784
2018-10-11,64.9751,46.99,40.1777,19.2719,103.2427,38.5759
2018-10-12,66.4477,47.85,41.0296,19.6678,106.543,39.2444
2018-10-13,66.6028,47.93,41.20476666666667,19.710666666666665,106.4487,39.207233333333335
2018-10-14,66.75789999999999,48.010000000000005,41.37993333333333,19.753533333333333,106.3544,39.17006666666666
2018-10-15,66.913,48.09,41.5551,19.7964,106.2601,39.1329
2018-10-16,67.6985,48.44,42.0659,19.9352,107.0364,39.6483
2018-10-17,66.2042,47.63,41.2347,19.7476,104.1738,38.9282
2018-10-18,65.6225,47.55,41.0077,19.62375,103.46975,38.7451
2018-10-19,65.0408,47.47,40.7807,19.4999,102.7657,38.562
2018-10-20,64.83666666666667,47.35333333333333,40.557566666666666,19.451933333333333,102.6018,38.50223333333333
2018-10-21,64.63253333333333,47.236666666666665,40.33443333333334,19.40396666666667,102.4379,38.44246666666667
2018-10-22,64.4284,47.12,40.1113,19.356,102.274,38.3827
2018-10-23,63.7731,46.76,39.5887,19.1467,101.6745,38.0506
2018-10-24,64.6252,47.58,39.7873,19.2843,101.7607,38.5747
2018-10-25,64.242,46.72,39.4984,19.1173,100.8723,38.2045
2018-10-26,63.9408,46.46,39.4295,18.9655,101.0405,38.0754
2018-10-27,64.48843333333333,46.82333333333333,39.70366666666666,19.08,101.72403333333332,38.4366
2018-10-28,65.03606666666667,47.18666666666667,39.977833333333336,19.1945,102.40756666666668,38.7978
2018-10-29,65.5837,47.55,40.252,19.309,103.0911,39.159
2018-10-30,66.3399,47.73,40.6936,19.2434,103.267,39.1261
2018-10-31,67.3751,48.24,41.1103,19.5883,104.0591,39.7124
2018-11-01,68.1856,48.9,41.5901,19.569,104.5587,40.3062
2018-11-02,68.7237,49.78,41.847,19.8342,107.9458,40.9348
2018-11-03,68.70486666666666,49.74333333333333,41.78653333333333,19.828366666666668,107.81076666666668,40.9426
2018-11-04,68.68603333333333,49.70666666666667,41.72606666666667,19.82253333333333,107.67573333333334,40.9504
2018-11-05,68.6672,49.67,41.6656,19.8167,107.5407,40.9582
2018-11-06,68.3412,49.58,41.8382,19.8093,107.3734,40.725
2018-11-07,68.73343333333334,49.72333333333333,42.0465,19.83523333333333,107.87146666666666,40.83923333333333
2018-11-08,69.12566666666666,49.86666666666667,42.2548,19.861166666666666,108.36953333333334,40.95346666666667
2018-11-09,69.5179,50.01,42.4631,19.8871,108.8676,41.0677
2018-11-10,69.37366666666667,49.79666666666667,42.37956666666666,19.827366666666663,108.08046666666668,40.84603333333334
2018-11-11,69.22943333333333,49.58333333333333,42.29603333333333,19.767633333333333,107.29333333333334,40.62436666666667
2018-11-12,69.0852,49.37,42.2125,19.7079,106.5062,40.4027
2018-11-13,69.1713,49.89,42.3257,19.84,107.3724,40.8517
2018-11-14,69.2716,50.09,42.1663,19.7749,106.939,41.1335
2018-11-15,69.712,50.18,42.1709,19.8551,108.0389,41.2729
2018-11-16,69.5867,50.59,42.0247,19.9927,107.7873,41.6259
2018-11-17,69.58449999999999,50.63666666666667,42.05536666666667,20.040666666666667,108.06193333333331,41.631033333333335
2018-11-18,69.5823,50.68333333333333,42.08603333333333,20.08863333333333,108.33656666666668,41.63616666666667
2018-11-19,69.5801,50.73,42.1167,20.1366,108.6112,41.6413
2018-11-20,69.3088,50.16,41.7086,19.9664,107.9548,41.2525
2018-11-21,69.64,50.29,41.7981,19.8962,108.2864,41.4541
2018-11-22,69.1467,49.84,41.717,19.7692,107.7934,40.8916
2018-11-23,69.17805,49.822500000000005,41.69945,19.809525,107.94545,40.980275
2018-11-24,69.20939999999999,49.80500000000001,41.6819,19.84985,108.0975,41.06895
2018-11-25,69.24074999999999,49.7875,41.66435,19.890175,108.24955,41.157625
2018-11-26,69.2721,49.77,41.6468,19.9305,108.4016,41.2463
2018-11-27,69.5273,49.84,41.9199,20.0345,108.7862,41.3069
2018-11-28,68.8802,49.2,41.695,20.1076,108.0016,40.9742
2018-11-29,69.2086,49.45,41.6096,20.3174,108.9179,41.2872
2018-11-30,69.5379,49.31,41.8113,20.3618,109.1463,41.1044
2018-12-01,69.64263333333332,49.50666666666667,41.813766666666666,20.341466666666665,109.12656666666666,41.18626666666667
2018-12-02,69.74736666666666,49.70333333333333,41.81623333333334,20.32113333333333,109.10683333333334,41.26813333333333
2018-12-03,69.8521,49.9,41.8187,20.3008,109.0871,41.35
2018-12-04,70.046,49.94,41.8181,20.2401,108.6444,41.4487
2018-12-05,69.5046,49.03,41.3862,20.0395,106.6212,40.9477
2018-12-06,68.5813,48.43,40.8714,19.7435,104.4389,40.2826
2018-12-07,68.4888,48.36,40.8492,19.9017,105.2673,40.3956
2018-12-08,68.11576666666666,48.196666666666665,40.635000000000005,19.7858,104.87736666666667,40.23956666666667
2018-12-09,67.74273333333333,48.03333333333333,40.4208,19.6699,104.48743333333331,40.083533333333335
2018-12-10,67.3697,47.87,40.2066,19.554,104.0975,39.9275
2018-12-11,68.0064,48.09,40.6847,19.695,104.9774,40.0443
2018-12-12,69.9665,49.43,41.5714,20.0435,108.0788,41.0177
2018-12-13,70.4082,49.68,41.8814,20.1346,108.5856,41.2551
2018-12-14,70.2596,50.1,41.8759,20.1694,108.5855,41.6762
2018-12-15,70.3326,50.18333333333334,41.92156666666667,20.209233333333334,108.8151,41.76606666666667
2018-12-16,70.4056,50.266666666666666,41.96723333333333,20.249066666666668,109.0447,41.85593333333333
2018-12-17,70.4786,50.35,42.0129,20.2889,109.2743,41.9458
2018-12-18,70.5415,50.68,42.1106,20.3211,109.7726,42.2652
2018-12-19,71.4806,51.4,42.5495,20.4165,111.1126,42.8737
2018-12-20,71.4107,51.14,42.5388,20.4038,111.2699,42.6235
2018-12-21,70.4834,50.6,42.0404,20.0801,109.3724,42.2611
2018-12-22,70.4091,50.48333333333333,41.924166666666665,20.0286,108.98706666666666,42.09563333333333
2018-12-23,70.3348,50.36666666666667,41.80793333333333,19.9771,108.60173333333331,41.930166666666665
2018-12-24,70.2605,50.25,41.6917,19.9256,108.2164,41.7647
2018-12-25,70.04485,50.47,41.6434,19.97445,108.4407,41.90565
2018-12-26,69.8292,50.69,41.5951,20.0233,108.665,42.0466
2018-12-27,70.3542,50.74,41.6854,20.1104,108.5929,41.9553
2018-12-28,70.6476,51.09,41.8662,20.2616,109.1697,42.3095
2018-12-29,70.7524,51.083333333333336,41.94576666666666,20.26403333333333,109.2923,42.3304
2018-12-30,70.8572,51.07666666666667,42.025333333333336,20.266466666666663,109.4149,42.3513
2018-12-31,70.962,51.07,42.1049,20.2689,109.5375,42.3722
2019-01-01,71.0991,51.29,42.1899,20.3193,109.3445,42.7339
2019-01-02,70.7231,50.72,41.9781,20.1098,106.7122,42.3055
2019-01-03,70.2448,50.14,41.7615,19.8898,105.3732,41.9021
2019-01-04,70.4048,50.65,41.7891,19.9699,105.7805,42.2078
2019-01-05,70.49676666666666,50.64666666666667,41.7851,19.996133333333333,105.74896666666667,42.26586666666667
2019-01-06,70.58873333333334,50.64333333333333,41.7811,20.022366666666667,105.71743333333332,42.32393333333333
2019-01-07,70.6807,50.64,41.7771,20.0486,105.6859,42.382
2019-01-08,70.5827,50.83,41.801,20.0833,105.9541,42.6548
2019-01-09,70.6996,50.72,41.8353,20.1821,106.1816,42.6203
2019-01-10,70.9626,50.69,41.8255,20.1507,106.4994,42.5043
2019-01-11,70.8205,50.52,41.708,20.091,105.6131,42.2975
2019-01-12,70.7448,50.403333333333336,41.655033333333336,20.05976666666667,105.59253333333334,42.2072
2019-01-13,70.6691,50.28666666666667,41.602066666666666,20.02853333333333,105.57196666666668,42.1169
2019-01-14,70.5934,50.17,41.5491,19.9973,105.5514,42.0266
2019-01-15,70.8615,50.66,41.834,20.2463,106.0548,42.3945
2019-01-16,71.1103,50.79,41.8986,20.2398,106.1012,42.5336
2019-01-17,70.9823,50.55,41.8093,20.2561,106.1252,42.6671
2019-01-18,70.7473,50.11,41.6043,20.2363,105.587,42.2094
2019-01-19,70.65513333333332,49.973333333333336,41.5452,20.271466666666665,105.19083333333332,42.1127
2019-01-20,70.56296666666667,49.836666666666666,41.4861,20.30663333333333,104.79466666666669,42.016
2019-01-21,70.4708,49.7,41.427,20.3418,104.3985,41.9193
2019-01-22,70.4082,49.24,41.1881,20.2699,103.5608,41.8892
2019-01-23,70.1906,49.05,41.106,20.0991,103.0684,41.74
2019-01-24,70.2363,48.86,40.8338,20.1437,102.4001,41.6124
2019-01-25,69.5135,48.72,40.3094,20.0348,99.8584,41.2229
2019-01-26,69.22446666666666,48.53666666666667,40.039366666666666,19.9721,99.17683333333332,41.01383333333334
2019-01-27,68.93543333333334,48.35333333333333,39.76933333333333,19.9094,98.49526666666668,40.804766666666666
2019-01-28,68.6464,48.17,39.4993,19.8467,97.8137,40.5957
2019-01-29,68.8153,48.29,39.4034,19.8131,97.8995,40.6224
2019-01-30,69.0559,48.42,39.7196,19.8424,98.1358,41.0043
2019-01-31,69.2422,48.91,40.08,20.1714,98.975,41.4938
2019-02-01,69.7657,48.56,40.2279,20.2988,100.9218,41.3785
2019-02-02,69.701,48.43333333333334,40.1015,20.302333333333333,100.6726,41.283233333333335
2019-02-03,69.6363,48.306666666666665,39.9751,20.305866666666667,100.4234,41.18796666666667
2019-02-04,69.5716,48.18,39.8487,20.3094,100.1742,41.0927
2019-02-05,69.0123,47.94,39.5859,20.3546,100.7014,41.1197
2019-02-06,69.1799,48.45,39.6264,20.541,101.2537,41.4765
2019-02-07,69.734,48.51,40.028,20.5396,102.7516,41.6174
2019-02-08,69.2645,47.66,39.6642,20.3346,99.7104,41.1644
2019-02-09,68.91063333333334,47.41,39.46573333333333,20.295066666666667,99.45373333333332,41.04363333333333
2019-02-10,68.55676666666666,47.16,39.26726666666667,20.25553333333333,99.19706666666669,40.92286666666667
2019-02-11,68.2029,46.91,39.0688,20.216,98.9404,40.8021
2019-02-12,67.9616,46.75,38.7283,20.1145,98.4259,40.4882
2019-02-13,67.7247,46.23,38.4726,20.0543,97.4612,39.98
2019-02-14,67.6605,45.89,38.3214,19.9779,97.9924,39.7267
2019-02-15,67.0877,46.02,38.0268,19.9361,97.213,39.6001
2019-02-16,66.84796666666666,45.92666666666667,37.93176666666667,19.89163333333333,97.0012,39.524766666666665
2019-02-17,66.60823333333333,45.833333333333336,37.836733333333335,19.847166666666663,96.7894,39.44943333333333
2019-02-18,66.3685,45.74,37.7417,19.8027,96.5776,39.3741
2019-02-19,66.4521,45.93,37.8402,19.7385,96.4893,39.568
2019-02-20,66.9266,46.73,38.1841,19.9451,97.2819,40.0901
2019-02-21,67.3878,47.05,38.5845,20.0229,97.5521,40.3236
2019-02-22,67.6865,47.69,38.8094,20.0242,98.4058,40.5784
2019-02-23,67.84566666666666,47.73,38.8908,20.082933333333333,98.53263333333334,40.65376666666667
2019-02-24,68.00483333333334,47.77,38.9722,20.141666666666666,98.65946666666666,40.72913333333333
2019-02-25,68.164,47.81,39.0536,20.2004,98.7863,40.8045
2019-02-26,67.999,47.57,38.9455,20.1388,98.9727,40.7473
2019-02-27,68.3643,47.59,38.9968,20.1133,99.2935,40.8056
2019-02-28,68.8669,48.18,39.3339,20.0956,99.187,41.1176
2019-03-01,69.8699,48.78,40.0238,20.1952,100.1319,41.5851
2019-03-02,70.239675,49.1125,40.3618,20.244925,100.8371,41.866825
2019-03-03,70.60945000000001,49.445,40.6998,20.29465,101.5423,42.14855
2019-03-04,70.979225,49.7775,41.0378,20.344375,102.2475,42.430275
2019-03-05,71.349,50.11,41.3758,20.3941,102.9527,42.712
2019-03-06,71.6807,50.72,41.7043,20.4829,102.7936,43.076
2019-03-07,71.5805,50.56,41.7899,20.5322,102.6688,43.0549
2019-03-08,71.5945,50.63,41.5758,20.4983,102.1058,43.1426
2019-03-09,72.0308,51.03666666666667,41.8181,20.573766666666668,102.77696666666668,43.4544
2019-03-10,72.4671,51.443333333333335,42.0604,20.64923333333333,103.44813333333332,43.766200000000005
2019-03-11,72.9034,51.85,42.3027,20.7247,104.1193,44.078
2019-03-12,73.4412,52.69,42.8407,20.9412,104.8017,44.7023
2019-03-13,73.1813,52.38,42.5426,21.0132,104.9909,44.5717
2019-03-14,72.9897,52.58,42.4664,21.0281,104.4922,44.509
2019-03-15,73.1992,52.9,42.456,21.1471,104.6246,44.7942
2019-03-16,73.05120000000001,52.91666666666666,42.426433333333335,21.1665,104.27816666666666,44.86286666666666
2019-03-17,72.9032,52.93333333333334,42.39686666666667,21.1859,103.93173333333334,44.93153333333333
2019-03-18,72.7552,52.95,42.3673,21.2053,103.5853,45.0002
2019-03-19,73.0274,53.5,42.5057,21.3507,103.1692,45.3426
2019-03-20,73.1051,53.11,42.3552,21.3421,102.3104,45.1283
2019-03-21,73.06979999999999,53.14,42.223600000000005,21.2854,101.8407,45.0509
2019-03-22,73.0345,53.17,42.092,21.2287,101.371,44.9735
2019-03-23,72.85006666666666,53.053333333333335,41.95523333333333,21.1728,100.96836666666668,44.88353333333333
2019-03-24,72.66563333333333,52.93666666666667,41.818466666666666,21.1169,100.56573333333333,44.79356666666667
2019-03-25,72.4812,52.82,41.6817,21.061,100.1631,44.7036
2019-03-26,72.9429,53.5,41.9635,21.2771,100.9717,45.1675
2019-03-27,73.5273,53.56,42.3052,21.2303,100.529,45.2668
2019-03-28,74.0664,53.72,42.6174,21.4465,101.0752,45.7061
2019-03-29,74.8377,54.22,42.8223,21.6168,102.1937,46.0886
2019-03-30,74.96973333333334,54.36333333333333,42.944966666666666,21.6168,102.499,46.10926666666666
2019-03-31,75.10176666666666,54.50666666666667,43.06763333333333,21.6168,102.8043,46.12993333333333
2019-04-01,75.2338,54.65,43.1903,21.6168,103.1096,46.1506
2019-04-02,75.3971,54.84,43.1582,21.6915,103.8672,46.1945
2019-04-03,74.6798,54.11,42.8289,21.5301,103.3577,45.5464
2019-04-04,74.6453,54.12,42.7279,21.4402,103.9265,45.4566
2019-04-05,75.4101,54.3,43.066,21.5315,104.2443,45.7273
2019-04-06,75.15966666666667,54.24,43.03946666666667,21.4997,103.99513333333331,45.63603333333333
2019-04-07,74.90923333333333,54.18,43.012933333333336,21.4679,103.74596666666666,45.54476666666667
2019-04-08,74.6588,54.12,42.9864,21.4361,103.4968,45.4535
2019-04-09,74.5397,54.34,42.8272,21.5207,104.1464,45.6732
2019-04-10,74.5682,53.94,42.8279,21.3445,104.4286,45.2643
2019-04-11,74.4191,54.04,42.8243,21.3748,104.5386,45.406
2019-04-12,74.428,54.24,43.0086,21.4474,105.4956,45.6464
2019-04-13,74.60186666666667,54.29333333333334,43.05436666666667,21.478466666666662,105.97263333333332,45.80806666666667
2019-04-14,74.77573333333333,54.34666666666666,43.10013333333333,21.509533333333334,106.44966666666666,45.96973333333333
2019-04-15,74.9496,54.4,43.1459,21.5406,106.9267,46.1314
2019-04-16,74.9683,54.65,43.1855,21.6854,107.7909,46.3821
2019-04-17,74.7243,54.31,43.0285,21.65775,107.6978,46.34725
2019-04-18,74.4803,53.97,42.8715,21.6301,107.6047,46.3124
2019-04-19,74.24945,53.81,42.76595,21.568925,107.156,46.15265
2019-04-20,74.01859999999999,53.65,42.6604,21.50775,106.7073,45.9929
2019-04-21,73.78775,53.49,42.55485,21.446575,106.2586,45.83315
2019-04-22,73.5569,53.33,42.4493,21.3854,105.8099,45.6734
2019-04-23,73.4345,53.12,42.4553,21.3499,104.6563,45.3861
2019-04-24,73.5421,53.53,42.66,21.614,104.2727,45.7542
2019-04-25,73.5571,53.3,42.5214,21.5056,103.4642,45.7392
2019-04-26,73.5158,53.41,42.5715,21.6893,102.6647,46.073
2019-04-27,73.3352,53.3525,42.49125,21.69105,102.351375,46.042075
2019-04-28,73.1546,53.295,42.411,21.6928,102.03805,46.01115
2019-04-29,72.974,53.2375,42.33075,21.69455,101.724725,45.980225
2019-04-30,72.7934,53.18,42.2505,21.6963,101.4114,45.9493
2019-05-01,72.44355,53.145,42.20915,21.6729,101.2855,45.85715
2019-05-02,72.0937,53.11,42.1678,21.6495,101.1596,45.765
2019-05-03,71.9062,53.24,42.092,21.6233,101.2374,45.8905
2019-05-04,71.65326666666667,53.08,42.02633333333333,21.55976666666667,100.78266666666666,45.79933333333334
2019-05-05,71.40033333333334,52.92,41.96066666666667,21.496233333333333,100.32793333333332,45.70816666666666
2019-05-06,71.1474,52.76,41.895,21.4327,99.8732,45.617
2019-05-07,70.7961,52.48,41.6491,21.2865,98.9047,44.9938
2019-05-08,70.0109,51.85,41.0841,21.0726,97.7407,44.3303
2019-05-09,69.7622,51.5,41.0344,20.9566,97.3849,44.015
2019-05-10,69.9519,51.62,41.1195,20.9132,97.4642,44.1608
2019-05-11,69.51653333333333,51.306666666666665,40.9124,20.845333333333333,96.8812,43.93306666666667
2019-05-12,69.08116666666666,50.99333333333333,40.7053,20.777466666666665,96.2982,43.705333333333336
2019-05-13,68.6458,50.68,40.4982,20.7096,95.7152,43.4776
2019-05-14,69.172,51.53,40.6701,20.8196,96.1712,44.028
2019-05-15,69.2407,51.05,40.5865,20.729,95.0936,43.6934
2019-05-16,69.3724,51.37,40.6252,20.8923,95.2366,44.0
2019-05-17,69.6503,51.65,40.8332,21.1217,96.7687,44.3379
2019-05-18,70.46523333333333,52.5,41.216766666666665,21.3649,98.10146666666668,44.979866666666666
2019-05-19,71.28016666666667,53.35,41.60033333333333,21.6081,99.43423333333332,45.621833333333335
2019-05-20,72.0951,54.2,41.9839,21.8513,100.767,46.2638
2019-05-21,71.5508,53.54,41.7532,21.6559,98.5587,45.5278
2019-05-22,71.3294,53.85,41.8338,21.7189,99.2154,45.9909
2019-05-23,71.7242,53.73,41.8743,21.557,99.2722,46.1314
2019-05-24,73.0795,55.33,42.959,21.8779,102.1637,47.4973
2019-05-25,73.36086666666667,55.79333333333333,43.26296666666667,21.938366666666667,102.43963333333332,47.77223333333333
2019-05-26,73.64223333333332,56.25666666666667,43.56693333333333,21.998833333333334,102.71556666666667,48.04716666666667
2019-05-27,73.9236,56.72,43.8709,22.0593,102.9915,48.3221
2019-05-28,74.0306,56.78,43.868,22.0633,102.6689,48.2697
2019-05-29,73.2925,56.03,43.6998,21.9492,101.4059,47.7525
2019-05-30,73.4374,56.33,43.8105,22.1095,100.8909,48.0868
2019-05-31,73.5191,56.03,43.6576,22.071,100.4596,48.142
2019-06-01,73.60076666666666,56.17,43.71843333333334,22.161,100.83803333333331,48.23706666666667
2019-06-02,73.68243333333334,56.31,43.779266666666665,22.251,101.21646666666666,48.33213333333333
2019-06-03,73.7641,56.45,43.8401,22.341,101.5949,48.4272
2019-06-04,73.4904,56.37,43.756,22.2274,101.5871,48.1133
2019-06-05,72.84195,55.885,43.42135,22.0651,101.1639,47.6152
2019-06-06,72.1935,55.4,43.0867,21.9028,100.7407,47.1171
2019-06-07,72.3079,55.49,42.9934,21.9426,100.2787,47.2321
2019-06-08,72.34173333333334,55.49,42.89676666666666,21.979333333333333,100.32326666666668,47.17016666666667
2019-06-09,72.37556666666667,55.49,42.800133333333335,22.016066666666667,100.36783333333334,47.10823333333334
2019-06-10,72.4094,55.49,42.7035,22.0528,100.4124,47.0463
2019-06-11,72.8281,55.79,42.8763,22.141,100.8374,47.3836
2019-06-12,72.2884,55.75,42.6424,22.0501,99.8721,47.1046
2019-06-13,72.1418,55.66,42.4714,22.0711,99.4406,47.0587
2019-06-14,71.696,55.33,42.2351,21.8852,98.4992,46.6319
2019-06-15,71.4474,55.053333333333335,42.08466666666667,21.79393333333333,98.05266666666668,46.38036666666667
2019-06-16,71.19879999999999,54.77666666666666,41.93423333333333,21.702666666666666,97.60613333333332,46.12883333333333
2019-06-17,70.9502,54.5,41.7838,21.6114,97.1596,45.8773
2019-06-18,71.1451,54.59,41.7882,21.6491,96.7391,46.0799
2019-06-19,70.7659,54.32,41.3078,21.6477,95.7085,45.7104
2019-06-20,71.6617,55.14,41.604,21.8677,97.3226,46.3418
2019-06-21,71.6137,55.08,41.5468,21.7227,96.6367,46.2046
2019-06-22,71.56546666666667,55.02666666666666,41.493566666666666,21.71133333333333,96.567,46.19853333333333
2019-06-23,71.51723333333332,54.973333333333336,41.44033333333333,21.69996666666667,96.4973,46.19246666666667
2019-06-24,71.469,54.92,41.3871,21.6886,96.4276,46.1864
2019-06-25,72.0319,55.31,41.6704,21.8572,96.9639,46.6388
2019-06-26,72.0553,55.82,42.0321,21.9477,97.2479,46.9665
2019-06-27,72.7462,56.16,42.1822,21.9421,97.932,47.1991
2019-06-28,72.6165,56.1,42.1367,21.8615,97.6561,47.0216
2019-06-29,72.79953333333333,56.13666666666667,42.1742,21.899266666666666,97.98093333333333,47.0001
2019-06-30,72.98256666666667,56.17333333333333,42.2117,21.93703333333333,98.30576666666668,46.9786
2019-07-01,73.1656,56.21,42.2492,21.9748,98.6306,46.9571
2019-07-02,72.6662,56.49,42.2881,22.0529,98.6158,46.9257
2019-07-03,72.6405,56.57,42.2543,22.0802,98.4983,47.0543
2019-07-04,72.7003,56.73,42.3976,22.1512,98.9379,47.2716
2019-07-05,71.6031,55.68,41.8184,21.9213,96.669,46.7605
2019-07-06,71.0992,55.11666666666667,41.52643333333333,21.780833333333334,95.7309,46.29956666666666
2019-07-07,70.5953,54.553333333333335,41.23446666666667,21.640366666666665,94.7928,45.83863333333333
2019-07-08,70.0914,53.99,40.9425,21.4999,93.8547,45.3777
2019-07-09,70.3463,54.43,40.8814,21.4758,93.8837,45.71
2019-07-10,70.0666,53.83,40.6046,21.364,92.9261,45.3004
2019-07-11,70.1977,54.14,40.6893,21.5035,94.2278,45.5784
2019-07-12,70.3348,53.98,40.8254,21.451,94.3463,45.5704
2019-07-13,70.19033333333333,53.85666666666666,40.7591,21.464233333333333,94.33476666666668,45.51573333333333
2019-07-14,70.04586666666667,53.73333333333333,40.6928,21.47746666666667,94.32323333333332,45.46106666666667
2019-07-15,69.9014,53.61,40.6265,21.4907,94.3117,45.4064
2019-07-16,70.1951,53.96,40.6341,21.6024,95.2222,45.7128
2019-07-17,70.2762,54.23,40.6109,21.6656,94.6151,45.7944
2019-07-18,69.5315,53.43,40.2313,21.4897,92.6961,45.2009
2019-07-19,68.0932,53.03,39.5354,21.1688,90.2412,44.7066
2019-07-20,67.99456666666667,53.02666666666667,39.394666666666666,21.123,90.33693333333332,44.70173333333334
2019-07-21,67.89593333333333,53.02333333333333,39.253933333333336,21.0772,90.43266666666668,44.696866666666665
2019-07-22,67.7973,53.02,39.1132,21.0314,90.5284,44.692
2019-07-23,67.6311,53.16,39.2183,21.0138,90.372,44.6946
2019-07-24,66.8374,52.52,38.761,20.8947,88.7177,44.0838
2019-07-25,67.0029,52.4,38.7053,20.8685,88.1775,43.8667
2019-07-26,67.2175,52.19,38.7127,20.8979,89.241,43.9015
2019-07-27,67.0233,52.02666666666666,38.61696666666666,20.84453333333333,88.44453333333334,43.7236
2019-07-28,66.8291,51.86333333333334,38.521233333333335,20.791166666666665,87.64806666666667,43.5457
2019-07-29,66.6349,51.7,38.4255,20.7378,86.8516,43.3678
2019-07-30,65.7439,50.94,37.8284,20.549,85.3966,42.756
2019-07-31,66.6877,51.27,38.1719,20.6008,86.1944,42.8729
2019-08-01,65.96,50.24,37.6848,20.3333,85.9177,42.1502
2019-08-02,65.6792,50.01,37.5751,20.3646,86.1209,41.8363
2019-08-03,65.27026666666666,49.85,37.4027,20.27843333333333,85.7026,41.65433333333333
2019-08-04,64.86133333333333,49.69,37.2303,20.19226666666667,85.2843,41.472366666666666
2019-08-05,64.4524,49.53,37.0579,20.1061,84.866,41.2904
2019-08-06,65.6351,50.2,37.5493,20.2679,86.059,41.8504
2019-08-07,65.5445,49.7,37.4874,20.0842,84.8627,41.4433
2019-08-08,65.4765,50.05,37.7168,20.3935,86.6328,41.9896
2019-08-09,65.9058,50.15,37.8985,20.5205,88.143,42.2586
2019-08-10,65.663,49.8975,37.755375,20.44465,87.4421,41.9889
2019-08-11,65.4202,49.645,37.61225,20.3688,86.74119999999999,41.7192
2019-08-12,65.1774,49.3925,37.469125,20.29295,86.0403,41.4495
2019-08-13,64.9346,49.14,37.326,20.2171,85.3394,41.1798
2019-08-14,65.5304,49.67,37.4806,20.3947,86.2127,41.7768
2019-08-15,65.61355,49.67,37.4761,20.41765,86.3943,41.86715
2019-08-16,65.6967,49.67,37.4716,20.4406,86.5759,41.9575
2019-08-17,65.67096666666667,49.74333333333333,37.5426,20.4427,86.57023333333333,41.926233333333336
2019-08-18,65.64523333333334,49.81666666666667,37.613600000000005,20.4448,86.56456666666666,41.89496666666667
2019-08-19,65.6195,49.89,37.6846,20.4469,86.5589,41.8637
2019-08-20,65.0392,49.64,37.4437,20.3752,87.3062,41.4667
2019-08-21,64.3677,48.8,36.8953,20.2086,86.8798,40.9397
2019-08-22,63.7605,47.78,36.2093,19.9331,85.4451,39.9148
2019-08-23,64.1716,48.31,36.4373,20.0689,86.3915,40.557
2019-08-24,64.56356666666666,48.553333333333335,36.65376666666667,20.202066666666667,86.79503333333332,40.864333333333335
2019-08-25,64.95553333333334,48.79666666666667,36.87023333333333,20.33523333333333,87.19856666666666,41.17166666666667
2019-08-26,65.3475,49.04,37.0867,20.4684,87.6021,41.479
2019-08-27,66.049,49.55,37.6346,20.5618,89.2278,41.9556
2019-08-28,65.6656,48.91,37.3799,20.455,87.7826,41.5464
2019-08-29,65.4612,48.79,37.1134,20.2849,87.6926,41.2398
2019-08-30,65.9463,48.94,37.3507,20.4062,88.094,41.5672
2019-08-31,65.7452,48.655,37.224,20.310575,87.706475,41.332725
2019-09-01,65.5441,48.37,37.0973,20.21495,87.31895,41.09825
2019-09-02,65.343,48.085,36.9706,20.119325,86.93142499999999,40.863775
2019-09-03,65.1419,47.8,36.8439,20.0237,86.5439,40.6293
2019-09-04,65.3058,48.49,36.9469,20.1168,85.7888,41.0945
2019-09-05,65.5665,49.06,37.0553,20.125,87.2071,41.4426
2019-09-06,66.0556,49.81,37.4853,20.2943,88.6908,41.7829
2019-09-07,66.25093333333334,49.92666666666667,37.66486666666667,20.326366666666665,88.92826666666666,41.8092
2019-09-08,66.44626666666666,50.04333333333333,37.844433333333335,20.35843333333333,89.16573333333334,41.8355
2019-09-09,66.6416,50.16,38.024,20.3905,89.4032,41.8618
2019-09-10,67.07939999999999,50.33,38.3742,20.4224,90.63395,42.0116
2019-09-11,67.5172,50.5,38.7244,20.4543,91.8647,42.1614
2019-09-12,67.2791,50.28,38.6639,20.3568,90.8875,42.0661
2019-09-13,67.9434,50.85,38.9292,20.5062,91.696,42.5737
2019-09-14,67.75286666666666,50.78333333333333,39.01676666666667,20.46503333333333,91.49936666666666,42.44023333333333
2019-09-15,67.56233333333333,50.71666666666667,39.10433333333333,20.423866666666665,91.30273333333334,42.30676666666667
2019-09-16,67.3718,50.65,39.1919,20.3827,91.1061,42.1733
2019-09-17,66.2951,49.67,38.6292,20.0631,88.2675,41.2091
2019-09-18,66.278,49.87,38.8405,20.0983,88.1975,41.3574
2019-09-19,65.324,49.39,38.2819,19.8788,87.1032,40.9642
2019-09-20,68.9727,51.62,39.7383,20.9171,94.0353,43.2648
2019-09-21,69.4974,52.08333333333333,40.15363333333333,21.114966666666668,95.16193333333334,43.67946666666667
2019-09-22,70.02210000000001,52.54666666666667,40.56896666666667,21.312833333333334,96.28856666666668,44.09413333333333
2019-09-23,70.5468,53.01,40.9843,21.5107,97.4152,44.5088
2019-09-24,70.3214,52.24,40.9139,21.4808,97.2688,44.0879
2019-09-25,69.2691,51.2,40.5539,21.2198,94.7249,43.355
2019-09-26,70.0889,51.88,40.7785,21.4108,96.5361,43.852
2019-09-27,69.7512,51.57,40.4855,21.3518,95.2658,43.827
2019-09-28,69.52123333333333,51.556666666666665,40.3398,21.3439,95.15116666666668,43.72796666666667
2019-09-29,69.29126666666667,51.54333333333334,40.1941,21.336,95.03653333333332,43.62893333333333
2019-09-30,69.0613,51.53,40.0484,21.3281,94.9219,43.5299
2019-10-01,67.4574,50.56,39.4449,21.0802,94.5379,42.7868
2019-10-02,67.42835,50.31,39.3884,21.01775,94.6419,42.69
2019-10-03,67.3993,50.06,39.3319,20.9553,94.7459,42.5932
2019-10-04,66.9182,49.45,39.0067,20.7077,93.3805,41.931
2019-10-05,66.79443333333333,49.330000000000005,38.87076666666667,20.67163333333333,93.061,41.81813333333333
2019-10-06,66.67066666666666,49.21,38.73483333333333,20.635566666666666,92.7415,41.70526666666667
2019-10-07,66.5469,49.09,38.5989,20.5995,92.422,41.5924
2019-10-08,66.8189,49.48,38.7912,20.75835,92.881,42.0546
2019-10-09,67.0909,49.87,38.9835,20.9172,93.34,42.5168
2019-10-10,66.3904,49.61,38.6574,20.7628,92.321,42.1589
2019-10-11,66.9196,49.78,38.7947,20.8722,92.7327,42.1882
2019-10-12,66.9456,49.84333333333333,38.8306,20.893766666666668,93.1044,42.32613333333333
2019-10-13,66.97160000000001,49.906666666666666,38.8665,20.915333333333333,93.4761,42.46406666666667
2019-10-14,66.9976,49.97,38.9024,20.9369,93.8478,42.602
2019-10-15,66.8887,50.34,38.825,21.0877,95.3518,42.8491
2019-10-16,66.6781,50.18,38.8674,21.1385,95.2653,43.0304
2019-10-17,67.608,50.54,39.1351,21.3773,97.3883,43.4176
2019-10-18,68.314,51.19,39.8962,21.5049,98.3741,43.6879
2019-10-19,68.2892,51.16,39.939825,21.458925,98.2239,43.719
2019-10-20,68.2644,51.13,39.983450000000005,21.41295,98.0737,43.7501
2019-10-21,68.2396,51.1,40.027075,21.366975,97.9235,43.7812
2019-10-22,68.2148,51.07,40.0707,21.321,97.7733,43.8123
2019-10-23,67.9768,50.92,40.112,21.3545,98.2799,43.6117
2019-10-24,68.3524,50.44,39.9918,21.3322,98.0603,43.0357
2019-10-25,68.0983,50.49,39.9183,21.3121,97.4978,43.279
2019-10-26,68.36444999999999,50.6225,40.108075,21.399475,98.623275,43.465500000000006
2019-10-27,68.63059999999999,50.755,40.29785,21.48685,99.74875,43.652
2019-10-28,68.89675,50.8875,40.487625,21.574225,100.874225,43.8385
2019-10-29,69.1629,51.02,40.6774,21.6616,101.9997,44.025
2019-10-30,69.4914,51.65,40.7804,21.7937,102.1014,44.5283
2019-10-31,70.2111,52.35,41.0137,21.8526,102.4782,44.9404
2019-11-01,70.664,52.55,41.1506,21.8871,101.8207,44.9979
2019-11-02,70.7485,52.71333333333333,41.223866666666666,21.9115,101.38123333333334,45.0419
2019-11-03,70.833,52.876666666666665,41.29713333333333,21.9359,100.94176666666668,45.0859
2019-11-04,70.9175,53.04,41.3704,21.9603,100.5023,45.1299
2019-11-05,70.1924,52.82,41.0488,21.9015,100.2994,44.8843
2019-11-06,70.1119,52.65,40.7429,21.9814,100.2683,44.7956
2019-11-07,70.1864,52.63,40.8195,22.0685,100.0745,44.7575
2019-11-08,69.6901,52.02,40.7456,21.8609,99.3563,44.4856
2019-11-09,69.7784,52.06333333333333,40.80043333333334,21.8626,99.36953333333334,44.56823333333333
2019-11-10,69.8667,52.10666666666667,40.855266666666665,21.8643,99.38276666666668,44.650866666666666
2019-11-11,69.955,52.15,40.9101,21.866,99.396,44.7335
2019-11-12,69.86654999999999,51.73,40.871300000000005,21.80965,99.1488,44.31235
2019-11-13,69.7781,51.31,40.8325,21.7533,98.9016,43.8912
2019-11-14,70.0944,51.11,40.8551,21.7843,99.2969,43.6972
2019-11-15,70.3649,51.5,40.8466,21.8344,99.0314,44.1826
2019-11-16,70.38776666666666,51.61,40.85906666666667,21.827066666666667,98.98023333333332,44.29286666666667
2019-11-17,70.41063333333334,51.72,40.87153333333333,21.81973333333333,98.92906666666669,44.40313333333333
2019-11-18,70.4335,51.83,40.884,21.8124,98.8779,44.5134
2019-11-19,70.6606,52.13,40.8726,21.9323,98.4169,45.1592
2019-11-20,70.6445,52.13,40.9685,22.03,98.6567,45.386
2019-11-21,70.0815,51.87,40.9366,21.9605,98.0198,44.9539
2019-11-22,69.9758,51.88,40.7476,21.8586,98.1913,44.8796
2019-11-23,70.18846666666667,52.14,40.809133333333335,21.95553333333333,98.7027,45.08303333333333
2019-11-24,70.40113333333333,52.4,40.870666666666665,22.052466666666668,99.2141,45.28646666666667
2019-11-25,70.6138,52.66,40.9322,22.1494,99.7255,45.4899
2019-11-26,70.2919,52.3,40.823,22.0851,98.9806,45.3126
2019-11-27,70.9433,52.45,40.8223,22.2006,99.8323,45.5362
2019-11-28,71.3158,52.76,40.9837,22.2827,99.7438,45.9851
2019-11-29,71.4283,52.74,41.0418,22.1156,99.4207,45.9062
2019-11-30,71.35906666666666,52.63666666666667,40.97153333333333,22.1169,99.10023333333334,45.88343333333333
2019-12-01,71.28983333333333,52.53333333333333,40.90126666666667,22.1182,98.77976666666666,45.86066666666667
2019-12-02,71.2206,52.43,40.831,22.1195,98.4593,45.8379
2019-12-03,70.7767,51.94,40.5904,21.9965,97.4932,45.3337
2019-12-04,71.2466,52.22,40.6621,22.0542,97.7501,45.7752
2019-12-05,70.9409,51.77,40.5712,22.0019,97.3428,45.2812
2019-12-06,70.3259,51.06,40.2266,21.8293,95.9944,44.5906
2019-12-07,70.36030000000001,51.02666666666667,40.1615,21.8295,96.14116666666666,44.5417
2019-12-08,70.3947,50.99333333333333,40.0964,21.8297,96.28793333333334,44.4928
2019-12-09,70.4291,50.96,40.0313,21.8299,96.4347,44.4439
2019-12-10,69.7132,50.41,39.6254,21.6725,95.642,43.926
2019-12-11,69.7952,50.42,39.5782,21.7531,95.9816,44.0667
2019-12-12,70.1809,51.08,40.0024,21.8558,97.2932,44.4169
2019-12-13,70.6348,51.64,40.3322,22.0808,98.6184,44.8991
2019-12-14,70.56406666666666,51.52666666666666,40.29813333333333,22.05653333333333,98.27856666666666,44.8014
2019-12-15,70.49333333333334,51.41333333333333,40.264066666666665,22.032266666666665,97.93873333333332,44.7037
2019-12-16,70.4226,51.3,40.23,22.008,97.5989,44.606
2019-12-17,70.5526,51.85,40.4621,22.2066,98.351,44.9819
2019-12-18,70.5227,51.52,40.4682,22.3015,98.3785,44.6767
2019-12-19,70.3951,51.63,40.4704,22.3854,99.1402,44.7571
2019-12-20,70.5541,51.69,40.5406,22.4009,99.0427,44.9508
2019-12-21,70.4698,51.69,40.53436666666666,22.40203333333333,99.1687,44.90376666666667
2019-12-22,70.3855,51.69,40.52813333333334,22.403166666666667,99.2947,44.85673333333333
2019-12-23,70.3012,51.69,40.5219,22.4043,99.4207,44.8097
2019-12-24,70.26,51.78,40.6617,22.3144,99.1781,44.7803
2019-12-25,70.3375,51.73,40.7199,22.237,99.19055,44.71965
2019-12-26,70.415,51.68,40.7781,22.1596,99.203,44.659
2019-12-27,70.7812,52.23,41.1545,22.3607,100.3168,45.2529
2019-12-28,70.78323333333333,52.32333333333333,41.22246666666667,22.37056666666667,100.76526666666666,45.32196666666666
2019-12-29,70.78526666666667,52.41666666666666,41.29043333333333,22.380433333333333,101.21373333333334,45.39103333333333
2019-12-30,70.7873,52.51,41.3584,22.3903,101.6622,45.4601
2019-12-31,71.0129,52.74,41.4306,22.2444,101.0571,45.4408
2020-01-01,71.2966,52.91,41.6967,22.2639,100.8043,45.612
2020-01-02,72.1416,53.79,42.3014,22.4571,101.6422,46.2144
2020-01-03,72.2926,53.55,42.2612,22.3429,100.768,45.8646
2020-01-04,71.82576666666667,53.16666666666666,41.93566666666667,22.203266666666668,100.0429,45.5345
2020-01-05,71.35893333333333,52.78333333333333,41.61013333333333,22.06363333333333,99.3178,45.2044
2020-01-06,70.8921,52.4,41.2846,21.924,98.5927,44.8743
2020-01-07,71.6519,52.66,41.7622,22.0436,98.8853,44.9794
2020-01-08,71.7778,52.59,41.7311,21.9954,98.1876,45.1133
2020-01-09,72.4179,53.25,42.4596,22.3134,100.6808,45.9274
2020-01-10,72.6759,53.84,42.7904,22.3912,101.6009,46.123
2020-01-11,72.83593333333333,54.02666666666667,42.955333333333336,22.4388,101.6501,46.269866666666665
2020-01-12,72.99596666666667,54.21333333333333,43.120266666666666,22.4864,101.6993,46.41673333333333
2020-01-13,73.156,54.4,43.2852,22.534,101.7485,46.5636
2020-01-14,73.4108,54.72,43.6431,22.5888,102.3092,46.723
2020-01-15,73.7441,55.1,44.039,22.5592,103.2789,46.8421
2020-01-16,74.2916,54.96,44.389,22.5792,103.7902,46.761
2020-01-17,74.4283,55.05,44.6123,22.5938,104.0032,46.3634
2020-01-18,74.37653333333333,54.88666666666666,44.5297,22.5177,103.683,46.26316666666666
2020-01-19,74.32476666666666,54.723333333333336,44.4471,22.4416,103.3628,46.162933333333335
2020-01-20,74.273,54.56,44.3645,22.3655,103.0426,46.0627
2020-01-21,74.2541,54.29,44.2501,22.2755,102.0487,46.1572
2020-01-22,74.5651,53.65,44.193,22.1801,101.4484,45.7422
2020-01-23,75.7062,54.25,44.448,22.3234,102.2184,46.4375
2020-01-24,76.7538,54.7,44.5654,22.4625,102.6911,46.8371
2020-01-25,76.89846666666666,54.48,44.5511,22.380333333333333,102.5638,46.6976
2020-01-26,77.04313333333333,54.26,44.5368,22.298166666666667,102.4365,46.5581
2020-01-27,77.1878,54.04,44.5225,22.216,102.3092,46.4186
2020-01-28,77.0711,53.52,44.4756,22.1076,101.2507,46.1374
2020-01-29,77.0276,53.74,44.6652,22.2431,101.9779,46.166
2020-01-30,76.6464,53.23,44.189,22.0631,101.3345,45.7231
2020-01-31,76.725,52.68,44.1082,21.9888,100.0428,45.4956
2020-02-01,76.4734,52.16666666666666,43.8081,21.81543333333333,99.57463333333334,45.08336666666667
2020-02-02,76.2218,51.653333333333336,43.508,21.642066666666665,99.10646666666666,44.67113333333333
2020-02-03,75.9702,51.14,43.2079,21.4687,98.6383,44.2589
2020-02-04,76.7021,52.16,43.8847,21.9314,100.2969,44.9706
2020-02-05,77.5698,52.71,44.254,22.1357,100.9107,45.4906
2020-02-06,77.9088,53.31,44.5088,22.2394,100.9007,45.9452
2020-02-07,78.2175,53.46,44.5715,22.1838,100.1444,45.9624
2020-02-08,77.99946666666666,53.193333333333335,44.48826666666667,22.1468,99.572,45.77783333333333
2020-02-09,77.78143333333334,52.92666666666666,44.405033333333336,22.1098,98.9996,45.59326666666667
2020-02-10,77.5634,52.66,44.3218,22.0728,98.4272,45.4087
2020-02-11,77.5489,52.88,44.4459,22.1872,98.7628,45.4958
2020-02-12,77.6812,52.75,44.5336,22.3303,99.2279,45.336
2020-02-13,77.5613,52.53,44.4588,22.279,98.7581,45.2363
2020-02-14,77.3352,52.08,44.4542,22.137,97.6986,44.8655
2020-02-15,77.14343333333333,51.88333333333333,44.3357,22.09913333333333,97.5614,44.67743333333333
2020-02-16,76.95166666666667,51.68666666666667,44.2172,22.061266666666665,97.4242,44.48936666666666
2020-02-17,76.7599,51.49,44.0987,22.0234,97.287,44.3013
2020-02-18,76.3277,51.04,44.0258,21.9179,96.4004,44.0481
2020-02-19,76.7456,51.56,44.7076,22.1652,96.6147,44.5792
2020-02-20,77.279,51.73,44.9316,22.0976,96.8134,44.6405
2020-02-21,77.03505,51.4075,44.73505,21.98355,96.085275,44.390425
2020-02-22,76.7911,51.085,44.5385,21.8695,95.35715,44.14035
2020-02-23,76.54715,50.7625,44.34195,21.75545,94.629025,43.890275
2020-02-24,76.3032,50.44,44.1454,21.6414,93.9009,43.6402
2020-02-25,76.0017,50.21,44.2234,21.5804,93.0012,43.6107
2020-02-26,75.3193,49.54,43.8455,21.3782,91.091,43.2661
2020-02-27,74.8579,49.08,43.4359,21.2915,90.4709,42.7833
2020-02-28,73.2246,47.49,41.6951,20.5473,87.2921,41.4028
2020-02-29,73.15223333333333,47.16333333333333,41.62613333333333,20.4948,87.05383333333333,41.12833333333333
2020-03-01,73.07986666666666,46.836666666666666,41.55716666666667,20.4423,86.81556666666667,40.85386666666667
2020-03-02,73.0075,46.51,41.4882,20.3898,86.5773,40.5794
2020-03-03,73.7482,47.76,41.8489,20.6756,88.2844,41.426
2020-03-04,72.7377,47.43,41.1409,20.5469,87.1673,40.9808
2020-03-05,72.6099,47.35,41.4008,20.5911,87.377,40.9838
2020-03-06,71.5109,46.01,40.7777,20.121,86.2403,39.7249
2020-03-07,70.82966666666667,45.196666666666665,40.176300000000005,19.797933333333333,85.2145,39.24103333333333
2020-03-08,70.14843333333334,44.38333333333333,39.5749,19.474866666666667,84.1887,38.75716666666666
2020-03-09,69.4672,43.57,38.9735,19.1518,83.1629,38.2733
2020-03-10,69.2182,43.21,38.851,19.122950000000003,82.5599,38.01
2020-03-11,68.9692,42.85,38.7285,19.0941,81.9569,37.7467
2020-03-12,64.0578,38.97,35.672,17.4808,75.7424,34.3656
2020-03-13,64.7376,40.5,36.2752,18.1461,77.7534,36.143
2020-03-14,63.66096666666667,39.63666666666666,35.63693333333333,17.7164,76.14283333333333,35.40286666666667
2020-03-15,62.58433333333333,38.77333333333333,34.998666666666665,17.2867,74.53226666666667,34.662733333333335
2020-03-16,61.5077,37.91,34.3604,16.857,72.9217,33.9226
2020-03-17,60.0746,37.14,33.497,16.4118,72.6277,32.9274
2020-03-18,57.2899,35.71,31.4149,15.5061,68.5834,31.2317
2020-03-19,55.0022,34.36,30.18,15.1597,65.0554,30.2111
2020-03-20,56.5045,36.12,30.8543,15.9402,67.4767,31.2892
2020-03-21,54.1978,34.76,29.5988,15.283433333333337,64.51526666666666,30.12506666666667
2020-03-22,51.8911,33.4,28.3433,14.626666666666669,61.55383333333333,28.960933333333333
2020-03-23,49.5844,32.04,27.0878,13.9699,58.5924,27.7968
2020-03-24,49.4462,32.15,26.823,14.2586,59.7877,27.6988
2020-03-25,50.7969,32.8,27.654,15.1409,62.8549,28.6001
2020-03-26,52.4402,33.76,28.6876,15.7809,63.9134,29.5114
2020-03-27,52.2646,33.77,28.9338,15.8114,63.082,29.6089
2020-03-28,51.726933333333335,33.49,28.6639,15.600333333333332,62.1289,29.340066666666665
2020-03-29,51.18926666666667,33.21,28.394,15.389266666666668,61.1758,29.07123333333333
2020-03-30,50.6516,32.93,28.1241,15.1782,60.2227,28.8024
2020-03-31,52.3288,34.37,29.1479,15.719,61.6654,30.0767
2020-04-01,52.1362,33.34,28.6995,15.1278,60.3693,29.2673
2020-04-02,51.502,33.155,28.56315,14.9711,59.49665,29.08835
2020-04-03,50.8678,32.97,28.4268,14.8144,58.624,28.9094
2020-04-04,51.4306,33.4125,28.7655,15.122875,59.67245,29.37775
2020-04-05,51.9934,33.855000000000004,29.1042,15.43135,60.7209,29.8461
2020-04-06,52.5562,34.2975,29.4429,15.739825,61.76935,30.31445
2020-04-07,53.119,34.74,29.7816,16.0483,62.8178,30.7828
2020-04-08,54.0551,35.16,30.3582,16.0047,63.7617,30.5745
2020-04-09,55.2198,36.41,31.6128,16.6174,68.9542,31.6455
2020-04-10,55.021675,36.475,31.5323,16.57565,68.695075,31.72355
2020-04-11,54.82355,36.54,31.4518,16.5339,68.43594999999999,31.8016
2020-04-12,54.625425,36.605,31.3713,16.49215,68.176825,31.87965
2020-04-13,54.4273,36.67,31.2908,16.4504,67.9177,31.9577
2020-04-14,54.90575,36.83,31.3142,16.39005,67.72364999999999,32.0252
2020-04-15,55.3842,36.99,31.3376,16.3297,67.5296,32.0927
2020-04-16,56.4167,37.71,31.9044,16.4196,68.187,32.5329
2020-04-17,57.1903,38.55,32.6257,16.9171,71.3632,33.4524
2020-04-18,57.12533333333333,38.516666666666666,32.762166666666666,16.925133333333335,71.09733333333334,33.42783333333333
2020-04-19,57.06036666666667,38.48333333333333,32.898633333333336,16.933166666666665,70.83146666666667,33.40326666666667
2020-04-20,56.9954,38.45,33.0351,16.9412,70.5656,33.3787
2020-04-21,55.741,37.06,32.0275,16.4928,67.4108,32.2556
2020-04-22,56.279,37.04,32.3121,16.8327,68.7555,32.4997
2020-04-23,57.2112,37.1,32.7177,17.0302,69.0898,32.5639
2020-04-24,56.229,36.24,32.1731,16.7454,67.7999,31.6726
2020-04-25,56.39813333333333,36.29,32.31753333333333,16.8174,68.0512,31.782766666666667
2020-04-26,56.56726666666667,36.34,32.46196666666667,16.889400000000002,68.3025,31.89293333333333
2020-04-27,56.7364,36.39,32.6064,16.9614,68.5538,32.0031
2020-04-28,57.4545,36.33,32.7561,17.1342,68.8176,32.1173
2020-04-29,58.2693,37.08,33.243,17.4317,70.1064,32.5749
2020-04-30,59.6543,38.66,33.5071,17.9606,73.3807,33.5696
2020-05-01,59.09895,38.23,33.275800000000004,17.7186,72.1833,33.1669
2020-05-02,58.5436,37.8,33.0445,17.476599999999998,70.9859,32.7642
2020-05-03,57.98825,37.37,32.813199999999995,17.2346,69.7885,32.3615
2020-05-04,57.4329,36.94,32.5819,16.9926,68.5911,31.9588
2020-05-05,57.0699,36.65,32.3511,16.83,68.0612,31.5656
2020-05-06,57.281,36.85,32.4658,16.9411,69.2212,31.8973
2020-05-07,56.8386,36.22,32.5144,16.8164,69.2027,31.3933
2020-05-08,56.4121,35.8,32.1511,16.8865,68.4663,31.2001
2020-05-09,56.52356666666667,35.79,32.095733333333335,16.8837,69.19436666666667,31.207833333333333
2020-05-10,56.63503333333333,35.78,32.040366666666664,16.8809,69.92243333333333,31.215566666666664
2020-05-11,56.7465,35.77,31.985,16.8781,70.6505,31.2233
2020-05-12,56.4246,36.16,31.6658,16.8137,70.6608,31.4401
2020-05-13,57.5635,37.07,32.238,17.1448,72.4641,32.2505
2020-05-14,57.1335,36.29,32.0231,16.7392,71.8575,31.6109
2020-05-15,57.0481,36.48,32.0878,16.7203,71.5284,31.7047
2020-05-16,56.412933333333335,36.06,31.764966666666663,16.545233333333336,70.31576666666668,31.17163333333333
2020-05-17,55.777766666666665,35.64,31.44213333333333,16.370166666666666,69.10313333333333,30.638566666666662
2020-05-18,55.1426,35.22,31.1193,16.1951,67.8905,30.1055
2020-05-19,55.1554,35.92,30.9759,16.264,68.7128,30.7499
2020-05-20,55.8707,36.44,31.3352,16.6071,69.9942,31.2168
2020-05-21,55.9658,36.56,31.6352,16.6647,71.4354,31.3823
2020-05-22,56.0113,36.36,31.4312,16.5739,71.3895,31.2366
2020-05-23,56.186125,36.4175,31.4793,16.56445,71.5998,31.30535
2020-05-24,56.36095,36.475,31.5274,16.555,71.8101,31.3741
2020-05-25,56.535775,36.5325,31.5755,16.54555,72.0204,31.44285
2020-05-26,56.7106,36.59,31.6236,16.5361,72.2307,31.5116
2020-05-27,57.05,37.12,31.9293,17.0262,72.7236,32.2395
2020-05-28,57.8015,37.64,32.3973,17.3264,74.9917,32.7038
2020-05-29,58.5643,38.15,32.8181,17.4872,76.2701,33.2314
2020-05-30,59.08956666666667,38.40333333333333,33.087066666666665,17.6428,77.0589,33.4247
2020-05-31,59.61483333333333,38.656666666666666,33.356033333333336,17.7984,77.8477,33.618
2020-06-01,60.1401,38.91,33.625,17.954,78.6365,33.8113
2020-06-02,61.0522,39.55,34.1451,18.2214,79.3216,34.3984
2020-06-03,61.4,39.67,34.5723,18.375,79.5005,34.796
2020-06-04,60.6094,39.75,34.7122,18.3143,79.692,34.8823
2020-06-05,62.0669,41.05,35.433,18.5184,81.2903,36.3884
2020-06-06,62.18323333333333,41.303333333333335,35.53183333333333,18.536866666666665,81.36116666666666,36.637
2020-06-07,62.29956666666666,41.556666666666665,35.63066666666667,18.555333333333333,81.43203333333334,36.8856
2020-06-08,62.4159,41.81,35.7295,18.5738,81.5029,37.1342
2020-06-09,62.1406,41.22,35.3971,18.3681,80.9877,36.2599
2020-06-10,62.6577,41.49,35.5519,18.5134,80.58,36.4127
2020-06-11,61.9232,40.69,35.0666,18.1626,78.6859,35.5043
2020-06-12,62.1758,40.72,35.0847,18.2597,80.4988,35.7081
2020-06-13,62.12653333333333,40.60333333333333,35.109633333333335,18.165033333333334,80.0247,35.4849
2020-06-14,62.07726666666667,40.486666666666665,35.134566666666665,18.070366666666665,79.5506,35.2617
2020-06-15,62.028,40.37,35.1595,17.9757,79.0765,35.0385
2020-06-16,62.3564,40.34,35.1779,18.143,79.2682,34.9628
2020-06-17,62.8558,40.44,35.4446,18.1167,80.0198,35.0982
2020-06-18,63.6033,41.2,35.8671,18.4733,80.8631,35.7826
2020-06-19,64.8184,41.65,36.4925,18.71,82.1667,36.2639
2020-06-20,65.09803333333333,41.84,36.61996666666666,18.75583333333333,82.41253333333334,36.44773333333333
2020-06-21,65.37766666666667,42.03,36.74743333333333,18.801666666666662,82.65836666666667,36.63156666666666
2020-06-22,65.6573,42.22,36.8749,18.8475,82.9042,36.8154
2020-06-23,66.2018,43.23,37.4999,19.1742,83.7834,37.6355
2020-06-24,65.3994,42.32,37.1197,18.8798,83.4799,36.5542
2020-06-25,65.956,42.12,37.2629,18.872,83.5182,36.4349
2020-06-26,65.8674,42.72,37.4087,19.0428,83.6298,36.8916
2020-06-27,65.72326666666667,42.42,37.31216666666667,19.001266666666663,83.24766666666667,36.69056666666666
2020-06-28,65.57913333333333,42.12,37.21563333333334,18.95973333333333,82.86553333333333,36.48953333333333
2020-06-29,65.435,41.82,37.1191,18.9182,82.4834,36.2885
2020-06-30,65.6923,41.69,37.0013,18.8889,83.0771,36.2368
2020-07-01,66.1079,41.91,37.0935,19.1119,83.0684,36.6597
2020-07-02,66.4015,42.39,37.3008,19.3307,84.9331,36.8598
2020-07-03,66.6804,42.75,37.3838,19.4282,85.8942,36.9696
2020-07-04,66.94503333333334,43.00666666666667,37.59496666666666,19.526733333333333,86.55476666666667,37.095666666666666
2020-07-05,67.20966666666666,43.263333333333335,37.806133333333335,19.62526666666667,87.21533333333333,37.22173333333333
2020-07-06,67.4743,43.52,38.0173,19.7238,87.8759,37.3478
2020-07-07,67.9865,43.35,38.1269,19.8116,88.0148,37.2757
2020-07-08,67.2963,43.18,38.0916,19.6768,86.4922,37.1686
2020-07-09,67.7484,43.58,38.3579,19.8935,86.808,37.5393
2020-07-10,67.9062,43.14,38.1472,19.8308,86.2842,37.159
2020-07-11,67.9307,43.153333333333336,38.11836666666667,19.842233333333333,86.36516666666667,37.14096666666666
2020-07-12,67.95519999999999,43.16666666666666,38.08953333333333,19.85366666666667,86.44613333333334,37.122933333333336
2020-07-13,67.9797,43.18,38.0607,19.8651,86.5271,37.1049
2020-07-14,67.5208,42.48,37.7833,19.5205,84.4277,36.2563
2020-07-15,67.2063,42.11,37.7238,19.5607,84.5404,36.0227
2020-07-16,67.5337,42.07,37.7763,19.818,85.1486,36.1066
2020-07-17,67.8261,42.71,38.2583,20.0687,86.6097,36.907
2020-07-18,68.1978,42.74666666666667,38.3548,20.1437,86.78676666666667,36.99253333333333
2020-07-19,68.56949999999999,42.78333333333333,38.4513,20.2187,86.96383333333334,37.078066666666665
2020-07-20,68.9412,42.82,38.5478,20.2937,87.1409,37.1636
2020-07-21,68.9685,43.25,38.7288,20.4692,88.593,37.7196
2020-07-22,69.4904,43.31,38.6639,20.4188,87.5523,37.7267
2020-07-23,70.0995,43.48,38.984,20.5315,88.4391,37.9106
2020-07-24,69.7143,42.93,38.9349,20.4728,87.4072,37.2565
2020-07-25,69.34283333333333,42.803333333333335,38.804966666666665,20.438866666666662,87.17643333333334,37.06503333333333
2020-07-26,68.97136666666667,42.67666666666666,38.67503333333333,20.40493333333333,86.94566666666667,36.87356666666667
2020-07-27,68.5999,42.55,38.5451,20.371,86.7149,36.6821
2020-07-28,68.8097,42.78,38.8511,20.6741,89.1968,37.0546
2020-07-29,68.8691,42.83,38.918,20.5603,88.3523,37.1295
2020-07-30,68.4698,42.23,38.5612,20.391,88.0258,36.4362
2020-07-31,69.1618,42.4,38.9123,20.3744,88.0855,36.5347
2020-08-01,69.34843333333333,42.333333333333336,39.02693333333333,20.27306666666667,88.02686666666666,36.43293333333333
2020-08-02,69.53506666666667,42.266666666666666,39.14156666666667,20.17173333333333,87.96823333333333,36.33116666666667
2020-08-03,69.7217,42.2,39.2562,20.0704,87.9096,36.2294
2020-08-04,69.9033,42.56,39.7385,20.3745,89.2246,36.4138
2020-08-05,70.2339,42.95,40.0854,20.3909,90.779,36.5581
2020-08-06,71.0663,43.22,40.4057,20.5879,90.8578,36.5938
2020-08-07,71.2128,43.28,40.8994,20.6107,91.4965,36.7707
2020-08-08,71.52636666666666,43.46666666666667,41.09596666666667,20.662666666666667,91.46506666666666,36.8194
2020-08-09,71.83993333333333,43.653333333333336,41.29253333333333,20.71463333333333,91.43363333333332,36.8681
2020-08-10,72.1535,43.84,41.4891,20.7666,91.4022,36.9168
2020-08-11,72.0016,43.99,41.5439,20.8627,91.4632,37.0987
2020-08-12,71.5074,44.01,41.6825,20.8219,92.8533,37.2972
2020-08-13,71.7982,44.66,42.2192,20.821,94.487,37.5501
2020-08-14,71.4435,44.39,41.8055,20.6059,92.3506,37.1035
2020-08-15,71.46640000000001,44.71666666666667,41.91356666666667,20.64953333333333,93.04553333333334,37.20056666666667
2020-08-16,71.4893,45.04333333333333,42.02163333333333,20.693166666666663,93.74046666666666,37.29763333333333
2020-08-17,71.5122,45.37,42.1297,20.7368,94.4354,37.3947
2020-08-18,72.4516,45.73,42.5446,20.993,95.5484,37.9267
2020-08-19,72.7998,46.31,43.0216,21.0253,95.6993,38.3476
2020-08-20,73.1492,47.14,43.333,20.8642,95.5389,38.3622
2020-08-21,74.2544,47.69,44.1043,20.9747,95.9453,38.6844
2020-08-22,74.5181,47.66333333333333,44.4657,21.03653333333333,96.08423333333332,38.75833333333333
2020-08-23,74.7818,47.63666666666666,44.8271,21.098366666666667,96.22316666666669,38.83226666666666
2020-08-24,75.0455,47.61,45.1885,21.1602,96.3621,38.9062
2020-08-25,74.9217,47.58,45.3978,21.1702,96.7533,39.0018
2020-08-26,75.2477,47.63,45.9379,21.3024,98.235,39.0905
2020-08-27,75.4021,47.73,45.9582,21.3114,99.0728,39.3062
2020-08-28,75.461,47.86,45.7478,21.4941,98.4312,39.9904
2020-08-29,74.5672,47.28333333333333,45.0472,21.3235,97.32616666666668,39.54176666666667
2020-08-30,73.6734,46.70666666666667,44.3466,21.1529,96.22113333333334,39.09313333333333
2020-08-31,72.7796,46.13,43.646,20.9823,95.1161,38.6445
2020-09-01,72.7947,46.62,43.8437,21.1472,95.6183,38.8502
2020-09-02,73.8203,46.87,44.4226,21.2632,97.025,39.1066
2020-09-03,74.2526,46.49,44.7187,21.2183,97.9342,38.9358
2020-09-04,73.1821,45.69,44.2462,20.8686,97.115,38.0983
2020-09-05,73.0801,45.60666666666666,44.2172,20.8676,96.92696666666666,38.031933333333335
2020-09-06,72.9781,45.52333333333333,44.1882,20.8666,96.73893333333334,37.96556666666667
2020-09-07,72.8761,45.44,44.1592,20.8656,96.5509,37.8992
2020-09-08,72.4618,44.59,43.775,20.7695,95.5979,37.3401
2020-09-09,71.7275,44.19,43.2689,20.6699,95.5789,36.712
2020-09-10,72.4085,44.41,43.9806,20.9224,96.0801,37.2546
2020-09-11,72.61,44.48,44.0391,20.9644,96.2623,37.3313
2020-09-12,73.50266666666667,44.57,44.711866666666666,20.98036666666667,96.76683333333332,37.38593333333333
2020-09-13,74.39533333333333,44.66,45.38463333333333,20.99633333333333,97.27136666666668,37.44056666666666
2020-09-14,75.288,44.75,46.0574,21.0123,97.7759,37.4952
2020-09-15,76.2755,45.11,46.8597,21.1866,97.8139,37.8047
2020-09-16,76.8923,45.1,47.1192,21.3405,98.9431,37.7924
2020-09-17,76.581,44.6,46.9242,21.1977,98.554,37.518
2020-09-18,76.4204,44.9,46.7456,21.17,98.8164,37.7752
2020-09-19,75.51903333333334,44.36,46.12826666666667,21.006566666666668,97.6303,37.3221
2020-09-20,74.61766666666666,43.82,45.51093333333333,20.84313333333333,96.4442,36.869
2020-09-21,73.7163,43.28,44.8936,20.6797,95.2581,36.4159
2020-09-22,72.5575,42.53,44.4785,20.4969,93.5152,35.9009
2020-09-23,72.6056,42.23,44.3597,20.4581,93.5198,35.6411
2020-09-24,71.401,40.98,43.3934,19.8794,90.1405,34.4527
2020-09-25,72.614,42.02,44.25,20.3294,93.0858,35.4264
2020-09-26,73.19463333333334,42.29666666666667,44.57246666666666,20.4418,94.03653333333334,35.736466666666665
2020-09-27,73.77526666666667,42.57333333333334,44.89493333333333,20.5542,94.98726666666668,36.046533333333336
2020-09-28,74.3559,42.85,45.2174,20.6666,95.938,36.3566
2020-09-29,74.6387,42.71,45.2225,20.6736,96.2537,36.0452
2020-09-30,74.5664,42.4,45.3725,20.7578,96.0192,35.7705
2020-10-01,74.9773,42.72,45.4543,21.0311,96.6293,36.3205
2020-10-02,74.976525,42.74,45.429925,21.06985,96.604125,36.348075
2020-10-03,74.97575,42.76,45.405550000000005,21.1086,96.57895,36.37565
2020-10-04,74.974975,42.78,45.381175,21.14735,96.553775,36.403225
2020-10-05,74.9742,42.8,45.3568,21.1861,96.5286,36.4308
2020-10-06,75.5103,43.05,45.4298,21.4476,97.8228,36.834
2020-10-07,75.1593,42.68,45.0376,21.5318,98.6958,36.8518
2020-10-08,74.9624,42.47,44.6261,21.7335,98.7039,36.9361
2020-10-09,74.8562,42.65,44.6601,21.8685,98.4105,37.3942
2020-10-10,74.66313333333333,42.41333333333333,44.548633333333335,21.8752,98.188,37.34793333333333
2020-10-11,74.47006666666667,42.17666666666666,44.43716666666666,21.8819,97.9655,37.30166666666667
2020-10-12,74.277,41.94,44.3257,21.8886,97.743,37.2554
2020-10-13,74.2264,41.94,44.2857,21.8849,97.144,37.0555
2020-10-14,74.3312,41.61,44.5618,21.9362,96.9696,37.2059
2020-10-15,73.3658,41.06,43.8095,21.4298,95.6843,36.4635
2020-10-16,74.0625,41.76,44.1108,21.5985,96.3447,37.0031
2020-10-17,74.28753333333333,41.99,44.21196666666666,21.6617,96.16763333333334,37.29303333333333
2020-10-18,74.51256666666667,42.22,44.31313333333333,21.7249,95.99056666666668,37.58296666666667
2020-10-19,74.7376,42.45,44.4143,21.7881,95.8135,37.8729
2020-10-20,75.0309,42.34,44.4056,21.8562,95.9956,37.8354
2020-10-21,75.7499,42.93,44.3429,21.9608,96.0104,38.3066
2020-10-22,75.7382,43.49,44.6417,21.9054,96.0,38.5514
2020-10-23,76.4097,43.54,45.0779,21.9948,98.2663,38.5707
2020-10-24,76.04316666666666,43.36,44.962833333333336,21.90203333333333,97.47823333333334,38.394733333333335
2020-10-25,75.67663333333334,43.18,44.847766666666665,21.809266666666662,96.69016666666668,38.21876666666667
2020-10-26,75.3101,43.0,44.7327,21.7165,95.9021,38.0428
2020-10-27,75.5153,43.25,44.9812,21.9596,97.1503,38.4137
2020-10-28,75.1976,43.03,44.657,21.7185,96.705,37.9802
2020-10-29,75.1946,42.66,44.5415,21.6082,95.7997,37.8064
2020-10-30,76.0034,42.88,44.5895,21.5656,95.1284,37.8583
2020-10-31,76.20439999999999,42.99333333333333,44.47036666666667,21.60653333333333,95.0602,38.0438
2020-11-01,76.4054,43.10666666666667,44.35123333333333,21.647466666666663,94.992,38.2293
2020-11-02,76.6064,43.22,44.2321,21.6884,94.9238,38.4148
2020-11-03,76.4641,43.42,44.4157,21.9053,96.091,38.9314
2020-11-04,76.6892,43.31,44.493,22.0902,96.8301,38.8167
2020-11-05,77.4217,44.47,45.3123,22.486,98.1017,39.7308
2020-11-06,77.8382,44.39,45.5951,22.7234,98.1216,39.7344
2020-11-07,77.9334,44.60333333333333,45.746633333333335,22.840433333333333,98.43026666666668,40.006933333333336
2020-11-08,78.0286,44.81666666666667,45.89816666666667,22.95746666666667,98.73893333333334,40.27946666666666
2020-11-09,78.1238,45.03,46.0497,23.0745,99.0476,40.552
2020-11-10,77.6076,45.94,45.7965,23.3138,99.8235,41.6491
2020-11-11,77.9929,46.6,46.1118,23.5509,101.1898,42.193
2020-11-12,78.7511,46.61,46.6131,23.4577,101.8388,42.0455
2020-11-13,79.1118,46.82,47.0735,23.4876,102.3013,42.4676
2020-11-14,79.489575,47.0225,47.26435,23.5676,102.78935,42.67855
2020-11-15,79.86735,47.225,47.455200000000005,23.6476,103.2774,42.8895
2020-11-16,80.245125,47.4275,47.64605,23.7276,103.76545,43.10045
2020-11-17,80.6229,47.63,47.8369,23.8076,104.2535,43.3114
2020-11-18,81.559,48.27,48.2542,23.9318,107.2078,43.8239
2020-11-19,81.2739,47.96,48.1499,23.6335,106.2374,43.1538
2020-11-20,82.2907,48.34,48.5835,23.8318,106.8627,43.4432
2020-11-21,82.58933333333333,48.47666666666667,48.7567,23.8765,107.02913333333332,43.45686666666666
2020-11-22,82.88796666666667,48.61333333333334,48.9299,23.9212,107.19556666666666,43.470533333333336
2020-11-23,83.1866,48.75,49.1031,23.9659,107.362,43.4842
2020-11-24,84.103,49.11,49.4119,24.1982,109.1111,43.9566
2020-11-25,83.0028,48.89,48.8291,23.8197,107.2715,43.6205
2020-11-26,84.078,49.31,49.0635,24.0498,107.6537,44.0272
2020-11-27,86.1995,49.55,50.3139,24.0379,109.1623,43.9426
2020-11-28,86.44024999999999,49.8075,50.4589,24.102675,109.40205,44.15385
2020-11-29,86.681,50.065,50.6039,24.16745,109.6418,44.3651
2020-11-30,86.92175,50.3225,50.7489,24.232225,109.88155,44.57635
2020-12-01,87.1625,50.58,50.8939,24.297,110.1213,44.7876
2020-12-02,87.7326,51.11,50.9452,24.2991,111.3868,45.1807
2020-12-03,87.8368,52.21,51.3248,24.3285,112.9176,45.6947
2020-12-04,88.5465,53.04,51.592,24.5593,113.7478,46.4928
2020-12-05,88.79376666666667,53.303333333333335,51.77133333333333,24.6163,113.842,46.6832
2020-12-06,89.04103333333333,53.56666666666666,51.95066666666667,24.6733,113.9362,46.8736
2020-12-07,89.2883,53.83,52.13,24.7303,114.0304,47.064
2020-12-08,89.7568,53.56,51.6608,24.7939,113.7856,46.9975
2020-12-09,89.8292,53.78,51.9511,25.0407,113.6957,47.1233
2020-12-10,89.3367,53.57,51.7909,24.9353,112.8819,46.7498
2020-12-11,89.3636,54.45,52.0163,24.961,112.9398,47.2626
2020-12-12,89.49223333333333,54.690000000000005,52.14463333333333,24.987766666666666,112.6386,47.41283333333333
2020-12-13,89.62086666666667,54.93,52.27296666666667,25.014533333333333,112.3374,47.56306666666666
2020-12-14,89.7495,55.17,52.4013,25.0413,112.0362,47.7133
2020-12-15,90.0735,55.14,52.5037,25.0642,112.6958,47.5885
2020-12-16,90.9069,55.65,53.0849,25.308,113.7482,47.8024
2020-12-17,91.1393,55.37,53.1568,25.4241,113.0323,47.8635
2020-12-18,91.0816,55.18,53.0396,25.4385,112.8218,48.005
2020-12-19,89.9716,54.04666666666667,52.2597,25.16636666666667,111.0196,47.0972
2020-12-20,88.8616,52.91333333333333,51.4798,24.89423333333333,109.2174,46.1894
2020-12-21,87.7516,51.78,50.6999,24.6221,107.4152,45.2816
2020-12-22,87.9922,52.6,51.2542,24.8795,108.4729,45.86
2020-12-23,90.1518,53.32,52.5325,25.1353,110.0673,46.6148
2020-12-24,90.5791,54.08,52.7761,25.4072,110.7245,47.1786
2020-12-25,90.9886,54.27,52.9514,25.46675,111.013025,47.3288
2020-12-26,91.3981,54.46,53.1267,25.5263,111.30155,47.479
2020-12-27,91.8076,54.650000000000006,53.302,25.58585,111.590075,47.6292
2020-12-28,92.2171,54.84,53.4773,25.6454,111.8786,47.7794
2020-12-29,92.1996,54.82,53.6006,25.764,111.9071,48.0642
2020-12-30,92.3613,54.93,53.7607,25.8706,113.2304,48.3851
2020-12-31,92.6356,54.9,54.0025,25.875,113.3825,48.383
2021-01-01,93.6915,55.25,54.5428,25.9613,114.5518,48.4805
2021-01-02,94.19653333333332,55.61,54.80016666666667,26.037433333333333,115.0865,48.65883333333333
2021-01-03,94.70156666666666,55.97,55.05753333333333,26.113566666666667,115.6212,48.83716666666667
2021-01-04,95.2066,56.33,55.3149,26.1897,116.1559,49.0155
2021-01-05,96.0199,56.3,55.6107,26.3421,116.2588,49.2921
2021-01-06,96.3858,56.87,55.6925,26.2452,115.8649,49.6611
2021-01-07,97.217,57.67,56.1361,26.2758,116.6122,50.2419
2021-01-08,97.808,58.12,56.5561,26.6344,119.8403,50.8609
2021-01-09,97.74256666666668,58.11666666666667,56.48263333333333,26.712766666666667,120.66846666666666,50.84563333333333
2021-01-10,97.67713333333332,58.11333333333333,56.40916666666667,26.79113333333333,121.49663333333334,50.83036666666667
2021-01-11,97.6117,58.11,56.3357,26.8695,122.3248,50.8151
2021-01-12,97.8979,58.95,56.3683,26.9848,123.6956,51.3026
2021-01-13,97.1231,59.43,56.3828,27.0266,124.6515,51.8003
2021-01-14,97.0017,59.54,56.3147,27.055,124.7908,51.8338
2021-01-15,96.3178,58.72,55.863,26.7809,123.9828,51.2805
2021-01-16,95.7046,58.196666666666665,55.5585,26.68463333333333,123.07786666666668,50.93646666666667
2021-01-17,95.0914,57.67333333333333,55.254,26.588366666666666,122.17293333333332,50.59243333333333
2021-01-18,94.4782,57.15,54.9495,26.4921,121.268,50.2484
2021-01-19,96.5194,58.12,55.7284,26.8973,123.5807,51.181
2021-01-20,97.2917,58.25,55.9987,27.0871,126.4189,51.4945
2021-01-21,96.6497,57.33,55.6336,26.9733,126.4119,51.1296
2021-01-22,95.7931,56.44,55.139,26.5575,127.6961,50.2682
2021-01-23,95.4724,56.40333333333333,54.92653333333334,26.480733333333333,127.09573333333331,50.1969
2021-01-24,95.1517,56.36666666666667,54.71406666666667,26.40396666666667,126.49536666666668,50.1256
2021-01-25,94.831,56.33,54.5016,26.3272,125.895,50.0543
2021-01-26,94.40815,55.775,54.3733,26.09055,124.76515,49.62985
2021-01-27,93.9853,55.22,54.245,25.8539,123.6353,49.2054
2021-01-28,93.3145,55.44,54.0773,25.6011,122.5266,49.6286
2021-01-29,93.0653,54.97,53.9911,25.2948,119.5266,49.115
2021-01-30,93.83636666666666,55.73333333333333,54.423633333333335,25.640966666666667,121.2111,50.00353333333334
2021-01-31,94.60743333333332,56.49666666666666,54.85616666666667,25.987133333333333,122.8956,50.892066666666665
2021-02-01,95.3785,57.26,55.2887,26.3333,124.5801,51.7806
2021-02-02,97.7958,58.85,55.8121,26.9135,129.2816,53.2329
2021-02-03,99.3372,59.69,56.7949,27.2037,130.6873,53.6896
2021-02-04,100.0314,60.69,57.6133,27.4209,132.224,54.5006
2021-02-05,100.0186,60.66,58.1143,27.5018,130.77119,54.416
2021-02-06,100.7348,61.15,58.47613333333334,27.60843333333333,132.02942666666667,54.78713333333333
2021-02-07,101.451,61.64,58.83796666666667,27.715066666666665,133.2876633333333,55.15826666666667
2021-02-08,102.1672,62.13,59.1998,27.8217,134.5459,55.5294
2021-02-09,102.3057,62.19,59.1074,27.8313,133.1106,55.4486
2021-02-10,103.3769,62.12,59.3624,27.7978,133.9532,55.2808
2021-02-11,104.0946,62.52,60.3859,27.9224,133.69901,55.4166
2021-02-12,104.3545,61.97,60.4006,27.8708,133.6748,55.5665
2021-02-13,104.95013333333334,62.11666666666667,60.51473333333333,27.9742,133.96993333333333,55.8111
2021-02-14,105.54576666666668,62.26333333333333,60.62886666666667,28.0776,134.26506666666668,56.0557
2021-02-15,106.1414,62.41,60.743,28.181,134.5602,56.3003
2021-02-16,105.8275,62.96,60.8337,28.1915,134.56129,56.1618
2021-02-17,106.4378,63.57,61.2674,28.0119,135.35921,56.4944
2021-02-18,107.0599,64.67,61.5803,27.8711,134.19591,57.0941
2021-02-19,106.1587,63.87,61.1359,27.6165,131.1461,56.1746
2021-02-20,105.5667,63.626666666666665,60.90306666666667,27.44043333333333,130.37020333333334,55.77066666666666
2021-02-21,104.9747,63.38333333333333,60.67023333333333,27.264366666666668,129.59430666666665,55.366733333333336
2021-02-22,104.3827,63.14,60.4374,27.0883,128.81841,54.9628
2021-02-23,104.8454,64.44,60.804,27.1376,129.6944,55.6546
2021-02-24,105.0965,65.13,61.5004,27.649,130.23351,56.6721
2021-02-25,106.9351,66.44,62.0977,27.888,131.9184,57.5787
2021-02-26,106.2795,64.9,61.462,26.9681,128.33231,55.6367
2021-02-27,106.45536666666666,65.21000000000001,61.8941,27.0742,129.19067,55.8542
2021-02-28,106.63123333333334,65.52,62.3262,27.1803,130.04903,56.0717
2021-03-01,106.8071,65.83,62.7583,27.2864,130.90739,56.2892
2021-03-02,107.9659,66.86,64.0334,27.5582,134.7963,56.9826
2021-03-03,109.113,67.6,64.69,28.1159,134.31731,57.8855
2021-03-04,109.8405,67.07,65.2266,27.8631,134.3168,57.7081
2021-03-05,108.118,66.41,64.0828,27.6164,132.9796,56.8901
2021-03-06,108.09213333333334,66.64333333333333,64.15870000000001,27.642533333333333,132.89446666666666,57.0727
2021-03-07,108.06626666666666,66.87666666666667,64.2346,27.668666666666667,132.80933333333334,57.2553
2021-03-08,108.0404,67.11,64.3105,27.6948,132.7242,57.4379
2021-03-09,108.0038,66.45,64.3209,27.897,132.3947,57.1035
2021-03-10,108.9074,66.62,65.0005,28.054,133.3589,57.2055
2021-03-11,108.6405,66.435,65.05494999999999,27.92215,132.38365,57.0456
2021-03-12,108.3736,66.25,65.1094,27.7903,131.4084,56.8857
2021-03-13,108.27583333333332,66.15666666666667,64.99069999999999,27.7278,131.15447,56.7766
2021-03-14,108.17806666666668,66.06333333333333,64.872,27.6653,130.90054,56.6675
2021-03-15,108.0803,65.97,64.7533,27.6028,130.64661,56.5584
2021-03-16,107.8895,66.02,65.0436,27.5612,130.91521,56.5177
2021-03-17,105.9707,64.46,63.5226,27.2234,128.2224,55.5455
2021-03-18,104.3265,63.79,62.608,26.9246,127.7607,54.8067
2021-03-19,104.691,64.44,62.9917,27.2354,128.3378,55.1702
2021-03-20,105.18186666666666,64.48666666666666,63.08546666666667,27.250433333333334,128.40563666666665,55.248266666666666
2021-03-21,105.67273333333334,64.53333333333333,63.179233333333336,27.265466666666665,128.47347333333337,55.32633333333334
2021-03-22,106.1636,64.58,63.273,27.2805,128.54131,55.4044
2021-03-23,106.8831,64.69,63.851,27.4317,129.4754,55.7572
2021-03-24,105.325,63.36,62.8858,26.9814,126.1312,54.6263
2021-03-25,103.2399,62.51,61.7086,26.5649,122.7628,53.6309
2021-03-26,105.6888,63.6,62.5491,26.9005,124.4368,54.3091
2021-03-27,105.98575,63.7925,62.759675,27.040775,124.7173,54.443325
2021-03-28,106.2827,63.985,62.97025,27.18105,124.9978,54.57755
2021-03-29,106.57965,64.17750000000001,63.180825,27.321325,125.2783,54.711775
2021-03-30,106.8766,64.37,63.3914,27.4616,125.5588,54.846
2021-03-31,107.7198,64.49,63.935,27.2207,125.5808,54.834
2021-04-01,108.4918,65.52,64.9797,27.4848,127.861,55.6785
2021-04-02,108.0644,65.2475,64.75354999999999,27.375675,127.07265,55.3047
2021-04-03,107.637,64.975,64.5274,27.26655,126.2843,54.9309
2021-04-04,107.2096,64.7025,64.30125000000001,27.157425,125.49595,54.557100000000005
2021-04-05,106.7822,64.43,64.0751,27.0483,124.7076,54.1833
2021-04-06,107.4447,64.63,64.6124,27.0824,126.0957,54.4054
2021-04-07,109.2986,65.22,65.4634,27.3602,127.6196,55.0002
2021-04-08,110.3024,65.5,66.0653,27.4343,128.26489,55.2391
2021-04-09,110.1561,64.99,66.3294,27.394,127.9126,55.099
2021-04-10,108.48993333333333,63.84666666666666,65.2898,27.081433333333333,125.55886666666666,54.1479
2021-04-11,106.82376666666669,62.70333333333333,64.2502,26.768866666666664,123.20513333333334,53.1968
2021-04-12,105.1576,61.56,63.2106,26.4563,120.8514,52.2457
2021-04-13,106.2678,63.14,63.9933,26.7384,124.9856,53.6295
2021-04-14,106.2097,63.31,63.90075,26.80175,124.34415,53.6419
2021-04-15,106.1516,63.48,63.8082,26.8651,123.7027,53.6543
2021-04-16,107.2712,63.7,64.54,26.964,124.9633,53.6274
2021-04-17,106.7272,63.156666666666666,64.28283333333334,26.807,123.73513333333334,53.2082
2021-04-18,106.1832,62.61333333333334,64.02566666666667,26.65,122.50696666666668,52.789
2021-04-19,105.6392,62.07,63.7685,26.493,121.2788,52.3698
2021-04-20,106.0801,62.19,64.0918,26.3928,122.2411,52.5759
2021-04-21,106.2759,62.34,64.33070000000001,26.46035,122.38805,52.74705
2021-04-22,106.4717,62.49,64.5696,26.5279,122.535,52.9182
2021-04-23,106.4978,62.52,64.8459,26.43,121.7461,52.9551
2021-04-24,106.80766666666666,62.75333333333334,65.0293,26.5132,121.9638,53.16953333333333
2021-04-25,107.11753333333334,62.986666666666665,65.2127,26.5964,122.1815,53.383966666666666
2021-04-26,107.4274,63.22,65.3961,26.6796,122.3992,53.5984
2021-04-27,108.6167,64.24,66.1876,27.0046,123.5972,54.2874
2021-04-28,109.5935,64.86,66.9318,27.3454,125.2904,55.0336
2021-04-29,110.1151,65.17,67.1829,27.363,124.1041,54.9965
2021-04-30,109.7124,64.94,67.2137,26.9343,122.4549,54.6398
2021-05-01,109.85543333333334,65.14333333333333,67.64576666666667,26.9398,122.72966666666666,54.7296
2021-05-02,109.99846666666666,65.34666666666666,68.07783333333333,26.9453,123.00443333333334,54.8194
2021-05-03,110.1415,65.55,68.5099,26.9508,123.2792,54.9092
2021-05-04,109.5676,65.71,67.9539,26.699,122.4615,55.0095
2021-05-05,109.9298,66.39,68.5281,26.962,122.8444,55.501
2021-05-06,110.6616,66.49,68.7647,27.1268,124.7194,55.5764
2021-05-07,110.1986,67.38,68.5838,27.2579,125.1813,55.9027
2021-05-08,110.29893333333334,67.78666666666666,68.77426666666666,27.3163,125.75326666666666,56.1309
2021-05-09,110.39926666666666,68.19333333333333,68.96473333333333,27.3747,126.32523333333332,56.3591
2021-05-10,110.4996,68.6,69.1552,27.4331,126.8972,56.5873
2021-05-11,110.9402,69.24,69.5276,27.271,127.0119,57.0217
2021-05-12,109.8738,68.89,69.3099,27.0265,126.8099,56.7149
2021-05-13,109.19255,68.455,68.97905,26.9837,125.66195,56.38515
2021-05-14,108.5113,68.02,68.6482,26.9409,124.514,56.0554
2021-05-15,108.90103333333332,68.32666666666667,69.0144,27.0873,125.26883333333332,56.43306666666667
2021-05-16,109.29076666666668,68.63333333333333,69.3806,27.2337,126.02366666666666,56.81073333333333
2021-05-17,109.6805,68.94,69.7468,27.3801,126.7785,57.1884
2021-05-18,111.3308,69.89,70.5321,27.6796,130.98309,57.9948
2021-05-19,111.4798,69.94,71.0456,27.5728,130.1282,58.09
2021-05-20,111.8812,69.31,71.2713,27.3888,129.71919,57.9043
2021-05-21,112.7348,70.36,71.414,27.8756,130.7807,58.9711
2021-05-22,113.02376666666667,70.60333333333334,71.58200000000001,27.9049,130.93293333333332,59.3458
2021-05-23,113.31273333333333,70.84666666666666,71.75,27.9342,131.08516666666668,59.7205
2021-05-24,113.6017,71.09,71.918,27.9635,131.2374,60.0952
2021-05-25,113.4813,71.14,71.9205,27.96,132.0793,60.3805
2021-05-26,113.8435,71.15,72.3311,28.0891,132.6384,60.5811
2021-05-27,113.8211,71.35,72.8879,28.2199,133.21809,60.8685
2021-05-28,113.7371,71.18,72.6938,28.3263,133.6927,60.501
2021-05-29,113.70826666666666,71.38000000000001,72.77676666666666,28.39723333333333,133.72823333333332,60.685833333333335
2021-05-30,113.67943333333334,71.58,72.85973333333334,28.46816666666667,133.76376666666667,60.870666666666665
2021-05-31,113.6506,71.78,72.9427,28.5391,133.7993,61.0555
2021-06-01,113.1041,71.61,72.4304,28.5229,133.75169,61.117
2021-06-02,113.8913,72.11,73.2209,28.5045,135.7583,61.4515
2021-06-03,115.0842,73.01,73.944,28.7257,136.4935,62.1455
2021-06-04,116.1122,73.12,74.4317,28.6612,137.54761,62.3017
2021-06-05,116.43043333333334,73.39333333333333,74.7415,28.711066666666667,138.01084,62.52083333333333
2021-06-06,116.74866666666668,73.66666666666667,75.0513,28.76093333333333,138.47406999999998,62.73996666666667
2021-06-07,117.0669,73.94,75.3611,28.8108,138.9373,62.9591
2021-06-08,117.6726,74.05,76.2031,28.8222,139.8488,62.9297
2021-06-09,116.8637,73.41,75.4718,28.6821,137.87309,62.4072
2021-06-10,118.089,74.12,76.4326,29.0004,137.9493,63.0345
2021-06-11,118.1783,74.21,76.7007,29.1028,138.67909,62.882
2021-06-12,118.03046666666668,74.16666666666666,76.69813333333333,29.12073333333333,138.23139333333333,62.8452
2021-06-13,117.88263333333332,74.12333333333333,76.69556666666666,29.138666666666666,137.78369666666669,62.8084
2021-06-14,117.7348,74.08,76.693,29.1566,137.336,62.7716
2021-06-15,118.6134,74.46,76.9729,29.2947,137.22079,63.3762
2021-06-16,118.0025,74.25,76.3912,29.1347,135.46809,62.8374
2021-06-17,117.5247,73.36,76.1084,29.0257,132.74541,62.5792
2021-06-18,117.036,72.52,75.4514,28.9985,132.4014,62.2465
2021-06-19,117.14706666666667,72.75,75.54656666666668,29.033266666666663,132.46393333333333,62.39926666666666
2021-06-20,117.25813333333332,72.97999999999999,75.64173333333333,29.06803333333333,132.52646666666666,62.55203333333333
2021-06-21,117.3692,73.21,75.7369,29.1028,132.589,62.7048
2021-06-22,117.7729,73.33,76.2925,29.1272,134.3779,62.7689
2021-06-23,117.8655,73.04,76.2857,28.9911,134.5157,62.476
2021-06-24,118.5125,73.06,76.1903,29.1675,134.634,62.3904
2021-06-25,119.2738,73.61,76.6054,29.3119,135.78729,63.083
2021-06-26,119.5375,73.65666666666667,76.7088,29.305366666666668,135.88049,63.08626666666667
2021-06-27,119.8012,73.70333333333333,76.8122,29.29883333333333,135.97369,63.08953333333333
2021-06-28,120.0649,73.75,76.9156,29.2923,136.06689,63.0928
2021-06-29,119.3205,73.31,77.0479,29.1842,134.92599,62.7149
2021-06-30,119.8836,73.32,77.818,29.1996,134.8364,62.3955
2021-07-01,120.3563,73.34,78.3409,29.1367,135.5677,62.7876
2021-07-02,121.5224,73.3,79.258,29.2276,135.6552,62.9513
2021-07-03,121.67693333333334,73.55333333333333,79.51243333333333,29.285366666666665,135.94147,63.16086666666667
2021-07-04,121.83146666666669,73.80666666666667,79.76686666666666,29.34313333333333,136.22774,63.37043333333333
2021-07-05,121.986,74.06,80.0213,29.4009,136.51401,63.58
2021-07-06,121.9871,74.23,79.6488,29.3962,134.4502,63.8317
2021-07-07,122.645,74.52,80.0073,29.5092,134.50571,64.1239
2021-07-08,121.8443,73.98,79.8657,29.2548,133.78081,63.7879
2021-07-09,122.3897,74.25,80.1952,29.195,133.7975,63.7874
2021-07-10,122.70076666666668,74.33,80.32996666666666,29.1861,133.88940000000002,63.94963333333333
2021-07-11,123.01183333333334,74.41,80.46473333333334,29.1772,133.9813,64.11186666666667
2021-07-12,123.3229,74.49,80.5995,29.1683,134.0732,64.2741
2021-07-13,123.9252,75.18,81.3928,29.3591,134.6179,64.9204
2021-07-14,124.3093,75.33,81.6936,29.4602,134.2525,64.8663
2021-07-15,124.4042,75.7,82.2027,29.6151,134.23061,65.3274
2021-07-16,124.9418,75.8,82.7359,29.678,133.7771,65.2216
2021-07-17,124.78013333333334,75.68333333333334,82.68396666666666,29.56563333333333,133.25126666666665,65.1233
2021-07-18,124.61846666666666,75.56666666666666,82.63203333333334,29.453266666666668,132.72543333333334,65.02499999999999
2021-07-19,124.4568,75.45,82.5801,29.3409,132.1996,64.9267
2021-07-20,123.5597,74.26,81.539,29.1019,130.9238,64.3837
2021-07-21,124.1232,74.845,82.0897,29.25995,131.2607,64.69865
2021-07-22,124.6867,75.43,82.6404,29.418,131.5976,65.0136
2021-07-23,124.9393,75.34,82.8264,29.4758,131.4597,65.2882
2021-07-24,124.90856666666669,75.35666666666667,82.9341,29.4715,131.32183333333333,65.2354
2021-07-25,124.87783333333331,75.37333333333333,83.04180000000001,29.4672,131.18396666666666,65.18260000000001
2021-07-26,124.8471,75.39,83.1495,29.4629,131.0461,65.1298
2021-07-27,123.66,75.28,82.9793,29.3238,130.3062,64.8969
2021-07-28,123.1495,75.53,82.6451,29.2663,129.16051,64.8097
2021-07-29,124.4558,76.2,83.4881,29.4118,129.1443,65.2465
2021-07-30,125.5621,76.19,83.7178,29.4601,130.6657,64.9095
2021-07-31,126.12936666666668,76.41,83.92653333333332,29.5412,131.29596666666666,65.22173333333333
2021-08-01,126.69663333333334,76.63,84.13526666666667,29.6223,131.92623333333333,65.53396666666666
2021-08-02,127.2639,76.85,84.344,29.7034,132.5565,65.8462
2021-08-03,127.8576,77.47,84.7551,30.1016,134.4445,66.3011
2021-08-04,126.8103,77.13,83.7065,30.2565,132.9039,66.2333
2021-08-05,126.3901,77.2,83.6888,30.3531,132.7123,65.917
2021-08-06,126.0101,77.39,83.6276,30.27,133.2076,65.7713
2021-08-07,125.84836666666666,77.23,83.50976666666666,30.273333333333333,133.05137000000002,65.66613333333333
2021-08-08,125.68663333333332,77.07,83.39193333333334,30.276666666666667,132.89514,65.56096666666666
2021-08-09,125.5249,76.91,83.2741,30.28,132.73891,65.4558
2021-08-10,124.4248,76.44,81.7863,30.3257,131.6783,64.6045
2021-08-11,124.0856,76.67,81.4055,30.3234,131.4368,65.0245
2021-08-12,124.9158,77.48,83.0268,30.4693,132.4229,65.6469
2021-08-13,125.0837,78.01,83.1732,30.7344,132.1317,65.9098
2021-08-14,124.74553333333331,78.01333333333334,82.99623333333334,30.735866666666663,131.68946333333332,65.82536666666667
2021-08-15,124.40736666666666,78.01666666666667,82.81926666666666,30.737333333333336,131.24722666666668,65.74093333333333
2021-08-16,124.0692,78.02,82.6423,30.7388,130.80499,65.6565
2021-08-17,124.5087,77.52,82.6083,30.8104,130.5009,65.3592
2021-08-18,124.3835,77.16,82.3912,30.7291,130.6264,65.0405
2021-08-19,123.39725,76.19,81.60235,30.58865,129.41154999999998,64.38185
2021-08-20,122.411,75.22,80.8135,30.4482,128.1967,63.7232
2021-08-21,122.03706666666666,75.11333333333333,80.4756,30.47073333333333,127.51913333333331,63.66826666666667
2021-08-22,121.66313333333332,75.00666666666667,80.13770000000001,30.493266666666667,126.84156666666668,63.61333333333333
2021-08-23,121.2892,74.9,79.7998,30.5158,126.164,63.5584
2021-08-24,122.7353,75.84,80.88,30.7344,127.654,64.479
2021-08-25,123.6676,76.19,81.1731,30.7649,128.03011,64.3965
2021-08-26,123.624,75.92,81.48,30.7604,127.9167,64.3969
2021-08-27,124.9612,76.48,82.1517,30.9282,128.24921,64.9986
2021-08-28,125.6017,77.04333333333334,82.68376666666667,31.069166666666668,128.94000333333332,65.4282
2021-08-29,126.2422,77.60666666666667,83.21583333333334,31.21013333333333,129.63079666666667,65.8578
2021-08-30,126.8827,78.17,83.7479,31.3511,130.32159,66.2874
2021-08-31,128.2839,79.31,84.3877,31.6912,131.4254,67.0029
2021-09-01,129.3149,79.56,84.2435,31.6162,131.2484,67.575
2021-09-02,129.9852,80.17,84.9964,31.8986,131.39011,67.9766
2021-09-03,130.2359,80.58,85.2063,32.0254,132.26891,68.5384
2021-09-04,130.36943333333332,80.57333333333334,85.39276666666666,32.052166666666665,132.41934,68.5933
2021-09-05,130.50296666666668,80.56666666666666,85.57923333333333,32.07893333333333,132.56977,68.6482
2021-09-06,130.6365,80.56,85.7657,32.1057,132.7202,68.7031
2021-09-07,130.3679,80.36,85.8746,32.0715,132.24361,68.3297
2021-09-08,130.4809,80.68,86.3261,32.086,131.9431,68.7013
2021-09-09,131.2461,81.08,86.8625,32.1143,132.38229,68.7716
2021-09-10,131.37037500000002,81.1575,87.013125,32.1113,132.38224250000002,68.851875
2021-09-11,131.49465,81.235,87.16375,32.1083,132.38219500000002,68.93215000000001
2021-09-12,131.618925,81.3125,87.314375,32.1053,132.3821475,69.012425
2021-09-13,131.7432,81.39,87.465,32.1023,132.3821,69.0927
2021-09-14,132.096,81.96,87.8499,32.1918,133.6456,69.4366
2021-09-15,132.9388,83.52,88.887,32.4669,135.11571,70.2756
2021-09-16,133.1702,83.7,88.7277,32.6695,135.68559,70.7662
2021-09-17,131.5075,83.09,88.1974,32.577,135.8195,70.3851
2021-09-18,131.01803333333334,82.54333333333334,87.65156666666667,32.4577,135.0351333333333,69.96633333333332
2021-09-19,130.52856666666665,81.99666666666667,87.10573333333333,32.3384,134.25076666666666,69.54756666666667
2021-09-20,130.0391,81.45,86.5599,32.2191,133.4664,69.1288
2021-09-21,130.556,82.29,86.8307,32.4613,133.22569,69.3338
2021-09-22,132.0028,82.76,87.4014,32.4669,134.7515,69.5859
2021-09-23,134.1589,84.0,88.1305,32.9562,136.048,70.905
2021-09-24,133.1592,83.39,88.3762,32.9794,136.2381,70.6184
2021-09-25,133.18083333333334,83.47,88.1861,32.9699,137.446,70.72319999999999
2021-09-26,133.20246666666665,83.55,87.996,32.9604,138.6539,70.828
2021-09-27,133.2241,83.63,87.8059,32.9509,139.8618,70.9328
2021-09-28,131.9866,83.94,87.2249,32.7585,139.26469,70.6308
2021-09-29,132.6376,85.12,87.4637,32.71,139.08859,71.2027
2021-09-30,132.6126,85.48,88.0434,32.5466,138.61951,70.8766
2021-10-01,132.1917,85.2,88.1773,32.4447,138.2332,70.9093
2021-10-02,132.7122,85.53333333333333,88.6737,32.54703333333333,138.45883333333333,71.21153333333334
2021-10-03,133.2327,85.86666666666667,89.1701,32.649366666666666,138.68446666666668,71.51376666666667
2021-10-04,133.7532,86.2,89.6665,32.7517,138.9101,71.816
2021-10-05,133.9868,87.59,90.0221,32.9991,139.7962,72.5063
2021-10-06,133.2147,87.04,89.623,32.6846,138.1324,71.8722
2021-10-07,136.0852,87.0,90.5912,32.9169,143.54761,72.6814
2021-10-08,136.4486,86.93,91.7163,33.117,143.814,72.5708
2021-10-09,136.775,87.24000000000001,91.84603333333334,33.132,144.86713333333333,72.7385
2021-10-10,137.10139999999998,87.55,91.97576666666669,33.147,145.92026666666666,72.9062
2021-10-11,137.4278,87.86,92.1055,33.162,146.9734,73.0739
2021-10-12,138.3326,88.02,92.3272,33.2893,148.32091,73.2203
2021-10-13,139.7762,88.5,92.8896,33.5162,152.82961,73.2663
2021-10-14,140.2157,89.31,93.2095,33.8074,152.6926,74.0654
2021-10-15,140.500275,89.565,93.3895,33.85685,152.7747975,74.2367
2021-10-16,140.78485,89.82,93.5695,33.9063,152.85699499999998,74.408
2021-10-17,141.06942500000002,90.075,93.7495,33.95575,152.9391925,74.5793
2021-10-18,141.354,90.33,93.9295,34.0052,153.02139,74.7506
2021-10-19,138.5161,89.18,92.7501,33.8854,150.04829,73.7651
2021-10-20,135.8886,88.32,90.2095,33.612,148.6008,73.3068
2021-10-21,136.2289,88.05,89.1129,33.4891,149.1662,73.033
2021-10-22,135.2837,87.8,88.2321,33.4241,147.45151,72.9916
2021-10-23,134.6072,87.74333333333333,87.68753333333333,33.37193333333334,146.67020666666667,73.05096666666667
2021-10-24,133.9307,87.68666666666667,87.14296666666667,33.319766666666666,145.88890333333333,73.11033333333334
2021-10-25,133.2542,87.63,86.5984,33.2676,145.1076,73.1697
2021-10-26,135.6772,88.38,88.7964,33.5773,147.87379,73.9618
2021-10-27,136.0917,87.85,89.2377,33.478,147.2549,73.7116
2021-10-28,135.379,86.27,87.6892,32.8493,144.8036,72.2704
2021-10-29,135.5806,85.76,87.6161,32.5098,145.4106,72.0494
2021-10-30,136.15933333333334,86.18,87.94703333333334,32.67746666666667,146.01236666666665,72.47836666666667
2021-10-31,136.73806666666667,86.6,88.27796666666667,32.84513333333333,146.61413333333334,72.90733333333333
2021-11-01,137.3168,87.02,88.6089,33.0128,147.2159,73.3363
2021-11-02,139.0367,87.52,89.7822,32.9642,148.3786,74.0115
2021-11-03,139.4412,87.75,89.5711,32.8397,147.55589,74.5889
2021-11-04,140.16842,88.064,89.96174,32.92888,148.290672,74.77972
2021-11-05,140.89564,88.378,90.35238,33.01806,149.025454,74.97054
2021-11-06,141.62286,88.692,90.74302,33.107240000000004,149.76023600000002,75.16136
2021-11-07,142.35008000000002,89.006,91.13366,33.19642,150.49501800000002,75.35218
2021-11-08,143.0773,89.32,91.5243,33.2856,151.2298,75.543
2021-11-09,142.971,89.61,91.9116,33.2238,152.9966,75.8079
2021-11-10,142.6705,89.51,92.4811,33.1841,153.3134,75.954
2021-11-11,143.0049,88.84,92.4683,32.9537,151.8275,75.2688
2021-11-12,144.6776,88.94,92.6559,33.304,152.1711,75.6979
2021-11-13,144.7435,88.75,92.75873333333334,33.31153333333334,152.12933666666666,75.67823333333334
2021-11-14,144.8094,88.56,92.86156666666666,33.319066666666664,152.08757333333332,75.65856666666667
2021-11-15,144.8753,88.37,92.9644,33.3266,152.04581,75.6389
2021-11-16,144.7883,87.72,93.3874,33.1117,155.1566,75.2305
2021-11-17,144.4467,87.44,93.3562,32.9283,155.4967,74.8982
2021-11-18,142.4028,86.25,91.8004,32.6769,151.82021,74.0085
2021-11-19,141.63615,85.84,91.1453,32.5394,150.5887325,73.57845
2021-11-20,140.86950000000002,85.43,90.4902,32.4019,149.357255,73.14840000000001
2021-11-21,140.10285,85.02,89.83510000000001,32.2644,148.1257775,72.71835
2021-11-22,139.3362,84.61,89.18,32.1269,146.8943,72.2883
2021-11-23,141.2727,85.95,90.6047,32.2895,148.53661,73.35
2021-11-24,141.5712,86.46,91.3372,32.1461,147.6671,73.7769
2021-11-25,142.2094,86.52,92.2212,32.3056,147.4003,73.9834
2021-11-26,137.4857,83.45,89.4366,31.4685,140.9258,71.217
2021-11-27,136.89506666666668,83.06333333333333,88.82036666666667,31.45523333333333,140.48826666666668,70.8998
2021-11-28,136.30443333333332,82.67666666666668,88.20413333333333,31.441966666666666,140.05073333333334,70.5826
2021-11-29,135.7138,82.29,87.5879,31.4287,139.6132,70.2654
2021-11-30,137.9488,82.35,89.1012,31.3355,138.2361,70.83
2021-12-01,137.5705,82.82,89.3469,31.6231,140.53819,71.4099
2021-12-02,139.4434,83.45,90.2546,32.012,142.252,71.8814
2021-12-03,139.5209,83.34,90.4343,31.6766,141.3891,71.6336
2021-12-04,138.87403333333333,82.93,90.0266,31.515733333333333,140.52639666666667,71.31830000000001
2021-12-05,138.22716666666668,82.52,89.6189,31.354866666666663,139.66369333333336,71.003
2021-12-06,137.5803,82.11,89.2112,31.194,138.80099,70.6877
2021-12-07,139.4826,83.21,90.2399,31.6361,141.45039,71.5512
2021-12-08,140.7233,84.3,91.4421,32.1385,144.40511,72.5934
2021-12-09,141.363,84.76,91.835,32.2153,145.0459,72.9576
2021-12-10,142.1118,84.7,92.4852,32.1922,145.4209,73.0598
2021-12-11,142.1925,84.64666666666668,92.69516666666668,32.12126666666666,145.28593666666666,72.91003333333333
2021-12-12,142.2732,84.59333333333333,92.90513333333334,32.050333333333334,145.15097333333333,72.76026666666667
2021-12-13,142.3539,84.54,93.1151,31.9794,145.01601,72.6105
2021-12-14,141.2961,84.39,93.2445,31.9123,144.33321,72.7013
2021-12-15,140.9024,83.65,93.1309,31.7782,144.20711,72.1472
2021-12-16,140.2846,83.32,92.7212,31.8055,143.4767,71.8552
2021-12-17,137.1942,81.75,90.9058,31.3273,139.97501,70.3917
2021-12-18,136.076,80.94666666666667,89.9882,31.0969,138.71607333333333,69.7545
2021-12-19,134.9578,80.14333333333333,89.0706,30.8665,137.45713666666668,69.1173
2021-12-20,133.8396,79.34,88.153,30.6361,136.1982,68.4801
2021-12-21,135.2408,80.06,89.4953,30.9241,137.7654,68.9882
2021-12-22,137.1027,81.07,90.9911,31.2802,139.9294,69.8772
2021-12-23,139.1997,82.03,91.7322,31.4933,140.89301,70.6178
2021-12-24,137.6449,81.07,91.3089,31.3839,139.119,70.1542
2021-12-25,137.61276666666666,81.03666666666666,91.5219,31.4251,139.19686666666666,70.22196666666667
2021-12-26,137.58063333333334,81.00333333333333,91.7349,31.4663,139.27473333333333,70.28973333333333
2021-12-27,137.5485,80.97,91.9479,31.5075,139.3526,70.3575
2021-12-28,139.2565,81.96,93.7442,31.7881,140.9012,71.0294
2021-12-29,139.7851,81.73,94.2021,31.7459,141.4232,71.0847
2021-12-30,139.2833,82.08,94.1683,31.7502,140.5316,70.7357
2021-12-31,141.0376,82.8,94.9717,32.0525,142.6972,71.3033
2022-01-01,141.72973333333334,83.14999999999999,95.46423333333333,32.19193333333333,143.52363333333335,71.60916666666667
2022-01-02,142.42186666666666,83.5,95.95676666666668,32.33136666666667,144.35006666666666,71.91503333333333
2022-01-03,143.114,83.85,96.4493,32.4708,145.1765,72.2209
2022-01-04,143.7185,84.87,97.1037,32.7487,145.3224,72.915
2022-01-05,143.8884,85.33,96.7149,32.9479,147.1617,73.3561
2022-01-06,143.7519,85.41,96.6556,32.674,147.9415,73.1162
2022-01-07,144.6594,85.93,97.3225,32.7964,147.853,73.4008
2022-01-08,144.9295,86.26666666666667,97.70143333333334,32.9009,148.55646333333334,73.63143333333333
2022-01-09,145.1996,86.60333333333334,98.08036666666666,33.0054,149.25992666666667,73.86206666666666
2022-01-10,145.4697,86.94,98.4593,33.1099,149.96339,74.0927
2022-01-11,145.6347,87.08,98.3547,33.1814,150.4767,74.1128
2022-01-12,149.1011,88.19,99.1533,33.4441,151.91431,74.9035
2022-01-13,148.5502,88.69,99.6433,33.5081,152.3185,75.2844
2022-01-14,149.1497,88.66,100.1494,33.4793,152.2028,75.4995
2022-01-15,149.30286666666666,88.88666666666667,100.41373333333334,33.49733333333334,153.04066666666665,75.645
2022-01-16,149.45603333333332,89.11333333333333,100.67806666666668,33.515366666666665,153.87853333333334,75.79050000000001
2022-01-17,149.6092,89.34,100.9424,33.5334,154.7164,75.936
2022-01-18,147.1057,88.7,98.9829,33.193,151.02969,75.0907
2022-01-19,146.6974,88.9,98.7872,32.9173,151.33321,75.2402
2022-01-20,146.8287,88.77,98.5347,32.6127,150.25729,75.0846
2022-01-21,144.2099,87.44,96.4195,32.2969,149.6917,73.8222
2022-01-22,142.20366666666666,86.85,94.96323333333332,32.01626666666667,148.23593333333332,73.1111
2022-01-23,140.19743333333335,86.26,93.50696666666668,31.73563333333333,146.78016666666667,72.4
2022-01-24,138.1912,85.67,92.0507,31.455,145.3244,71.6889
2022-01-25,138.591,87.07,93.0392,31.7358,148.6595,72.6178
2022-01-26,137.86790000000002,87.06,92.6545,31.5865,148.90815,72.47370000000001
2022-01-27,137.1448,87.05,92.2698,31.4372,149.1568,72.3296
2022-01-28,137.9716,87.69,92.7489,31.4618,148.3737,72.2743
2022-01-29,138.72556666666665,88.01333333333334,93.1632,31.60683333333333,149.11606666666668,72.5488
2022-01-30,139.47953333333334,88.33666666666666,93.5775,31.751866666666665,149.85843333333332,72.8233
2022-01-31,140.2335,88.66,93.9918,31.8969,150.6008,73.0978
2022-02-01,141.8372,89.35,94.8302,32.2725,150.2229,73.7155
2022-02-02,143.1487,89.99,96.094,32.6606,150.8084,74.3037
2022-02-03,142.0687,89.34,95.6616,32.2953,151.02209,73.6283
2022-02-04,141.8888,89.25,95.4722,32.2355,149.8741,73.1464
2022-02-05,141.36256666666668,89.10666666666667,95.17133333333334,32.062400000000004,149.3543,73.02996666666667
2022-02-06,140.83633333333333,88.96333333333332,94.87046666666666,31.8893,148.8345,72.91353333333333
2022-02-07,140.3101,88.82,94.5696,31.7162,148.3147,72.7971
2022-02-08,139.1268,88.35,93.5799,31.7709,148.0954,72.5708
2022-02-09,140.3203,88.75,94.0961,32.1072,150.98869,73.0548
2022-02-10,139.9207,89.3,94.1048,32.358,151.13,73.1878
2022-02-11,137.0578,88.45,92.408,31.9367,149.6357,72.285
2022-02-12,135.66586666666666,87.51,91.0932,31.6144,147.7414,71.41916666666667
2022-02-13,134.27393333333333,86.57,89.7784,31.2921,145.8471,70.55333333333333
2022-02-14,132.882,85.63,88.4636,30.9698,143.9528,69.6875
2022-02-15,135.791,86.91,90.6879,31.8814,149.0912,71.0803
2022-02-16,136.2986,87.14,91.0311,31.8864,149.1265,71.0025
2022-02-17,136.3915,86.95,90.6393,31.8162,149.05659,70.56
2022-02-18,135.7956,86.77,89.9651,31.7633,148.2294,70.1226
2022-02-19,135.30286666666666,86.53666666666666,89.46993333333334,31.71483333333333,147.89587,69.89573333333334
2022-02-20,134.81013333333334,86.30333333333333,88.97476666666667,31.666366666666665,147.56234,69.66886666666666
2022-02-21,134.3174,86.07,88.4796,31.6179,147.22881,69.442
2022-02-22,133.1942,85.1,87.2866,31.3938,146.7041,68.6625
2022-02-23,133.7909,85.13,88.1148,31.4182,146.849,68.9301
2022-02-24,127.9111,81.72,83.6577,29.9927,138.0872,65.3823
2022-02-25,131.9927,84.04,87.0849,30.7123,142.0407,67.3095
2022-02-26,132.43560000000002,84.33666666666667,87.17436666666667,30.7639,141.95892999999998,67.53756666666666
2022-02-27,132.8785,84.63333333333334,87.26383333333334,30.8155,141.87716,67.76563333333334
2022-02-28,133.3214,84.93,87.3533,30.8671,141.79539,67.9937
2022-03-01,132.98145,84.75,87.208,30.709200000000003,139.93639000000002,67.7431
2022-03-02,132.6415,84.57,87.0627,30.5513,138.07739,67.4925
2022-03-03,132.05,84.74,87.2041,30.3381,135.05251,66.8695
2022-03-04,129.0964,83.19,85.591,29.8778,130.9939,65.6342
2022-03-05,128.0399,83.27666666666667,85.06836666666666,29.64943333333333,129.24779999999998,65.09100000000001
2022-03-06,126.9834,83.36333333333333,84.54573333333333,29.421066666666665,127.5017,64.5478
2022-03-07,125.9269,83.45,84.0231,29.1927,125.7556,64.0046
2022-03-08,126.4444,83.85,85.03,29.4347,126.6658,64.7283
2022-03-09,128.9984,84.51,86.6645,30.0418,130.32179,65.6764
2022-03-10,130.7806,85.5,87.7808,30.5175,132.5602,66.4245
2022-03-11,131.3316,85.68,88.6415,30.5939,132.00079,66.6198
2022-03-12,131.49976666666666,85.81,88.8384,30.730766666666668,132.31926333333334,66.76603333333333
2022-03-13,131.66793333333334,85.94,89.0353,30.86763333333333,132.63773666666663,66.91226666666667
2022-03-14,131.8361,86.07,89.2322,31.0045,132.95621,67.0585
2022-03-15,130.606,84.99,88.2381,30.6461,133.8558,66.4955
2022-03-16,132.9499,86.31,89.4707,31.2156,136.4456,67.6017
2022-03-17,133.9521,87.24,90.4876,31.7285,139.1489,68.8173
2022-03-18,134.0163,87.115,90.6852,31.6645,138.73045,68.62960000000001
2022-03-19,134.0805,86.99,90.8828,31.6005,138.312,68.4419
2022-03-20,134.1447,86.865,91.0804,31.5365,137.89355,68.2542
2022-03-21,134.2089,86.74,91.278,31.4725,137.4751,68.0665
2022-03-22,134.2466,87.16,91.8017,31.7652,138.868,68.5893
2022-03-23,134.1371,86.87,91.5816,31.6339,137.72459,68.2443
2022-03-24,134.0188,87.03,91.4078,31.5874,137.30119,68.3228
2022-03-25,133.5499,87.22,90.849,31.4819,137.31081,68.2355
2022-03-26,133.5410666666667,87.21333333333334,90.744,31.51813333333333,137.47377333333333,68.27496666666667
2022-03-27,133.53223333333335,87.20666666666666,90.639,31.554366666666667,137.63673666666668,68.31443333333333
2022-03-28,133.5234,87.2,90.534,31.5906,137.7997,68.3539
2022-03-29,134.7596,87.62,91.157,31.8101,138.256,68.6472
2022-03-30,136.0496,87.63,92.4379,32.0994,139.79671,69.3458
2022-03-31,136.2755,87.88,92.9545,32.0916,140.3214,69.6377
2022-04-01,136.9167,89.79,94.1589,32.4547,142.42509,70.8058
2022-04-02,137.44663333333332,90.45666666666668,94.59093333333334,32.69793333333333,143.01799333333335,71.13396666666667
2022-04-03,137.97656666666666,91.12333333333332,95.02296666666666,32.94116666666667,143.61089666666666,71.46213333333334
2022-04-04,138.5065,91.79,95.455,33.1844,144.2038,71.7903
2022-04-05,140.4532,92.71,96.3879,33.021,145.9928,72.0484
2022-04-06,140.7062,93.14,96.8101,32.7448,146.1438,72.2779
2022-04-07,139.8773,92.34,96.4762,32.4634,144.84241,72.1121
2022-04-08,141.5198,92.83,97.5277,32.7226,146.30409,72.7235
2022-04-09,141.87866666666667,92.87666666666668,97.54436666666666,32.6437,146.50119333333333,72.7067
2022-04-10,142.23753333333332,92.92333333333332,97.56103333333331,32.5648,146.69829666666666,72.68990000000001
2022-04-11,142.5964,92.97,97.5777,32.4859,146.8954,72.6731
2022-04-12,141.2507,92.02,96.4762,32.2115,145.3479,71.769
2022-04-13,141.5295,92.26,97.0702,32.1133,144.36391,71.8639
2022-04-14,141.21232,92.278,96.86102,31.998,144.472208,71.78836
2022-04-15,140.89514,92.296,96.65184,31.8827,144.580506,71.71282
2022-04-16,140.57796000000002,92.314,96.44266,31.7674,144.688804,71.63728
2022-04-17,140.26078,92.332,96.23348,31.6521,144.797102,71.56174
2022-04-18,139.9436,92.35,96.0243,31.5368,144.9054,71.4862
2022-04-19,138.9417,91.63,94.6327,31.0962,142.8363,71.1036
2022-04-20,139.6113,92.16,94.7545,31.4117,145.8716,71.3566
2022-04-21,141.0095,92.87,96.111,31.826,148.9306,72.161
2022-04-22,140.0435,92.27,95.8345,31.4304,148.5782,71.4558
2022-04-23,139.44343333333333,91.75666666666666,95.31363333333334,31.2995,147.95517,71.03516666666667
2022-04-24,138.84336666666667,91.24333333333334,94.79276666666668,31.1686,147.33214,70.61453333333333
2022-04-25,138.2433,90.73,94.2719,31.0377,146.70911,70.1939
2022-04-26,140.0067,91.24,95.2715,31.4734,150.8427,71.1748
2022-04-27,139.6437,90.95,94.9042,31.2534,149.8187,70.4804
2022-04-28,141.021,91.86,95.4119,31.6115,150.12959,71.4501
2022-04-29,141.1066,91.06,94.5293,31.3416,148.2162,70.3421
2022-04-30,141.01486666666665,91.11666666666667,94.21076666666669,31.313766666666663,147.68569666666664,70.27033333333334
2022-05-01,140.92313333333334,91.17333333333332,93.89223333333334,31.28593333333333,147.15519333333333,70.19856666666666
2022-05-02,140.8314,91.23,93.5737,31.2581,146.62469,70.1268
2022-05-03,139.62189999999998,90.59,92.5314,30.9017,144.65525,69.51415
2022-05-04,138.4124,89.95,91.4891,30.5453,142.68581,68.9015
2022-05-05,138.0001,89.77,91.2593,30.5806,143.01331,68.485
2022-05-06,135.4211,88.94,89.4521,30.0728,140.5569,67.6326
2022-05-07,134.73203333333333,88.76,88.94566666666667,30.001033333333336,140.2420666666667,67.41853333333333
2022-05-08,134.04296666666667,88.58,88.43923333333333,29.929266666666667,139.92723333333333,67.20446666666666
2022-05-09,133.3539,88.4,87.9328,29.8575,139.6124,66.9904
2022-05-10,131.2586,87.29,86.4092,29.7289,139.093,66.1134
2022-05-11,129.8684,86.67,84.8233,29.6158,137.661,65.5859
2022-05-12,127.5501,85.05,83.0261,28.9709,134.7928,64.2239
2022-05-13,128.4688,84.69,83.9039,28.9654,137.26759,64.3993
2022-05-14,129.03263333333334,85.06666666666666,84.1882,29.01203333333333,138.25479333333334,64.69503333333333
2022-05-15,129.59646666666666,85.44333333333333,84.4725,29.058666666666667,139.2419966666667,64.99076666666667
2022-05-16,130.1603,85.82,84.7568,29.1053,140.2292,65.2865
2022-05-17,132.1033,87.96,87.0087,29.7653,143.8569,66.9238
2022-05-18,132.7066,88.05,87.258,29.7311,144.2345,66.4671
2022-05-19,130.0499,86.87,85.2296,28.9785,140.4142,65.533
2022-05-20,132.2218,88.55,86.6421,29.774,144.2188,67.1613
2022-05-21,131.99956666666668,88.39999999999999,86.4742,29.736966666666667,145.17863333333332,67.21866666666666
2022-05-22,131.77733333333333,88.25,86.30630000000001,29.69993333333333,146.13846666666666,67.27603333333333
2022-05-23,131.5551,88.1,86.1384,29.6629,147.0983,67.3334
2022-05-24,131.053,87.11,85.2233,29.5185,146.963,66.7606
2022-05-25,128.8835,86.58,82.8762,29.3461,144.86211,66.035
2022-05-26,129.8756,87.42,83.6924,29.644,145.814,66.756
2022-05-27,131.0161,87.03,85.0806,29.9747,147.6713,66.8637
2022-05-28,131.86603333333332,87.31333333333333,85.7501,30.1606,148.61363666666668,67.27183333333333
2022-05-29,132.71596666666667,87.59666666666666,86.4196,30.3465,149.55597333333333,67.67996666666666
2022-05-30,133.5659,87.88,87.0891,30.5324,150.49831,68.0881
2022-05-31,134.157,88.71,87.9753,30.4009,151.5891,68.4893
2022-06-01,134.7182,89.03,88.8005,30.3054,151.4628,68.5763
2022-06-02,134.9765,89.46,89.2892,30.4814,151.21201,68.962
2022-06-03,132.415,88.82,88.4882,30.3744,148.6664,68.4105
2022-06-04,132.2468,88.81666666666666,88.25916666666667,30.3611,148.68310333333335,68.33923333333334
2022-06-05,132.0786,88.81333333333333,88.03013333333334,30.3478,148.69980666666666,68.26796666666667
2022-06-06,131.9104,88.81,87.8011,30.3345,148.71651,68.1967
2022-06-07,130.7969,89.1,87.1957,30.0585,149.045,67.9962
2022-06-08,130.4158,89.04,86.8341,29.9564,149.22749,67.8032
2022-06-09,130.5401,89.24,87.0174,30.1653,150.0343,68.2164
2022-06-10,129.9255,88.37,86.436,29.7115,149.29871,67.8163
2022-06-11,129.0528,87.60000000000001,85.63260000000001,29.4699,148.17427333333333,67.21809999999999
2022-06-12,128.1801,86.83,84.8292,29.2283,147.04983666666666,66.6199
2022-06-13,127.3074,86.06,84.0258,28.9867,145.9254,66.0217
2022-06-14,127.2677,85.8,84.1267,28.9193,145.31689,65.9336
2022-06-15,127.8452,85.88,84.8192,28.8648,146.2412,66.109
2022-06-16,125.6247,83.46,82.6698,28.2704,143.0468,64.4058
2022-06-17,124.6623,82.92,82.054,28.1255,141.1983,63.877
2022-06-18,124.19546666666666,82.31666666666666,81.48903333333334,28.1539,140.86493333333334,63.5882
2022-06-19,123.72863333333332,81.71333333333334,80.92406666666666,28.1823,140.53156666666666,63.2994
2022-06-20,123.2618,81.11,80.3591,28.2107,140.1982,63.0106
2022-06-21,124.4023,83.01,82.3061,28.7356,143.23019,64.3395
2022-06-22,123.6249,82.02,81.5579,28.3421,141.86189,63.5222
2022-06-23,124.9975,82.5,82.2678,28.6067,147.3367,64.1289
2022-06-24,126.9166,83.23,83.6732,28.8914,150.0531,64.7887
2022-06-25,127.46133333333334,83.56,84.18759999999999,28.972066666666667,150.52699666666666,65.04303333333334
2022-06-26,128.00606666666667,83.89,84.702,29.052733333333336,151.00089333333335,65.29736666666666
2022-06-27,128.5508,84.22,85.2164,29.1334,151.47479,65.5517
2022-06-28,129.2239,84.95,85.7289,29.1762,152.89149,65.7788
2022-06-29,129.4126,85.12,85.5723,29.0883,153.2359,65.8289
2022-06-30,129.3158,85.06,85.2665,29.0787,151.8847,65.8096
2022-07-01,129.6195,84.15,85.2,29.0795,151.9218,65.3848
2022-07-02,129.97629999999998,84.29666666666667,85.42060000000001,29.1389,152.05419999999998,65.5318
2022-07-03,130.3331,84.44333333333334,85.6412,29.1983,152.1866,65.6788
2022-07-04,130.6899,84.59,85.8618,29.2577,152.319,65.8258
2022-07-05,131.3021,84.46,86.0526,29.216,151.96359,66.1041
2022-07-06,133.5752,84.47,86.7766,29.5502,155.42751,66.527
2022-07-07,134.8102,85.56,87.7502,29.7963,157.3334,67.3301
2022-07-08,134.3558,86.2,88.3659,29.9417,157.4433,67.988
2022-07-09,134.64216666666667,86.25333333333333,88.5211,29.9364,158.06409666666667,67.9867
2022-07-10,134.92853333333332,86.30666666666667,88.6763,29.9311,158.68489333333332,67.9854
2022-07-11,135.2149,86.36,88.8315,29.9258,159.30569,67.9841
2022-07-12,133.7974,86.08,88.3619,29.6481,157.74609,67.5983
2022-07-13,134.0682,85.66,88.4469,29.5146,157.56889,67.4869
2022-07-14,134.1115,85.53,88.0409,29.4351,158.2807,67.4155
2022-07-15,134.9401,86.07,88.4773,29.6186,161.2263,67.8574
2022-07-16,135.4668,86.49,88.8524,29.759933333333333,161.52226666666667,68.15623333333333
2022-07-17,135.99349999999998,86.91,89.22749999999999,29.901266666666668,161.81823333333335,68.45506666666667
2022-07-18,136.5202,87.33,89.6026,30.0426,162.1142,68.7539
2022-07-19,137.9258,87.98,90.6444,30.1726,162.8174,69.1492
2022-07-20,137.4862,88.69,91.0946,30.4754,162.5896,69.7338
2022-07-21,139.4036,89.59,92.0259,30.6388,163.9353,70.6064
2022-07-22,139.8864,89.86,92.1222,30.8284,164.4854,70.902
2022-07-23,139.87566666666666,89.90333333333334,92.1406,30.7803,163.7228,70.81083333333333
2022-07-24,139.86493333333334,89.94666666666666,92.159,30.7322,162.9602,70.71966666666667
2022-07-25,139.8542,89.99,92.1774,30.6841,162.1976,70.6285
2022-07-26,138.8387,89.5,91.3472,30.3825,160.2308,69.9733
2022-07-27,139.2023,89.97,91.5212,30.6616,161.32401,70.5651
2022-07-28,140.0442,90.48,92.0497,31.1342,161.8831,71.0634
2022-07-29,141.5023,91.67,93.1519,31.5518,163.5865,71.7075
2022-07-30,142.18796666666665,92.10666666666668,93.52573333333332,31.663533333333334,165.15657,71.97853333333333
2022-07-31,142.87363333333334,92.54333333333334,93.89956666666666,31.775266666666667,166.72664,72.24956666666667
2022-08-01,143.5593,92.98,94.2734,31.887,168.29671,72.5206
2022-08-02,144.0992,92.97,94.4625,31.8956,169.32761,72.5867
2022-08-03,143.2748,92.71,94.2398,31.9468,168.2896,72.3989
2022-08-04,143.7628,92.18,94.1877,31.9631,168.3056,72.1053
2022-08-05,144.1362,92.54,94.2702,31.9749,167.2494,72.3576
2022-08-06,144.38863333333333,92.83,94.36906666666668,32.05826666666667,167.61026666666666,72.4307
2022-08-07,144.64106666666666,93.12,94.46793333333332,32.14163333333333,167.97113333333334,72.5038
2022-08-08,144.8935,93.41,94.5668,32.225,168.332,72.5769
2022-08-09,144.83135,93.575,94.58325,32.20615,168.311445,72.7096
2022-08-10,144.7692,93.74,94.5997,32.1873,168.29089,72.8423
2022-08-11,145.7571,94.08,95.0861,32.4421,168.5347,73.453
2022-08-12,146.307,94.88,95.1915,32.5095,168.52229,74.1814
2022-08-13,146.60367499999998,94.96,95.306125,32.558550000000004,169.5620675,74.34145
2022-08-14,146.90035,95.04,95.42075,32.607600000000005,170.601845,74.5015
2022-08-15,147.197025,95.12,95.535375,32.65665,171.64162249999998,74.66155
2022-08-16,147.4937,95.2,95.65,32.7057,172.6814,74.8216
2022-08-17,147.2279,95.8,96.0551,32.9167,172.4341,75.1132
2022-08-18,147.5606,96.1,96.3548,32.9495,172.3255,75.3328
2022-08-19,146.6955,95.39,95.6356,32.5877,170.7455,74.7505
2022-08-20,146.2843,94.97,95.35676666666666,32.43026666666667,169.69039999999998,74.35256666666668
2022-08-21,145.87310000000002,94.55,95.07793333333332,32.27283333333333,168.6353,73.95463333333333
2022-08-22,145.4619,94.13,94.7991,32.1154,167.5802,73.5567
2022-08-23,146.5818,95.17,95.6354,32.2653,170.1472,74.4004
2022-08-24,147.3615,95.95,96.3015,32.3076,170.189,74.8774
2022-08-25,147.9141,96.01,96.3567,32.1902,169.6916,74.9579
2022-08-26,148.4717,96.81,97.0813,32.2558,170.3441,75.3161
2022-08-27,148.11383333333333,96.53,96.98296666666668,32.105266666666665,169.96846333333332,75.12606666666667
2022-08-28,147.7559666666667,96.25,96.88463333333333,31.954733333333333,169.59282666666667,74.93603333333333
2022-08-29,147.3981,95.97,96.7863,31.8042,169.21719,74.746
2022-08-30,149.7971,97.65,98.0566,32.5995,172.9015,76.1316
2022-08-31,150.23895,97.44,98.37875,32.4499,173.34635,76.08545000000001
2022-09-01,150.6808,97.23,98.7009,32.3003,173.7912,76.0393
2022-09-02,150.8553,97.48,98.7071,32.2991,173.4028,76.1021
2022-09-03,151.37266666666667,97.72333333333331,99.00583333333331,32.37256666666667,173.48416666666668,76.26169999999999
2022-09-04,151.89003333333332,97.96666666666668,99.30456666666667,32.44603333333333,173.56553333333332,76.4213
2022-09-05,152.4074,98.21,99.6033,32.5195,173.6469,76.5809
2022-09-06,152.4616,98.53,99.758,32.5188,173.56419,76.8733
2022-09-07,153.0662,98.67,100.4986,32.4874,172.5835,77.1473
2022-09-08,154.0246,99.5,101.1741,32.7905,173.79111,77.8504
2022-09-09,155.1092,99.44,101.5311,32.8667,174.8631,78.1176
2022-09-10,155.2878,99.64333333333332,101.942,32.93206666666667,175.21306333333334,78.27096666666667
2022-09-11,155.4664,99.84666666666666,102.3529,32.99743333333333,175.56302666666667,78.42433333333332
2022-09-12,155.645,100.05,102.7638,33.0628,175.91299,78.5777
2022-09-13,155.6194,100.65,103.0445,33.3228,176.28461,78.7721
2022-09-14,155.3295,101.15,103.058,33.2302,176.3723,79.0478
2022-09-15,155.8911,101.21,103.107,32.9849,177.8324,79.3429
2022-09-16,152.6377,99.58,100.7638,32.3674,173.4196,77.6945
2022-09-17,152.3348,99.59666666666666,100.6707,32.427800000000005,173.77523333333335,77.71153333333334
2022-09-18,152.0319,99.61333333333332,100.5776,32.4882,174.13086666666666,77.72856666666667
2022-09-19,151.729,99.63,100.4845,32.5486,174.4865,77.7456
2022-09-20,154.0528,101.02,101.723,32.916,176.83701,78.7211
2022-09-21,153.4297,99.89,101.2369,32.73,175.5218,77.9789
2022-09-22,153.9123,99.58,101.5262,32.5734,176.99001,77.8751
2022-09-23,150.9275,97.64,99.8747,32.0381,173.37199,75.9632
2022-09-24,149.44126666666668,96.81,98.92153333333331,31.84433333333333,171.19682666666668,75.30563333333333
2022-09-25,147.95503333333332,95.98,97.96836666666668,31.650566666666663,169.02166333333332,74.64806666666667
2022-09-26,146.4688,95.15,97.0152,31.4568,166.8465,73.9905
2022-09-27,146.3189,95.47,97.422,31.4533,166.037,74.0551
2022-09-28,145.9016,94.59,97.1906,31.168,165.5658,73.475
2022-09-29,146.0678,94.93,97.5094,31.1571,165.3786,73.7275
2022-09-30,148.5913,96.54,99.2356,31.7058,167.5598,74.8396
2022-10-01,148.1873,96.43333333333334,99.00846666666666,31.59026666666667,166.30546666666666,74.50253333333333
2022-10-02,147.7833,96.32666666666668,98.78133333333334,31.474733333333333,165.05113333333333,74.16546666666667
2022-10-03,147.3793,96.22,98.5542,31.3592,163.7968,73.8284
2022-10-04,149.8435,97.95,99.8459,32.0288,167.5118,75.0694
2022-10-05,150.5413,98.125,100.4986,32.06225,167.91525,75.4148
2022-10-06,151.2391,98.3,101.1513,32.0957,168.3187,75.7602
2022-10-07,150.5444,98.78,101.6316,32.0541,167.9814,76.1826
2022-10-08,150.0738,98.62666666666668,101.45433333333334,32.013,167.66566333333333,76.06396666666666
2022-10-09,149.6032,98.47333333333331,101.27706666666668,31.9719,167.34992666666668,75.94533333333334
2022-10-10,149.1326,98.32,101.0998,31.9308,167.03419,75.8267
2022-10-11,147.2897,97.39,99.811,31.4847,164.4297,74.9024
2022-10-12,148.0233,97.94,100.1956,31.7384,165.87579,75.6893
2022-10-13,147.2788,97.34,99.7704,31.5245,165.1055,75.1533
2022-10-14,147.0922,97.69,99.5692,31.8602,164.31281,75.2262
2022-10-15,147.2224,97.81,99.5558,31.935466666666667,164.68607333333335,75.4161
2022-10-16,147.3526,97.93,99.5424,32.010733333333334,165.05933666666667,75.60600000000001
2022-10-17,147.4828,98.05,99.529,32.086,165.4326,75.7959
2022-10-18,148.3441,98.95,100.5169,32.3867,167.5278,76.6185
2022-10-19,148.9706,98.84,100.5343,32.4629,167.41701,76.6539
2022-10-20,147.9032,99.0,100.5518,32.5043,167.2291,76.5853
2022-10-21,147.3995,99.27,99.8107,32.5841,166.5715,76.6318
2022-10-22,147.6261,99.6625,100.103925,32.6171,167.135175,77.00704999999999
2022-10-23,147.8527,100.055,100.39715,32.650099999999995,167.69885,77.3823
2022-10-24,148.0793,100.4475,100.690375,32.6831,168.26252499999998,77.75755000000001
2022-10-25,148.3059,100.84,100.9836,32.7161,168.8262,78.1328
2022-10-26,148.32655,101.32,101.0912,32.80045,169.200795,78.44470000000001
2022-10-27,148.3472,101.8,101.1988,32.8848,169.57539,78.7566
2022-10-28,146.9236,102.02,100.4019,32.9102,171.6012,78.7888
2022-10-29,147.39786666666666,102.27,100.63386666666666,33.0542,172.34426666666667,79.06753333333333
2022-10-30,147.87213333333332,102.52,100.86583333333334,33.1982,173.08733333333333,79.34626666666666
2022-10-31,148.3464,102.77,101.0978,33.3422,173.8304,79.625
2022-11-01,149.7193,103.49,101.3595,33.5303,174.1747,79.869
2022-11-02,150.216,103.06,101.4592,33.4065,172.8118,79.4412
2022-11-03,150.434,103.08,101.6829,33.3614,172.4216,79.4755
2022-11-04,150.903,103.41,101.5894,33.3844,172.9957,79.7101
2022-11-05,151.0652,103.73666666666666,101.7695,33.43286666666667,173.5559,79.9523
2022-11-06,151.2274,104.06333333333332,101.9496,33.48133333333333,174.1161,80.1945
2022-11-07,151.3896,104.39,102.1297,33.5298,174.6763,80.4367
2022-11-08,150.61105,104.025,101.8382,33.49805,174.657545,80.11605
2022-11-09,149.8325,103.66,101.5467,33.4663,174.63879,79.7954
2022-11-10,148.928,103.22,100.4298,33.1967,172.3768,79.2451
2022-11-11,148.5574,104.31,101.008,33.82,171.6221,79.4576
2022-11-12,148.37183333333334,104.35333333333334,101.0304,33.81856666666667,171.6891666666667,79.48183333333333
2022-11-13,148.18626666666665,104.39666666666666,101.0528,33.81713333333333,171.7562333333333,79.50606666666667
2022-11-14,148.0007,104.44,101.0752,33.8157,171.8233,79.5303
2022-11-15,148.1872,104.7,101.2859,33.9288,172.65089,80.1655
2022-11-16,147.4105,104.82,101.4766,33.9607,171.4324,80.2293
2022-11-17,146.7888,104.48,101.5981,33.8149,169.5222,80.5689
2022-11-18,146.8399,104.24,101.4568,33.7489,167.7095,80.2524
2022-11-19,146.84733333333332,104.18666666666668,101.4145,33.66323333333333,167.42890333333332,80.17636666666667
2022-11-20,146.85476666666668,104.13333333333333,101.3722,33.57756666666667,167.14830666666666,80.10033333333332
2022-11-21,146.8622,104.08,101.3299,33.4919,166.86771,80.0243
2022-11-22,146.8475,104.51,101.2705,33.626,167.51981,80.112
2022-11-23,147.0265,104.84,101.8403,33.6937,167.9893,80.3094
2022-11-24,147.4146,106.08,102.5257,34.0656,168.61369,80.842
2022-11-25,147.7959,106.41,103.1764,34.145,170.0535,81.2201
2022-11-26,148.03983333333332,106.51666666666668,103.39546666666666,34.154833333333336,170.31340333333335,81.41866666666667
2022-11-27,148.28376666666668,106.62333333333332,103.61453333333334,34.16466666666667,170.57330666666667,81.61723333333333
2022-11-28,148.5277,106.73,103.8336,34.1745,170.83321,81.8158
2022-11-29,147.8482,106.6,103.3796,34.2772,170.29041,81.5316
2022-11-30,148.221,107.31,103.9303,34.5109,172.7675,82.0527
2022-12-01,149.4412,107.88,104.5157,34.6428,172.3846,82.4192
2022-12-02,150.1957,108.02,105.2059,34.4656,170.81799,82.3808
2022-12-03,150.087,108.21666666666668,105.23903333333334,34.469233333333335,170.72859333333335,82.57653333333333
2022-12-04,149.9783,108.41333333333333,105.27216666666666,34.47286666666667,170.63919666666666,82.77226666666667
2022-12-05,149.8696,108.61,105.3053,34.4765,170.5498,82.968
2022-12-06,149.3942,108.21,105.0676,34.384,170.0387,82.7411
2022-12-07,148.8279,107.92,104.7023,34.2554,168.8634,82.6031
2022-12-08,149.4756,108.85,105.0844,34.369,169.72971,83.062
2022-12-09,148.8853,108.56,104.2971,34.1733,168.8508,82.6705
2022-12-10,148.9487,108.75666666666667,104.4358,34.169533333333334,168.89593666666667,82.68936666666667
2022-12-11,149.0121,108.95333333333332,104.5745,34.16576666666666,168.94107333333332,82.70823333333333
2022-12-12,149.0755,109.15,104.7132,34.162,168.98621,82.7271
2022-12-13,149.4151,109.96,105.1136,34.365,169.80231,82.9153
2022-12-14,150.1605,110.66,105.5187,34.4825,170.67979,83.1533
2022-12-15,148.7336,109.83,104.813,34.0566,169.88029,82.4997
2022-12-16,147.4033,108.98,103.9563,33.8069,167.6675,81.461
2022-12-17,147.64066666666668,109.22333333333331,104.04903333333333,33.8915,168.504,81.65146666666666
2022-12-18,147.87803333333332,109.46666666666668,104.14176666666668,33.976099999999995,169.3405,81.84193333333333
2022-12-19,148.1154,109.71,104.2345,34.0607,170.177,82.0324
2022-12-20,148.1381,109.49,104.1153,33.9624,169.2235,81.969
2022-12-21,145.6391,107.56,102.1389,33.636,166.6993,80.5783
2022-12-22,144.2049,106.35,100.7884,33.4827,164.8828,79.8734
2022-12-23,140.7905,103.84,97.3391,32.9148,160.33479,77.7038
2022-12-24,141.65796666666668,104.50666666666667,98.12113333333332,33.05583333333333,161.22856,78.25286666666666
2022-12-25,142.52543333333332,105.17333333333332,98.90316666666666,33.196866666666665,162.12233,78.80193333333334
2022-12-26,143.3929,105.84,99.6852,33.3379,163.0161,79.351
2022-12-27,144.3345,106.69,101.0209,33.5271,164.62691,80.1299
2022-12-28,144.7627,106.58,101.3164,33.502,165.36909,79.9183
2022-12-29,144.8039,107.1,101.4831,33.6389,166.0451,80.0427
2022-12-30,145.3283,107.31,102.1231,33.5038,165.7377,80.1248
2022-12-31,145.2584,107.76,102.3338,33.55436666666667,166.04219999999998,80.30726666666666
2023-01-01,145.1885,108.21,102.5445,33.604933333333335,166.3467,80.48973333333333
2023-01-02,145.1186,108.66,102.7552,33.6555,166.6512,80.6722
2023-01-03,145.0419,108.9,102.9117,33.7308,165.96069,80.8244
2023-01-04,144.3793,107.8,102.0671,33.3833,164.6725,80.1413
2023-01-05,144.4616,108.16,102.1734,33.3052,166.6711,80.2509
2023-01-06,143.3383,107.49,101.6315,33.0963,165.8132,79.8726
2023-01-07,143.69503333333333,107.73,101.85623333333334,33.24143333333333,166.38456666666667,80.17206666666667
2023-01-08,144.05176666666668,107.97,102.08096666666668,33.38656666666667,166.95593333333332,80.47153333333334
2023-01-09,144.4085,108.21,102.3057,33.5317,167.5273,80.771
2023-01-10,144.3371,107.13,101.8009,33.2013,167.2267,80.0796
2023-01-11,143.7003,107.4,101.8938,33.1585,166.7049,79.8274
2023-01-12,144.4074,107.31,102.0545,33.1054,166.537,79.921
2023-01-13,144.3628,107.58,102.2952,33.2503,167.43851,80.2649
2023-01-14,144.27406666666667,107.49,102.1399,33.205466666666666,167.13710666666668,80.15926666666667
2023-01-15,144.18533333333332,107.4,101.9846,33.16063333333334,166.83570333333333,80.05363333333332
2023-01-16,144.0966,107.31,101.8293,33.1158,166.5343,79.948
2023-01-17,144.043,107.92,102.0258,33.3896,167.22861,80.4472
2023-01-18,144.1347,108.59,102.2587,33.5984,167.35381,80.9722
2023-01-19,143.5957,108.73,102.1771,33.5136,166.8436,81.0492
2023-01-20,142.627,108.66,101.7335,33.3643,165.70351,80.8849
2023-01-21,142.74323333333334,108.71666666666668,101.62586666666668,33.42593333333333,166.04877333333332,80.89603333333334
2023-01-22,142.85946666666666,108.77333333333333,101.51823333333334,33.487566666666666,166.39403666666666,80.90716666666667
2023-01-23,142.9757,108.83,101.4106,33.5492,166.7393,80.9183
2023-01-24,142.4874,108.07,101.1681,33.5506,167.86011,80.2528
2023-01-25,141.4431,107.18,100.212,33.1189,167.0316,79.3454
2023-01-26,141.21755,106.38,99.29585,32.92444999999999,166.5809,78.804
2023-01-27,140.992,105.58,98.3797,32.73,166.1302,78.2626
2023-01-28,140.96333333333334,105.48,98.36706666666667,32.73806666666666,166.10903333333334,78.16976666666667
2023-01-29,140.93466666666666,105.38,98.35443333333332,32.74613333333333,166.08786666666666,78.07693333333333
2023-01-30,140.906,105.28,98.3418,32.7542,166.0667,77.9841
2023-01-31,142.748,106.45,100.6416,32.8366,169.24741,79.1702
2023-02-01,142.7093,105.81,99.6408,32.7856,166.2442,78.7638
2023-02-02,142.8133,105.47,100.0028,32.8601,165.58521,78.9675
2023-02-03,142.6342,106.25,100.034,33.3091,167.7531,79.2622
2023-02-04,142.90483333333333,106.17333333333332,100.16366666666669,33.2705,167.90789999999998,79.2612
2023-02-05,143.1754666666667,106.09666666666666,100.29333333333334,33.2319,168.0627,79.26020000000001
2023-02-06,143.4461,106.02,100.423,33.1933,168.2175,79.2592
2023-02-07,143.8616,105.89,100.6953,33.1103,167.1881,78.986
2023-02-08,145.1051,106.0,101.1285,33.3277,168.1667,78.9487
2023-02-09,144.701,106.21,101.0803,33.3903,167.41029,79.3091
2023-02-10,145.6268,106.6,101.6462,33.358,167.7683,79.6289
2023-02-11,145.15316666666666,106.6,101.3628,33.301066666666664,167.56906333333333,79.55633333333333
2023-02-12,144.67953333333335,106.6,101.0794,33.24413333333333,167.36982666666668,79.48376666666667
2023-02-13,144.2059,106.6,100.796,33.1872,167.17059,79.4112
2023-02-14,143.5322,106.57,100.5058,33.4351,166.67731,79.4297
2023-02-15,144.246,106.78,101.0151,33.5538,168.2003,79.5196
2023-02-16,145.0725,107.47,101.799,33.587,168.0032,79.8817
2023-02-17,145.181,107.53,101.5899,33.3944,167.3576,79.8804
2023-02-18,145.39396666666667,107.37,101.5605,33.34693333333333,167.392,79.83276666666666
2023-02-19,145.60693333333333,107.21,101.5311,33.29946666666667,167.4264,79.78513333333333
2023-02-20,145.8199,107.05,101.5017,33.252,167.4608,79.7375
2023-02-21,145.6562,107.1,101.3181,33.2204,166.7485,79.9443
2023-02-22,144.509,105.98,99.9949,32.7606,164.77209,78.833
2023-02-23,144.4468,105.98,100.2135,32.6874,164.8457,78.6977
2023-02-24,144.8072,105.96,100.3655,32.5763,163.7641,78.625
2023-02-25,144.8675,105.91,100.0052,32.530433333333335,162.92530000000002,78.57446666666667
2023-02-26,144.9278,105.86,99.6449,32.484566666666666,162.0865,78.52393333333333
2023-02-27,144.9881,105.81,99.2846,32.4387,161.2477,78.4734
2023-02-28,145.5998,105.45,99.6774,32.2813,162.16611,78.3442
2023-03-01,147.3102,106.85,100.8963,32.5331,163.67059,78.9205
2023-03-02,147.0502,106.61,100.7326,32.3096,162.6909,78.5267
2023-03-03,146.6567,107.7,101.498,32.7661,164.3304,79.6821
2023-03-04,146.935,108.01333333333334,101.77383333333334,32.83586666666667,164.7617,79.85933333333334
2023-03-05,147.2133,108.32666666666668,102.04966666666668,32.905633333333334,165.193,80.03656666666667
2023-03-06,147.4916,108.64,102.3255,32.9754,165.6243,80.2138
2023-03-07,147.5798,109.07,102.6313,32.98675,166.39245,80.69325
2023-03-08,147.668,109.5,102.9371,32.9981,167.1606,81.1727
2023-03-09,146.693,109.6,102.6873,32.7554,164.545,80.7832
2023-03-10,145.7493,109.14,102.0927,32.4306,164.1387,80.1045
2023-03-11,145.0230666666667,108.69333333333331,101.44493333333332,32.25833333333333,162.98677,79.63136666666666
2023-03-12,144.29683333333335,108.24666666666668,100.79716666666668,32.08606666666667,161.83484,79.15823333333334
2023-03-13,143.5706,107.8,100.1494,31.9138,160.68291,78.6851
2023-03-14,143.1701,107.46,99.4576,31.7477,159.21671,78.4961
2023-03-15,142.8363,107.62,99.7086,31.586,159.0302,78.5228
2023-03-16,142.2098,107.35,99.0831,31.5662,159.36861,78.4731
2023-03-17,142.127,108.04,99.5777,31.7977,158.9277,78.9548
2023-03-18,141.80546666666666,107.75,99.2819,31.727866666666667,158.41856666666666,78.7001
2023-03-19,141.48393333333334,107.46,98.9861,31.65803333333333,157.9094333333333,78.4454
2023-03-20,141.1624,107.17,98.6903,31.5882,157.4003,78.1907
2023-03-21,141.6009,107.83,99.2468,31.8219,157.84081,78.9281
2023-03-22,141.9193,107.7,100.0065,31.8824,158.4257,79.0392
2023-03-23,141.5713,107.87,99.8301,31.7525,158.3101,78.8661
2023-03-24,140.21,106.74,98.8382,31.516,156.8147,78.0165
2023-03-25,139.89416666666668,106.58333333333331,98.47313333333334,31.534233333333333,156.46383333333333,77.90823333333333
2023-03-26,139.57833333333332,106.42666666666666,98.10806666666666,31.552466666666664,156.1129666666667,77.79996666666666
2023-03-27,139.2625,106.27,97.743,31.5707,155.7621,77.6917
2023-03-28,139.343,105.76,97.2487,31.5035,153.92419,77.3184
2023-03-29,141.3884,107.15,98.6961,31.7761,156.79601,78.0419
2023-03-30,142.0692,107.54,99.3774,32.01575,157.689905,78.60665
2023-03-31,142.75,107.93,100.0587,32.2554,158.5838,79.1714
2023-04-01,143.03333333333333,108.11,100.2149,32.2686,159.28256666666667,79.26966666666667
2023-04-02,143.31666666666666,108.29,100.3711,32.281800000000004,159.98133333333334,79.36793333333334
2023-04-03,143.6,108.47,100.5273,32.295,160.6801,79.4662
2023-04-04,143.79885000000002,108.66,100.99775,32.44445,160.378305,79.6174
2023-04-05,143.9977,108.85,101.4682,32.5939,160.07651,79.7686
2023-04-06,145.3227,109.12,101.9242,32.6951,161.61189,79.9464
2023-04-07,145.452075,109.225,101.93315,32.698425,162.0491925,80.028425
2023-04-08,145.58145000000002,109.33,101.9421,32.70175,162.486495,80.11045
2023-04-09,145.710825,109.435,101.95105,32.705074999999994,162.92379749999998,80.192475
2023-04-10,145.8402,109.54,101.96,32.7084,163.3611,80.2745
2023-04-11,146.5916,110.1,102.4843,32.8459,164.6301,80.6969
2023-04-12,147.3782,109.91,102.8043,32.9957,165.9482,80.6809
2023-04-13,147.3669,109.85,103.1198,33.0609,166.7253,80.7898
2023-04-14,147.480225,109.755,103.157725,33.002125,166.870025,80.7979
2023-04-15,147.59355,109.66,103.19565,32.943349999999995,167.01475,80.806
2023-04-16,147.706875,109.565,103.233575,32.884575,167.159475,80.8141
2023-04-17,147.8202,109.47,103.2715,32.8258,167.3042,80.8222
2023-04-18,147.6992,109.35,103.4451,32.7915,167.3606,80.7162
2023-04-19,147.5263,109.21,103.5013,32.7198,167.36011,80.4778
2023-04-20,147.6905,109.79,103.5718,32.7386,167.8474,80.848
2023-04-21,146.9353,109.59,103.4491,32.7396,166.4745,80.4213
2023-04-22,146.94636666666668,109.83666666666667,103.5631,32.7961,166.48767,80.6424
2023-04-23,146.95743333333334,110.08333333333331,103.6771,32.8526,166.50084,80.8635
2023-04-24,146.9685,110.33,103.7911,32.9091,166.51401,81.0846
2023-04-25,147.0062,110.62,103.936,32.9253,166.9817,81.2434
2023-04-26,148.016,110.95,104.1453,33.0119,167.8244,81.578
2023-04-27,149.1648,111.3,104.6137,33.2187,169.0923,81.7492
2023-04-28,150.4658,112.27,105.4929,33.4973,170.6041,82.3605
2023-04-29,150.527425,112.465,105.66155,33.536575,170.87372499999998,82.4571
2023-04-30,150.58905,112.66,105.8302,33.57585,171.14335,82.55369999999999
2023-05-01,150.650675,112.855,105.99885,33.615125000000006,171.41297500000002,82.6503
2023-05-02,150.7123,113.05,106.1675,33.6544,171.6826,82.7469
2023-05-03,151.0592,112.95,106.6082,33.5585,171.8333,82.5125
2023-05-04,152.885,113.83,107.287,33.8807,172.2733,83.2126
2023-05-05,152.5428,113.01,106.9571,33.4555,172.5481,83.2228
2023-05-06,152.94003333333333,113.27,107.23153333333332,33.5801,173.47193333333334,83.57826666666666
2023-05-07,153.33726666666666,113.53,107.50596666666668,33.7047,174.39576666666667,83.93373333333334
2023-05-08,153.7345,113.79,107.7804,33.8293,175.3196,84.2892
2023-05-09,154.0641,113.39,107.4416,33.8208,175.72141,84.232
2023-05-10,154.4353,114.0,108.0039,33.9279,176.8046,84.3888
2023-05-11,155.3327,113.97,108.6425,33.9112,177.4817,84.4628
2023-05-12,155.3203,113.55,108.6203,33.9584,179.0432,84.1272
2023-05-13,155.3963666666667,113.68333333333334,108.77516666666666,34.026266666666665,179.40206666666668,84.34566666666667
2023-05-14,155.47243333333333,113.81666666666666,108.93003333333334,34.09413333333333,179.76093333333333,84.56413333333333
2023-05-15,155.5485,113.95,109.0849,34.162,180.1198,84.7826
2023-05-16,155.6724,114.06,109.1744,34.0356,178.6545,84.7268
2023-05-17,156.252,113.73,109.6044,33.8732,178.938,84.5464
2023-05-18,155.0129,113.57,109.471,33.7727,177.29449,84.0081
2023-05-19,155.2843,113.57,109.4846,33.9066,178.50729,84.1662
2023-05-20,155.51053333333334,113.59,109.6915,33.9484,178.8068933333333,84.299
2023-05-21,155.73676666666665,113.61,109.8984,33.990199999999994,179.1064966666667,84.4318
2023-05-22,155.963,113.63,110.1053,34.032,179.4061,84.5646
2023-05-23,155.9601,113.64,110.052,34.0499,180.3461,84.3919
2023-05-24,155.6364,113.71,110.1973,33.9909,180.41721,84.0712
2023-05-25,155.8661,114.3,110.4188,34.0574,180.8853,84.2583
2023-05-26,156.5159,114.36,110.9613,34.356,181.8997,84.8346
2023-05-27,156.7719,114.52,111.0989,34.429433333333336,182.3046633333333,84.83753333333333
2023-05-28,157.0279,114.68,111.2365,34.50286666666667,182.70962666666665,84.84046666666667
2023-05-29,157.2839,114.84,111.3741,34.5763,183.11459,84.8434
2023-05-30,158.1855,115.27,111.7084,34.6709,182.9086,85.0372
2023-05-31,159.0861,115.71,112.6206,34.5456,183.31821,85.1438
2023-06-01,159.5158,115.78,113.2503,34.4682,184.06281,85.321
2023-06-02,160.2318,116.57,113.9127,34.6233,185.53999,85.8791
2023-06-03,160.43846666666667,116.65,114.18206666666669,34.660866666666664,186.16412666666665,86.17099999999999
2023-06-04,160.64513333333332,116.73,114.45143333333333,34.698433333333334,186.78826333333333,86.4629
2023-06-05,160.8518,116.81,114.7208,34.736,187.4124,86.7548
2023-06-06,161.3288,117.1,115.3634,34.7467,189.16721,87.1294
2023-06-07,164.5151,118.12,116.5335,34.9779,190.4015,87.9965
2023-06-08,163.3867,118.08,115.9026,34.799,189.18021,87.9915
2023-06-09,163.6233,117.82,115.9835,34.6878,188.3278,88.3447
2023-06-10,163.99926666666667,118.06333333333332,116.1147,34.714933333333335,188.5047333333333,88.312
2023-06-11,164.37523333333334,118.30666666666666,116.2459,34.742066666666666,188.68166666666667,88.2793
2023-06-12,164.7512,118.55,116.3771,34.7692,188.8586,88.2466
2023-06-13,165.4839,118.88,116.7067,34.9723,188.6228,88.6819
2023-06-14,165.7519,119.17,116.9403,34.9961,188.8382,89.4172
2023-06-15,165.9052,119.07,117.1728,34.8818,188.89169,89.3373
2023-06-16,167.5703,119.66,118.1254,35.193,189.99651,89.8167
2023-06-17,167.54093333333333,119.54666666666668,118.23873333333331,35.1711,189.75487666666663,89.66393333333333
2023-06-18,167.51156666666668,119.43333333333332,118.35206666666669,35.1492,189.5132433333333,89.51116666666667
2023-06-19,167.4822,119.32,118.4654,35.1273,189.27161,89.3584
2023-06-20,168.151,119.57,118.9501,35.2033,190.65221,89.4612
2023-06-21,168.4525,119.99,119.7809,35.2819,190.80051,89.7405
2023-06-22,167.4531,119.49,119.2473,35.1333,189.6485,89.8156
2023-06-23,166.3706,118.82,118.1166,34.9382,187.9386,88.9864
2023-06-24,166.5835,118.85333333333332,118.3035,34.95066666666667,188.4511666666667,89.06646666666667
2023-06-25,166.7964,118.88666666666668,118.4904,34.96313333333333,188.96373333333327,89.14653333333334
2023-06-26,167.0093,118.92,118.6773,34.9756,189.4763,89.2266
2023-06-27,166.9525,119.92,119.3746,35.2106,189.85139,89.6577
2023-06-28,167.5856,120.33,119.5648,35.4755,191.9695,90.3201
2023-06-29,168.06535,120.77,119.8664,35.67515,193.379955,90.56925
2023-06-30,168.5451,121.21,120.168,35.8748,194.79041,90.8184
2023-07-01,168.53903333333332,121.44666666666666,120.3647,35.960433333333334,194.7157733333333,90.89583333333331
2023-07-02,168.53296666666668,121.68333333333334,120.5614,36.04606666666667,194.64113666666665,90.97326666666667
2023-07-03,168.5269,121.92,120.7581,36.1317,194.5665,91.0507
2023-07-04,167.8669,121.69,120.6521,36.2682,193.5909,90.9646
2023-07-05,168.5224,122.21,121.3495,36.2179,195.9939,91.5443
2023-07-06,169.2695,123.59,122.107,36.3964,197.5704,92.6795
2023-07-07,168.7802,122.71,121.7425,36.1282,197.5607,92.2
2023-07-08,168.4121,122.63333333333333,121.6807,36.12833333333333,197.42499666666663,92.245
2023-07-09,168.044,122.55666666666669,121.6189,36.12846666666667,197.2892933333333,92.29
2023-07-10,167.6759,122.48,121.5571,36.1286,197.15359,92.335
2023-07-11,168.6214,123.32,122.5134,36.2799,199.5652,93.2008
2023-07-12,169.5368,123.5,123.2185,36.1924,199.3582,93.5626
2023-07-13,168.9758,123.02,122.7141,36.2479,198.0844,93.0665
2023-07-14,169.8824,123.75,123.6655,36.5073,199.3192,93.3964
2023-07-15,170.29416666666663,123.81666666666666,123.9953,36.58226666666667,199.23823,93.46316666666668
2023-07-16,170.70593333333335,123.88333333333334,124.3251,36.65723333333333,199.15726,93.52993333333332
2023-07-17,171.1177,123.95,124.6549,36.7322,199.07629,93.5967
2023-07-18,170.6755,123.8,124.0586,36.7789,198.8638,93.699
2023-07-19,171.2309,124.68,125.0259,36.9817,198.84151,94.4561
2023-07-20,171.1141,125.01,125.2529,37.1982,199.5451,94.8209
2023-07-21,171.0443,125.42,125.0709,36.799,199.16789,95.113
2023-07-22,170.9202,125.57666666666668,125.1524,36.76626666666667,199.31302666666667,95.38773333333332
2023-07-23,170.7961,125.73333333333332,125.2339,36.73353333333333,199.4581633333333,95.66246666666667
2023-07-24,170.672,125.89,125.3154,36.7008,199.6033,95.9372
2023-07-25,171.4468,126.75,125.5639,36.7053,200.96001,96.4294
2023-07-26,171.381,127.58,125.9138,36.8863,200.8627,96.7112
2023-07-27,170.9618,127.46,125.8473,36.6908,198.84081,96.6903
2023-07-28,171.7552,128.55,126.3004,36.6249,199.17149,97.5784
2023-07-29,172.23996666666667,129.20333,126.7519,36.6859,199.95952666666668,98.01566666666666
2023-07-30,172.72473333333332,129.85666,127.2034,36.7469,200.7475633333333,98.45293333333332
2023-07-31,173.2095,130.50999,127.6549,36.8079,201.5356,98.8902
2023-08-01,173.525,130.34,127.9481,36.8264,201.25211,98.0888
2023-08-02,171.658,128.92,126.5429,36.4469,198.3004,96.6257
2023-08-03,170.8843,128.28,126.6237,36.2102,197.80901,96.5028
2023-08-04,171.3477,128.39999,127.2392,36.4791,197.5414,96.842
2023-08-05,171.3521,128.67332666666667,127.35696666666666,36.51486666666667,197.83803333333333,96.8284
2023-08-06,171.35649999999998,128.94666333333333,127.47473333333332,36.55063333333333,198.13466666666667,96.8148
2023-08-07,171.3609,129.22,127.5925,36.5864,198.4313,96.8012
2023-08-08,171.0323,129.03,128.8424,36.5497,198.2773,96.9965
2023-08-09,171.0365,129.61,129.1393,36.6629,199.8862,97.4415
2023-08-10,171.3302,129.31,128.8397,36.4961,199.3385,97.2085
2023-08-11,170.5117,128.64999,128.703,36.3325,198.17619,97.1055
2023-08-12,170.04059999999998,128.38999333333334,128.46386666666666,36.32116666666667,197.9661933333333,97.10453333333334
2023-08-13,169.5695,128.12999666666667,128.22473333333335,36.30983333333333,197.75619666666665,97.10356666666668
2023-08-14,169.0984,127.87,127.9856,36.2985,197.5462,97.1026
2023-08-15,169.1225,127.905,127.80535,36.3186,197.77825,97.22845
2023-08-16,169.1466,127.94,127.6251,36.3387,198.0103,97.3543
2023-08-17,169.0463,127.82,128.2248,36.1836,198.0536,97.5138
2023-08-18,169.2615,127.67,127.9759,36.0801,198.0498,97.4134
2023-08-19,169.80923333333334,127.99666333333332,128.26163333333332,36.13733333333334,198.2347333333333,97.4989
2023-08-20,170.35696666666666,128.32332666666667,128.54736666666668,36.19456666666667,198.41966666666667,97.5844
2023-08-21,170.9047,128.64999,128.8331,36.2518,198.6046,97.6699
2023-08-22,172.2912,129.24001,130.0389,36.3158,199.31171,98.009
2023-08-23,172.9096,129.62,130.7615,36.436,199.4738,98.8077
2023-08-24,173.6039,129.50999,130.4795,36.3975,199.1553,98.7496
2023-08-25,172.2876,128.58,130.3601,36.1756,197.63181,98.1473
2023-08-26,172.6063,128.85666666666668,130.6094,36.208866666666665,198.07800666666668,98.38433333333332
2023-08-27,172.92499999999998,129.13333333333333,130.8587,36.242133333333335,198.52420333333333,98.62136666666667
2023-08-28,173.2437,129.41,131.108,36.2754,198.9704,98.8584
2023-08-29,174.4209,130.14,131.7301,36.3136,200.11681,99.2325
2023-08-30,176.0847,130.16,132.5529,36.3471,201.6595,99.6147
2023-08-31,176.6934,130.39,133.7825,36.2077,201.0112,100.0766
2023-09-01,177.4325,132.42,134.8962,36.5016,203.72839,101.4
2023-09-02,177.78896666666668,132.92999999999998,135.33343333333332,36.5497,203.84926,101.67153333333334
2023-09-03,178.14543333333333,133.44,135.77066666666667,36.5978,203.97013,101.94306666666668
2023-09-04,178.5019,133.95,136.2079,36.6459,204.091,102.2146
2023-09-05,179.6896,134.42999,137.2798,36.7544,203.8098,102.3034
2023-09-06,179.8756,134.08,137.1979,36.832,203.7919,101.7282
2023-09-07,181.3434,134.64,137.6034,37.0088,204.3914,102.4743
2023-09-08,182.6069,135.64,138.5435,37.2058,205.53419,104.0504
2023-09-09,183.35863333333333,136.01333,138.9443,37.30246666666667,206.38043,104.30696666666668
2023-09-10,184.11036666666664,136.38665999999998,139.3451,37.39913333333334,207.22667,104.56353333333333
2023-09-11,184.8621,136.75999,139.7459,37.4958,208.07291,104.8201
2023-09-12,180.6712,133.47,134.851,37.4072,204.57091,102.3849
2023-09-13,179.7908,134.42999,136.023,37.5698,203.90981,102.6686
2023-09-14,181.0978,135.35001,137.0399,37.6816,205.5248,103.3317
2023-09-15,181.3582,135.28,136.9953,37.874,208.00571,103.188
2023-09-16,181.2699,135.31666666666666,136.70713333333333,37.83023333333333,208.36930666666663,103.2455
2023-09-17,181.1816,135.35333333333332,136.41896666666665,37.78646666666667,208.73290333333333,103.303
2023-09-18,181.0933,135.39,136.1308,37.7427,209.0965,103.3605
2023-09-19,180.69685,134.995005,135.7099,37.5258,208.54515,103.2508
2023-09-20,180.3004,134.60001,135.289,37.3089,207.9938,103.1411
2023-09-21,178.6975,133.47,134.0122,37.0149,205.17191,102.3483
2023-09-22,178.7942,132.94,133.8741,36.9391,205.3112,102.2721
2023-09-23,178.9365,132.99,133.98333333333332,36.93116666666667,205.28536666666668,102.33916666666666
2023-09-24,179.0788,133.04,134.09256666666667,36.923233333333336,205.2595333333333,102.40623333333332
2023-09-25,179.2211,133.09,134.2018,36.9153,205.2337,102.4733
2023-09-26,179.6472,133.60001,134.7757,36.9087,206.0096,103.0696
2023-09-27,180.92,133.66,135.4432,37.0509,206.32381,103.7745
2023-09-28,180.8298,134.185005,135.481,36.99485,206.038005,104.48865
2023-09-29,180.7396,134.71001,135.5188,36.9388,205.7522,105.2028
2023-09-30,180.91515,134.65000750000002,135.6795,36.90175,205.3141,105.2285
2023-10-01,181.0907,134.59000500000002,135.84019999999998,36.8647,204.876,105.2542
2023-10-02,181.26625,134.5300025,136.0009,36.82765,204.4379,105.2799
2023-10-03,181.4418,134.47,136.1616,36.7906,203.9998,105.3056
2023-10-04,179.6328,133.19,134.8223,36.5662,201.6703,103.8167
2023-10-05,179.6628,133.67,135.5526,36.7519,203.181,104.5425
2023-10-06,180.2463,134.34,136.3257,36.9396,204.2827,104.9786
2023-10-07,179.54569999999998,133.89666333333332,135.69853333333333,36.84133333333333,203.47356666666667,104.68616666666668
2023-10-08,178.8451,133.45332666666667,135.07136666666668,36.74306666666666,202.6644333333333,104.39373333333332
2023-10-09,178.1445,133.00999,134.4442,36.6448,201.8553,104.1013
2023-10-10,179.789,134.34,135.9056,36.9688,204.30521,105.2127
2023-10-11,180.5285,135.07001,136.7425,37.2097,205.774,105.5963
2023-10-12,180.8211,135.83,137.3678,37.1589,207.1438,106.0609
2023-10-13,180.761,135.47,137.2169,37.065,208.6344,106.1109
2023-10-14,180.8583333333333,135.68000333333333,137.36116666666666,37.05976666666667,208.92439666666667,106.31163333333332
2023-10-15,180.95566666666667,135.89000666666666,137.50543333333334,37.05453333333333,209.21439333333333,106.51236666666668
2023-10-16,181.053,136.10001,137.6497,37.0493,209.50439,106.7131
2023-10-17,181.763,136.8,138.2678,37.177,209.7934,107.1606
2023-10-18,181.4268,136.06,137.7805,36.922,209.7507,106.8456
2023-10-19,181.5357,135.75999,137.6961,36.8438,210.6824,106.1272
2023-10-20,180.4979,134.5,137.0188,36.687,208.89259,105.7589
2023-10-21,178.92303333333334,133.57333333333332,135.49326666666667,36.5164,207.86446,104.88533333333334
2023-10-22,177.34816666666666,132.64666666666668,133.96773333333334,36.3458,206.83633,104.01176666666666
2023-10-23,175.7733,131.72,132.4422,36.1752,205.8082,103.1382
2023-10-24,175.2701,131.074995,131.8855,36.04835,205.2521,102.58445
2023-10-25,174.7669,130.42999,131.3288,35.9215,204.696,102.0307
2023-10-26,173.3044,129.48,130.9224,35.4675,201.6778,101.117
2023-10-27,175.263,130.87,133.2994,35.8153,204.27319,102.6394
2023-10-28,175.14796666666666,131.10666666666668,133.42843333333332,35.8571,203.64329333333333,102.68793333333332
2023-10-29,175.03293333333335,131.34333333333333,133.55746666666667,35.8989,203.0133966666667,102.73646666666666
2023-10-30,174.9179,131.58,133.6865,35.9407,202.3835,102.785
2023-10-31,175.3739,131.34,133.7793,35.8368,200.93559,102.54
2023-11-01,174.8899,130.75,133.6674,35.6836,199.81,102.1316
2023-11-02,176.032,132.14,134.7993,35.965,201.47031,103.3389
2023-11-03,176.995,133.25,135.9466,36.1134,203.4196,104.1879
2023-11-04,177.5592,133.61,136.33043333333333,36.22113333333333,204.2092033333333,104.72373333333331
2023-11-05,178.1234,133.97,136.71426666666665,36.32886666666666,204.99880666666667,105.25956666666669
2023-11-06,178.6876,134.33,137.0981,36.4366,205.78841,105.7954
2023-11-07,179.1192,134.53,137.106,36.4562,205.4241,105.8685
2023-11-08,179.5879,135.48,137.7303,36.5412,206.4705,106.4455
2023-11-09,179.2141,135.31,137.5177,36.4496,207.562,106.5758
2023-11-10,179.4271,135.55,137.8429,36.5278,206.73891,107.0568
2023-11-11,179.55716666666666,135.95333,138.2728,36.540866666666666,207.18330666666668,107.4408
2023-11-12,179.68723333333332,136.35666,138.7027,36.55393333333333,207.62770333333333,107.8248
2023-11-13,179.8173,136.75999,139.1326,36.567,208.0721,108.2088
2023-11-14,180.8579,137.47999499999997,139.7305,36.7632,209.619655,108.78825
2023-11-15,181.8985,138.2,140.3284,36.9594,211.16721,109.3677
2023-11-16,182.7276,138.92,140.6072,37.1421,212.67841,110.1023
2023-11-17,183.4688,138.69,141.1381,37.0666,214.1183,109.8831
2023-11-18,183.5591333333333,138.79000333333337,141.35816666666668,37.04903333333333,213.84443666666667,110.16136666666668
2023-11-19,183.64946666666663,138.89000666666666,141.57823333333334,37.03146666666667,213.57057333333333,110.43963333333332
2023-11-20,183.7398,138.99001,141.7983,37.0139,213.29671,110.7179
2023-11-21,183.6864,139.41,142.0466,37.1524,213.9872,110.9972
2023-11-22,184.9404,139.14999,142.5233,37.1825,213.64169,110.5796
2023-11-23,184.8005,139.53999,142.6043,37.1543,215.0869,110.5777
2023-11-24,184.609,139.44,142.826,37.1573,214.7068,110.5303
2023-11-25,184.622425,139.8025,142.88715,37.198275,215.302225,110.754925
2023-11-26,184.63585,140.165,142.94830000000002,37.23925,215.89765,110.97955
2023-11-27,184.649275,140.52749999999995,143.00945000000002,37.280225,216.493075,111.204175
2023-11-28,184.6627,140.89,143.0706,37.3212,217.0885,111.4288
2023-11-29,185.7965,141.78999,143.8786,37.7034,219.94009,111.873
2023-11-30,187.2332,142.81,145.0677,37.8325,221.1302,112.982
2023-12-01,187.5922,144.14,145.6354,38.0605,221.15041,113.8938
2023-12-02,188.22646666666665,145.31666666666666,146.26563333333334,38.297266666666665,222.33894,114.57886666666668
2023-12-03,188.8607333333333,146.4933333333333,146.89586666666668,38.53403333333333,223.52747,115.26393333333333
2023-12-04,189.495,147.67,147.5261,38.7708,224.716,115.949
2023-12-05,189.5443,149.2,147.7795,38.9637,226.34579,117.3517
2023-12-06,189.254,149.42999,147.9287,39.1207,226.28529,117.7663
2023-12-07,190.1341,150.03,147.9904,39.0574,227.0609,118.51
2023-12-08,189.5119,149.77,147.2596,39.1817,225.7771,118.6574
2023-12-09,189.8026333333333,149.96333666666666,147.73773333333332,39.198566666666665,225.9074,118.96773333333331
2023-12-10,190.09336666666667,150.15667333333334,148.21586666666667,39.21543333333334,226.0377,119.27806666666666
2023-12-11,190.3841,150.35001,148.694,39.2323,226.168,119.5884
2023-12-12,189.7151,149.52,148.2283,39.031,225.29919,118.7203
2023-12-13,190.3577,151.03,149.1483,39.0824,227.8376,120.0121
2023-12-14,192.6667,152.23,150.1747,39.5563,229.73579,120.6063
2023-12-15,193.9118,153.64999,150.7905,40.001,229.5896,121.6895
2023-12-16,194.1945333333333,153.61666,151.03766666666667,39.9986,229.92606666666663,121.57896666666666
2023-12-17,194.47726666666665,153.58333000000002,151.28483333333335,39.9962,230.26253333333327,121.46843333333334
2023-12-18,194.76,153.55,151.532,39.9938,230.599,121.3579
2023-12-19,194.046,153.71001,151.6282,40.062,229.4493,121.2882
2023-12-20,189.9834,149.50999,147.9011,39.484,223.60609,118.4476
2023-12-21,191.3182,151.64,150.0073,39.7294,223.93871,119.6612
2023-12-22,193.0197,152.08,151.2134,39.876,226.42,120.5123
2023-12-23,193.05195,152.5025,151.34535,39.907675,226.826025,120.689875
2023-12-24,193.0842,152.925,151.4773,39.93935,227.23205,120.86745
2023-12-25,193.11645,153.34750000000005,151.60925,39.971025,227.638075,121.045025
2023-12-26,193.1487,153.77,151.7412,40.0027,228.0441,121.2226
2023-12-27,193.8242,154.72,152.4664,40.4145,230.4679,121.7173
2023-12-28,194.1595,155.92999,152.3802,40.655,232.267,122.3175
2023-12-29,195.4039,156.03,153.36,40.6196,234.7197,122.3865
2023-12-30,195.3768333333333,156.24333333333334,153.6113333333333,40.6216,234.69776666666667,122.5049
2023-12-31,195.34976666666665,156.45666666666665,153.86266666666668,40.6236,234.6758333333333,122.6233
2024-01-01,195.3227,156.67,154.114,40.6256,234.6539,122.7417
2024-01-02,195.0331,156.32001,153.7683,40.4844,232.5768,122.065
2024-01-03,195.0452,156.46001,153.7974,40.2313,233.32179,122.9075
2024-01-04,197.2639,158.3,154.9956,40.5543,233.54111,124.9057
2024-01-05,198.5161,158.67,155.5271,40.6473,234.5444,125.1516
2024-01-06,197.9436333333333,158.26,155.1196,40.5323,234.27026666666663,124.9913
2024-01-07,197.37116666666665,157.85,154.7121,40.4173,233.9961333333333,124.831
2024-01-08,196.7987,157.44,154.3046,40.3023,233.722,124.6707
2024-01-09,197.2533,158.34,154.6437,40.3529,235.8175,124.7758
2024-01-10,197.6087,158.62,155.0279,40.4691,236.22639,125.0733
2024-01-11,198.6883,159.64999,155.9043,40.5283,238.55389,125.6469
2024-01-12,199.201,160.33,156.3207,40.9558,238.10921,126.1563
2024-01-13,199.3240333333333,160.6233366666667,156.52596666666665,41.0614,238.23714,126.43943333333334
2024-01-14,199.44706666666667,160.91667333333334,156.73123333333334,41.167,238.36507,126.72256666666668
2024-01-15,199.5701,161.21001,156.9365,41.2726,238.493,127.0057
2024-01-16,198.5015,161.45,156.179,41.1603,237.6438,126.9015
2024-01-17,196.7836,159.5,154.7328,40.3012,235.02271,125.6072
2024-01-18,196.0615,158.89999,154.4545,40.1066,235.58929,126.1668
2024-01-19,197.0822,161.49001,155.9397,40.3876,237.2594,127.6226
2024-01-20,196.052125,160.745005,155.1413,40.187275,236.0859275,126.9828
2024-01-21,195.02205,160.0,154.3429,39.98695,234.912455,126.343
2024-01-22,193.991975,159.254995,153.5445,39.786625,233.7389825,125.7032
2024-01-23,192.9619,158.50999,152.7461,39.5863,232.56551,125.0634
2024-01-24,194.3153,160.92999,154.8485,40.0105,235.0363,127.2889
2024-01-25,193.4332,161.46001,155.2562,39.7927,235.92101,127.6087
2024-01-26,193.933825,162.36500750000002,155.68595,39.96025,236.75788,128.392875
2024-01-27,194.43445,163.27000500000003,156.1157,40.1278,237.59475,129.17705
2024-01-28,194.935075,164.1750025,156.54545000000002,40.29535,238.43162,129.96122499999998
2024-01-29,195.4357,165.08,156.9752,40.4629,239.26849,130.7454
2024-01-30,194.2319,164.64999,156.7187,40.0468,240.06979,129.5687
2024-01-31,196.9898,166.75,159.0275,40.3953,243.91589,131.045
2024-02-01,196.1191,166.50999,158.6193,40.3294,245.787,130.9835
2024-02-02,196.3114,168.72,159.1873,40.5367,246.8887,132.5241
2024-02-03,196.4199333333333,168.97333333333333,159.09583333333333,40.4637,247.64230333333333,132.59523333333334
2024-02-04,196.52846666666667,169.22666666666666,159.00436666666667,40.3907,248.39590666666663,132.66636666666668
2024-02-05,196.637,169.48,158.9129,40.3177,249.14951,132.7375
2024-02-06,199.3567,171.73,160.5831,40.5987,252.47279,134.0453
2024-02-07,199.9366,171.45,160.7976,40.6161,251.67419,134.0715
2024-02-08,199.1768,171.21001,160.381,40.2668,249.07899,134.4101
2024-02-09,198.5958,170.91,158.8853,40.3499,247.7856,133.6967
2024-02-10,197.7061,169.63333333333333,157.67303333333334,40.22846666666666,246.85367,132.56026666666665
2024-02-11,196.8164,168.35666666666668,156.46076666666667,40.10703333333333,245.92174,131.4238333333333
2024-02-12,195.9267,167.08,155.2485,39.9856,244.98981,130.2874
2024-02-13,195.7332,167.61,155.0865,40.1368,245.47211,130.8449
2024-02-14,196.2206,170.27,156.1241,40.329,248.56441,132.7334
2024-02-15,198.1184,172.16,157.2867,40.4787,251.1476,134.0739
2024-02-16,200.2318,172.69,158.6344,40.7426,255.85249,135.4815
2024-02-17,200.7207,172.92333333333332,158.86886666666666,40.78276666666667,256.1792566666667,135.70016666666666
2024-02-18,201.2096,173.15666666666667,159.10333333333332,40.82293333333334,256.5060233333333,135.91883333333334
2024-02-19,201.6985,173.39,159.3378,40.8631,256.83279,136.1375
2024-02-20,201.3919,173.78,159.1954,41.0447,254.7047,136.7255
2024-02-21,200.4315,172.71001,158.113,40.7914,253.5535,135.5074
2024-02-22,201.0376,174.46001,158.9194,41.0126,257.4194,136.6346
2024-02-23,202.028,175.14999,160.0406,41.0349,257.771,137.1676
2024-02-24,201.90106666666665,175.02332666666666,160.0771,40.981966666666665,257.9167,137.25823333333332
2024-02-25,201.7741333333333,174.89666333333335,160.11360000000002,40.92903333333334,258.0624,137.34886666666668
2024-02-26,201.6472,174.77,160.1501,40.8761,258.2081,137.4395
2024-02-27,201.9064,175.07001,159.7161,41.0108,259.69641,137.7817
2024-02-28,199.3724,172.46001,157.7161,40.6213,254.6142,135.5228
2024-02-29,200.0876,172.91,158.0429,40.7303,255.09219,135.9967
2024-03-01,200.8041,176.2,159.4298,41.311,259.3605,138.4949
2024-03-02,200.80053333333333,176.67999999999998,159.59416666666667,41.34056666666667,259.3649966666667,138.9038
2024-03-03,200.79696666666663,177.16,159.75853333333333,41.370133333333335,259.3694933333333,139.3127
2024-03-04,200.7934,177.64,159.9229,41.3997,259.37399,139.7216
2024-03-05,199.5647,177.83,159.0309,41.3092,261.73599,139.7515
2024-03-06,198.3745,176.0,156.7795,41.4993,261.47629,138.3289
2024-03-07,198.8825,177.06,157.877,41.506,261.28641,138.597
2024-03-08,198.648425,176.7424975,157.3778,41.4379,260.8794575,138.05885
2024-03-09,198.41435,176.424995,156.8786,41.3698,260.472505,137.5207
2024-03-10,198.180275,176.10749249999998,156.3794,41.3017,260.0655525,136.98255
2024-03-11,197.9462,175.78999,155.8802,41.2336,259.6586,136.4444
2024-03-12,196.6716,174.45,153.6732,41.2084,258.22131,135.11
2024-03-13,191.1381,168.12,147.317,40.537,250.39101,128.683
2024-03-14,193.3724,171.25,150.5607,40.8267,253.65379,130.9313
2024-03-15,193.5654,170.42999,150.7737,40.6218,250.67821,130.4946
2024-03-16,193.86316666666667,170.46332666666666,150.8528,40.64093333333334,251.38691,130.6124
2024-03-17,194.16093333333333,170.49666333333334,150.93189999999998,40.660066666666665,252.09561,130.7302
2024-03-18,194.4587,170.53,151.011,40.6792,252.80431,130.848
2024-03-19,194.0583,168.87,149.8615,40.2659,251.78551,129.7898
2024-03-20,193.7092,169.60001,149.9006,40.2526,252.37061,130.7602
2024-03-21,196.7822,173.17999,152.7844,40.6125,255.6779,133.7938
2024-03-22,198.0312,174.0,154.4184,40.7844,259.38019,135.1685
2024-03-23,198.66205,174.345,154.51055,40.7603,259.4814175,135.223975
2024-03-24,199.2929,174.69,154.6027,40.7362,259.582645,135.27945
2024-03-25,199.92375,175.035,154.69485,40.7121,259.6838725,135.334925
2024-03-26,200.5546,175.38,154.787,40.688,259.7851,135.3904
2024-03-27,201.345,176.38,156.1871,40.9384,261.24399,135.882
2024-03-28,201.9713,177.39999,156.6865,41.273,264.1319,136.9916
2024-03-29,202.7347,178.1449925,157.5201,41.336625000000005,264.2728525,137.6028
2024-03-30,203.4981,178.889995,158.3537,41.40025,264.413805,138.214
2024-03-31,204.2615,179.6349975,159.1873,41.463875,264.5547575,138.8252
2024-04-01,205.0249,180.38,160.0209,41.5275,264.69571,139.4364
2024-04-02,207.006,181.86,161.1704,41.5392,266.98679,140.3731
2024-04-03,207.7787,182.2,162.1663,41.5591,266.59229,140.5326
2024-04-04,207.9425,182.13,162.6597,41.7166,267.29651,140.3816
2024-04-05,208.4754,182.99001,163.1879,41.7247,267.08929,140.3978
2024-04-06,208.88626666666667,183.37667,163.31703333333334,41.80336666666667,268.44529,140.7601
2024-04-07,209.2971333333333,183.76333,163.44616666666667,41.88203333333333,269.80129,141.1224
2024-04-08,209.708,184.14999,163.5753,41.9607,271.15729,141.4847
2024-04-09,209.5588,183.97,163.1307,41.9048,270.86511,141.331
2024-04-10,210.1771,185.27,164.1548,42.0761,271.7222,142.1532
2024-04-11,209.98935,184.245,163.7891,41.89,270.985705,141.76845
2024-04-12,209.8016,183.22,163.4234,41.7039,270.24921,141.3837
2024-04-13,209.0843,182.54666666666665,162.76813333333334,41.55373333333333,269.19317,141.1059
2024-04-14,208.367,181.8733333333333,162.11286666666666,41.40356666666666,268.13713,140.8281
2024-04-15,207.6497,181.2,161.4576,41.2534,267.08109,140.5503
2024-04-16,207.0181,181.32001,162.1146,41.047,267.38062,140.7641
2024-04-17,206.57735,181.060005,162.19920000000002,40.93875,266.713715,140.62150000000003
2024-04-18,206.1366,180.8,162.2838,40.8305,266.04681,140.4789
2024-04-19,206.1645,181.23,162.5213,41.1044,266.6077,140.1624
2024-04-20,206.0474,181.67,163.364,41.20543333333333,267.3822666666667,140.85763333333333
2024-04-21,205.9303,182.11,164.20669999999998,41.306466666666665,268.15683333333334,141.55286666666666
2024-04-22,205.8132,182.55,165.0494,41.4075,268.9314,142.2481
2024-04-23,207.3538,183.5,166.4741,41.4536,270.27701,143.5385
2024-04-24,208.8354,184.78,167.452,41.5379,270.66351,144.2936
2024-04-25,208.9443,186.34,168.9917,41.7924,273.9704,146.2098
2024-04-26,209.238,186.62,169.8509,41.4834,273.94931,147.281
2024-04-27,209.6007,186.98333666666667,170.08396666666667,41.6033,273.72814,147.48506666666668
2024-04-28,209.9634,187.3466733333333,170.3170333333333,41.7232,273.50697,147.68913333333333
2024-04-29,210.3261,187.71001,170.5501,41.8431,273.2858,147.8932
2024-04-30,211.4888,187.89,171.2982,41.7895,276.89291,148.3555
2024-05-01,211.8732,188.534995,171.67034999999998,41.81225,278.4671,149.13850000000002
2024-05-02,212.2576,189.17999,172.0425,41.835,280.04129,149.9215
2024-05-03,211.3735,188.52,171.073,41.4918,277.91049,148.6233
2024-05-04,211.33,188.22,170.53776666666667,41.45773333333333,277.63425666666666,148.3649
2024-05-05,211.2865,187.92,170.00253333333333,41.42366666666667,277.35802333333334,148.10649999999998
2024-05-06,211.243,187.62,169.4673,41.3896,277.08179,147.8481
2024-05-07,208.0268,184.7,167.3441,41.1651,272.89011,145.3631
2024-05-08,208.1684,186.64999,168.4069,41.145,276.2092,147.0039
2024-05-09,205.0002,182.14,164.7741,40.5329,277.20432,144.0203
2024-05-10,206.7666,183.27,165.9304,40.795,279.6987,144.849
2024-05-11,207.06986666666668,183.49666666666667,165.9786,40.80936666666667,278.82772666666665,144.9039
2024-05-12,207.37313333333333,183.72333333333333,166.02679999999998,40.82373333333333,277.9567533333333,144.9588
2024-05-13,207.6764,183.95,166.075,40.8381,277.08578,145.0137
2024-05-14,208.6858,186.5,168.6839,41.0685,281.56461,147.4026
2024-05-15,210.8285,188.12,170.9133,41.072,281.35629,149.4633
2024-05-16,213.0501,190.25999,173.2875,41.4784,282.88239,151.4143
2024-05-17,215.4079,192.09,175.3314,41.5935,287.08871,153.7222
2024-05-18,215.31415,192.4600025,175.41175,41.611825,287.126485,153.925725
2024-05-19,215.2204,192.830005,175.4921,41.63015,287.16426,154.12925
2024-05-20,215.12665,193.2000075,175.57245,41.648475000000005,287.202035,154.332775
2024-05-21,215.0329,193.57001,175.6528,41.6668,287.23981,154.5363
2024-05-22,215.3355,194.10001,175.9955,41.7946,287.3562,154.3835
2024-05-23,216.6262,195.36,176.4494,42.4549,293.16589,155.9788
2024-05-24,216.1164,194.95,176.6637,42.4792,292.6759,156.0026
2024-05-25,216.3561,194.80666666666667,176.50896666666668,42.49126666666667,292.33437000000004,155.78826666666666
2024-05-26,216.5958,194.66333333333333,176.35423333333333,42.50333333333333,291.99284,155.57393333333334
2024-05-27,216.8355,194.52,176.1995,42.5154,291.65131,155.3596
2024-05-28,216.1976,193.67,174.6468,42.4042,290.42609,153.4489
2024-05-29,215.7119,192.89999,174.4545,42.1026,289.36429,153.1297
2024-05-30,213.8643,191.22,172.8722,41.7484,286.83569,151.5948
2024-05-31,214.4737,192.13,173.5817,41.9105,287.43201,153.2757
2024-06-01,216.05726666666664,194.7733333333333,174.82160000000002,42.323366666666665,289.8544033333333,155.6276
2024-06-02,217.6408333333333,197.41666666666663,176.0615,42.73623333333333,292.27679666666666,157.9795
2024-06-03,219.2244,200.06,177.3014,43.1491,294.69919,160.3314
2024-06-04,210.1975,182.09,165.0225,40.9735,282.3338,144.5697
2024-06-05,216.4774,187.85001,169.9509,42.1821,293.8183,147.8481
2024-06-06,219.9951,192.14,174.5562,42.5044,295.79651,151.3915
2024-06-07,222.0336,196.16,178.2514,43.3918,301.5498,155.063
2024-06-08,222.57296666666667,196.7733333333333,178.84076666666667,43.37806666666667,302.0165666666667,155.54573333333332
2024-06-09,223.1123333333333,197.38666666666663,179.43013333333332,43.364333333333335,302.4833333333333,156.02846666666667
2024-06-10,223.6517,198.0,180.0195,43.3506,302.9501,156.5112
2024-06-11,225.0247,198.67,181.7627,43.4039,304.8512,157.7272
2024-06-12,227.5063,200.45,183.5794,43.5023,305.15961,159.7796
2024-06-13,229.4047,201.33,185.0746,43.6769,307.2142,161.2251
2024-06-14,232.1908,202.82001,186.6858,43.8536,311.43439,161.8949
2024-06-15,232.627475,202.8375075,187.145125,43.897475,311.51259,161.84305
2024-06-16,233.06415,202.855005,187.60445,43.94135,311.59079,161.7912
2024-06-17,233.500825,202.8725025,188.063775,43.985225,311.66899,161.73935
2024-06-18,233.9375,202.89,188.5231,44.0291,311.74719,161.6875
2024-06-19,232.5528,201.2,187.3135,44.0018,307.7356,159.3822
2024-06-20,233.8334,202.19,187.8404,44.1083,306.84271,160.1953
2024-06-21,232.4716,201.36,187.4747,43.9924,305.90729,160.7011
2024-06-22,232.6464,201.59667,187.7543,43.993633333333335,306.54489333333333,160.80636666666666
2024-06-23,232.8212,201.83334,188.0339,43.99486666666667,307.1824966666667,160.91163333333333
2024-06-24,232.996,202.07001,188.3135,43.9961,307.8201,161.0169
2024-06-25,233.1832,202.42999,188.1461,44.3578,306.88141,161.5338
2024-06-26,232.7661,203.55,188.5689,44.5989,305.07199,162.8766
2024-06-27,232.7493,203.97,187.773,44.8663,306.1145,162.7487
2024-06-28,233.3308,203.86,188.6347,44.8088,306.81381,162.9034
2024-06-29,233.8736,204.28333333333333,189.7330333333333,44.90376666666666,307.4908733333333,163.1324
2024-06-30,234.4164,204.70666666666668,190.83136666666667,44.99873333333333,308.16793666666666,163.3614
2024-07-01,234.9592,205.13,191.9297,45.0937,308.845,163.5904
2024-07-02,233.5705,205.66,192.1864,45.0974,307.33789,163.7857
2024-07-03,234.7759,206.98,194.0379,45.4492,308.3252,164.2344
2024-07-04,235.585,206.78,195.2171,45.4548,309.4147,164.7092
2024-07-05,235.8641,208.32001,195.9112,45.4256,310.1843,165.7444
2024-07-06,235.6266,208.22667,195.84163333333333,45.40886666666667,309.5059033333333,165.74913333333333
2024-07-07,235.3891,208.13333,195.77206666666663,45.39213333333333,308.8275066666667,165.75386666666668
2024-07-08,235.1516,208.03999,195.7025,45.3754,308.14911,165.7586
2024-07-09,235.6144,208.91,195.833,45.5183,313.0939,166.4013
2024-07-10,234.8951,208.75999,194.6474,45.3099,308.76331,166.1365
2024-07-11,234.0457,209.78999,195.586,45.3157,309.04651,166.3196
2024-07-12,233.8711,209.37,195.3504,45.6671,308.18021,165.9306
2024-07-13,233.9729,209.53333333333333,195.47413333333333,45.71996666666666,309.0107766666667,166.27603333333334
2024-07-14,234.0747,209.6966666666667,195.59786666666668,45.77283333333333,309.8413433333333,166.62146666666666
2024-07-15,234.1765,209.86,195.7216,45.8257,310.67191,166.9669
2024-07-16,234.8429,209.95,196.1623,45.8675,311.60229,166.4299
2024-07-17,234.1593,209.385005,195.4596,46.00815,311.57904,166.14305000000002
2024-07-18,233.4757,208.82001,194.7569,46.1488,311.55579,165.8562
2024-07-19,230.385,204.39999,190.7954,45.6173,304.85461,161.6106
2024-07-20,230.84993333333333,205.11999333333333,191.2509,45.6278,305.73724,161.85426666666666
2024-07-21,231.31486666666663,205.83999666666668,191.7064,45.6383,306.61987,162.09793333333334
2024-07-22,231.7798,206.56,192.1619,45.6488,307.5025,162.3416
2024-07-23,232.2018,205.98,191.831,45.6167,308.18149,161.628
2024-07-24,234.023,207.22,194.5552,45.5325,308.64371,163.0381
2024-07-25,233.6215,207.27,194.9216,45.5087,311.28299,163.5209
2024-07-26,236.1581,209.84,196.9245,46.2414,317.7081,165.6206
2024-07-27,236.70136666666667,210.27,197.67723333333333,46.24816666666666,318.04597,165.871
2024-07-28,237.24463333333333,210.7,198.42996666666667,46.25493333333333,318.38384,166.1214
2024-07-29,237.7879,211.13,199.1827,46.2617,318.72171,166.3718
2024-07-30,238.8524,212.42999,200.2499,46.3404,320.5972,167.04
2024-07-31,240.0411,213.75,200.256,46.4715,321.39539,167.5768
2024-08-01,238.4846,213.38,199.0657,46.5307,319.63409,167.5636
2024-08-02,236.8499,210.72,197.4431,46.0762,312.62619,165.0199
2024-08-03,234.23576666666665,208.37333,195.0719,45.6617,308.9635633333333,163.0132
2024-08-04,231.6216333333333,206.02666,192.7007,45.2472,305.30093666666664,161.0065
2024-08-05,229.0075,203.67999,190.3295,44.8327,301.63831,158.9998
2024-08-06,229.212,202.88,189.9099,44.6906,300.14389,157.9742
2024-08-07,232.042,206.11,193.9231,45.2471,305.1376,161.44
2024-08-08,230.9285,204.07001,192.4261,44.9936,303.8154,159.8247
2024-08-09,232.8798,204.92,193.6732,45.42,308.55081,161.4012
2024-08-10,233.4094333333333,204.92333,193.7435,45.42626666666667,308.52654,161.47266666666667
2024-08-11,233.93906666666663,204.92666,193.8138,45.43253333333333,308.50227,161.54413333333332
2024-08-12,234.4687,204.92999,193.8841,45.4388,308.478,161.6156
2024-08-13,232.4983,202.38,191.5811,45.0096,305.90479,160.3802
2024-08-14,231.9237,201.0,190.0149,45.0575,305.07031,159.4544
2024-08-15,233.9568,201.980005,191.81525,45.39405,308.02986,160.7404
2024-08-16,235.9899,202.96001,193.6156,45.7306,310.98941,162.0264
2024-08-17,236.3077,203.4366733333333,194.08703333333327,45.75556666666667,310.5361733333333,162.5176
2024-08-18,236.6255,203.91333666666665,194.55846666666667,45.78053333333334,310.0829366666667,163.0088
2024-08-19,236.9433,204.39,195.0299,45.8055,309.6297,163.5
2024-08-20,238.9548,205.11,196.5465,46.0474,311.0202,164.5982
2024-08-21,239.9355,206.19,198.3614,46.2164,312.17789,164.8877
2024-08-22,241.19,207.24001,199.0173,46.3042,312.6813,164.9382
2024-08-23,239.6335,207.55,199.384,46.3144,315.7439,165.0984
2024-08-24,239.65436666666668,208.2433333333333,199.4426,46.4309,315.9014,165.33893333333333
2024-08-25,239.67523333333327,208.93666666666667,199.5012,46.5474,316.0589,165.57946666666666
2024-08-26,239.6961,209.63,199.5598,46.6639,316.2164,165.82
2024-08-27,241.2068,210.95,200.7656,46.7133,316.6637,166.0358
2024-08-28,240.8764,210.36,199.9176,46.7748,316.38229,165.8735
2024-08-29,240.1794,210.41,198.7354,46.9111,317.0733,165.5415
2024-08-30,242.0136,211.64,200.4252,47.105,318.81409,167.0701
2024-08-31,242.1469,212.04333666666665,200.20406666666665,47.1209,318.50099,166.86766666666665
2024-09-01,242.2802,212.4466733333333,199.9829333333333,47.1368,318.18789000000004,166.66523333333333
2024-09-02,242.4135,212.85001,199.7618,47.1527,317.87479,166.4628
2024-09-03,242.9241,213.97,200.6112,47.165,317.76349,166.5555
2024-09-04,243.0379,213.77,200.702,47.0427,316.85001,166.2568
2024-09-05,243.4592,214.10001,201.6598,47.0143,316.5051,165.5895
2024-09-06,242.0486,212.00999,200.0807,46.508,313.3363,163.5405
2024-09-07,241.9083,211.67332666666667,199.72046666666668,46.5375,313.2504333333333,163.2481
2024-09-08,241.768,211.3366633333333,199.36023333333333,46.567,313.1645666666667,162.9557
2024-09-09,241.6277,211.0,199.0,46.5965,313.0787,162.6633
2024-09-10,243.4494,212.42,201.0132,46.8082,313.77121,164.2123
2024-09-11,242.8957,210.84,200.1051,46.5699,311.90179,163.0282
2024-09-12,245.2216,213.77,201.8238,47.3893,317.62991,165.5905
2024-09-13,246.8678,214.05,202.7166,47.3891,317.71939,165.6055
2024-09-14,246.9163333333333,214.22,202.81446666666668,47.39853333333333,317.72123,165.83236666666667
2024-09-15,246.9648666666667,214.39,202.9123333333333,47.40796666666667,317.72307,166.05923333333334
2024-09-16,247.0134,214.56,203.0102,47.4174,317.72491,166.2861
2024-09-17,247.5416,214.73,202.9164,47.4899,318.25879,166.93
2024-09-18,247.1066,213.89,202.0666,47.4518,317.2623,166.5734
2024-09-19,247.2838,212.71001,200.4964,47.537,317.78949,165.3756
2024-09-20,249.85,214.46001,202.2025,48.1548,322.86789,167.3728
2024-09-21,250.04093333333333,214.91000666666667,202.749,48.29103333333333,324.17349333333334,167.83726666666666
2024-09-22,250.23186666666663,215.3600033333333,203.2955,48.42726666666667,325.47909666666663,168.30173333333337
2024-09-23,250.4228,215.81,203.842,48.5635,326.7847,168.7662
2024-09-24,251.0105,217.08,204.3979,48.4945,327.3465,168.9344
2024-09-25,249.3807,217.42,203.3902,48.5878,326.65369,169.4106
2024-09-26,249.3006,218.17,202.5726,48.921,332.1301,169.0681
2024-09-27,249.0874,218.61,203.3984,48.8585,332.6813,169.2144
2024-09-28,249.0418,218.5499966666667,203.21776666666668,48.64933333333333,330.7243633333334,168.87003333333334
2024-09-29,248.9962,218.48999333333333,203.0371333333333,48.44016666666667,328.76742666666667,168.52566666666667
2024-09-30,248.9506,218.42999,202.8565,48.231,326.81049,168.1813
2024-10-01,248.5984,218.73,203.7871,48.2063,327.5491,167.826
2024-10-02,246.25735,216.375,201.93045,47.7087,323.228695,166.22295
2024-10-03,243.9163,214.02,200.0738,47.2111,318.90829,164.6199
2024-10-04,242.5781,213.08,198.5774,46.7651,314.81351,163.3736
2024-10-05,241.0082333333333,211.68,196.94323333333327,46.61943333333333,313.55714,162.4245
2024-10-06,239.43836666666667,210.28,195.30906666666667,46.47376666666666,312.30077,161.4754
2024-10-07,237.8685,208.88,193.6749,46.3281,311.0444,160.5263
2024-10-08,240.7513,210.94,197.7194,46.7333,316.23691,162.675
2024-10-09,243.7339,210.95,200.0334,46.7059,318.50629,163.3072
2024-10-10,242.6777,211.53,201.0507,46.7199,318.75439,164.0973
2024-10-11,243.4757,211.71001,201.5145,46.7243,318.03,164.7363
2024-10-12,243.7716,211.9066733333333,201.65226666666663,46.81516666666666,318.12153333333333,164.92403333333334
2024-10-13,244.0675,212.10333666666668,201.79003333333333,46.90603333333333,318.21306666666663,165.11176666666665
2024-10-14,244.3634,212.3,201.9278,46.9969,318.3046,165.2995
2024-10-15,245.3477,213.10001,203.9201,46.8838,316.83609,166.5577
2024-10-16,245.9119,213.82001,204.103,46.7436,314.31271,166.421
2024-10-17,242.2911,211.60001,201.4949,46.3829,305.05161,164.6857
2024-10-18,243.3372,212.7,201.6568,46.5518,305.92221,165.4388
2024-10-19,242.72416666666663,211.83333666666667,200.92536666666663,46.47363333333333,306.08377,164.9742
2024-10-20,242.11113333333333,210.9666733333333,200.1939333333333,46.39546666666667,306.24533,164.50959999999998
2024-10-21,241.4981,210.10001,199.4625,46.3173,306.40689,164.045
2024-10-22,237.5437,205.75,193.3281,45.6718,299.71341,160.432
2024-10-23,237.8281,205.10001,194.4382,45.6534,298.21078,159.7788
2024-10-24,237.6482,204.87,193.403,45.6012,296.91971,159.1001
2024-10-25,235.5313,201.00999,189.945,45.1116,290.72681,156.5737
2024-10-26,235.17346666666663,201.37333,190.3873,45.18213333333333,290.6877366666667,157.08616666666666
2024-10-27,234.81563333333327,201.73667,190.8296,45.25266666666667,290.64866333333333,157.59863333333334
2024-10-28,234.4578,202.10001,191.2719,45.3232,290.60959,158.1111
2024-10-29,235.9359,204.52,192.8632,45.5444,288.63309,160.3726
2024-10-30,235.9768,205.12,194.3323,45.3168,289.7717,160.1647
2024-10-31,235.6234,206.77,196.9244,45.1733,289.3717,162.3785
2024-11-01,235.569925,206.2575,196.61825,45.08505,289.3622025,161.937775
2024-11-02,235.51645,205.745,196.3121,44.9968,289.352705,161.49705
2024-11-03,235.462975,205.2325,196.00595,44.908550000000005,289.3432075,161.05632500000002
2024-11-04,235.4095,204.72,195.6998,44.8203,289.33371,160.6156
2024-11-05,234.8037,205.78,196.5418,45.1982,290.96429,161.4138
2024-11-06,238.5161,208.64,199.9444,45.6883,295.10959,163.8241
2024-11-07,237.5913,207.46001,198.857,45.2418,292.06409,162.7085
2024-11-08,236.3409,206.0,196.119,45.1317,291.2005,161.4444
2024-11-09,235.62856666666667,205.56666666666663,195.45773333333327,45.1132,290.98713,161.14283333333333
2024-11-10,234.9162333333333,205.13333333333333,194.79646666666667,45.0947,290.77376,160.84126666666668
2024-11-11,234.2039,204.7,194.1352,45.0762,290.56039,160.5397
2024-11-12,233.0255,201.86,191.3666,44.5537,285.91049,158.4799
2024-11-13,227.789,197.78,186.2682,43.8911,279.4993,155.4967
2024-11-14,228.036,197.55,187.4261,43.8558,281.5896,155.3066
2024-11-15,227.7619,197.3949975,187.190875,43.8012,281.8573775,155.267025
2024-11-16,227.4878,197.239995,186.95565,43.7466,282.125155,155.22745
2024-11-17,227.2137,197.0849925,186.720425,43.692,282.39293250000003,155.18787500000002
2024-11-18,226.9396,196.92999,186.4852,43.6374,282.66071,155.1483
2024-11-19,228.2119,197.53999,188.481,43.7597,286.40591,155.9386
2024-11-20,228.10695,196.265,187.80295,43.59035,284.40776,155.41015
2024-11-21,228.002,194.99001,187.1249,43.421,282.40961,154.8817
2024-11-22,229.7791,198.12,188.5255,44.332,286.3512,158.0821
2024-11-23,230.48736666666667,199.48333666666667,189.5261333333333,44.53333333333333,287.2257,159.075
2024-11-24,231.1956333333333,200.8466733333333,190.52676666666667,44.73466666666667,288.1002,160.0679
2024-11-25,231.9039,202.21001,191.5274,44.936,288.9747,161.0608
2024-11-26,232.2714,201.24001,192.8833,44.8908,286.9024,160.6024
2024-11-27,232.578,202.94,194.8871,45.0814,289.29089,162.1892
2024-11-28,231.811,202.52,195.1079,44.5207,285.90051,161.302
2024-11-29,233.3647,203.95,196.3322,44.9499,288.06549,162.6466
2024-11-30,233.9752333333333,204.26,196.76656666666668,45.0233,288.91163,162.76643333333334
2024-12-01,234.58576666666667,204.57,197.20093333333327,45.0967,289.75777,162.88626666666667
2024-12-02,235.1963,204.88,197.6353,45.1701,290.60391,163.0061
2024-12-03,237.1944,208.0,199.0944,45.55,292.38229,164.5536
2024-12-04,238.2024,208.36,199.9368,45.6503,291.30389,164.36
2024-12-05,238.3248,209.28999,200.6842,46.0369,292.99399,164.9391
2024-12-06,238.0874,210.62,201.7878,46.0123,294.71411,165.659
2024-12-07,238.4345,210.88666666666663,201.9978,45.97886666666667,294.23683666666665,165.89913333333334
2024-12-08,238.7816,211.1533333333333,202.2078,45.94543333333333,293.75956333333335,166.13926666666666
2024-12-09,239.1287,211.42,202.4178,45.912,293.28229,166.3794
2024-12-10,240.3225,211.63,203.2063,45.8951,292.67319,166.4838
2024-12-11,241.6745,211.97,203.8399,45.9248,292.97491,166.564
2024-12-12,240.4386,210.48,202.2429,45.7115,290.53329,165.1999
2024-12-13,241.1041,211.02,201.9213,46.0817,291.45761,165.3942
2024-12-14,241.57426666666663,211.06666666666663,202.2632,46.031866666666666,291.5694766666667,165.46836666666667
2024-12-15,242.04443333333333,211.1133333333333,202.6051,45.98203333333333,291.6813433333333,165.54253333333335
2024-12-16,242.5146,211.16,202.947,45.9322,291.79321,165.6167
2024-12-17,240.8994,209.10001,201.5147,45.3732,288.138,164.0072
2024-12-18,239.9949,206.77,200.2587,45.1479,286.23099,162.0753
2024-12-19,239.7581,204.81,199.7523,44.7324,284.99069,161.2215
2024-12-20,234.9098,201.03999,195.4111,44.0131,279.63641,157.8735
2024-12-21,234.8435,201.20665666666665,195.01816666666667,44.08643333333333,279.34324,158.16143333333335
2024-12-22,234.7772,201.37332333333333,194.6252333333333,44.15976666666667,279.05007,158.44936666666666
2024-12-23,234.7109,201.53999,194.2323,44.2331,278.7569,158.7373
2024-12-24,234.3728,201.53999,194.7594,44.1921,280.3891,158.6403
2024-12-25,234.17775,201.68,194.55855,44.211650000000006,281.686005,158.78924999999998
2024-12-26,233.9827,201.82001,194.3577,44.2312,282.98291,158.9382
2024-12-27,233.5303,201.52,194.8107,44.3044,284.71689,158.699
2024-12-28,233.5419,200.82333,194.3811,44.217933333333335,283.6722633333333,158.18326666666667
2024-12-29,233.5535,200.12666,193.9515,44.13146666666667,282.62763666666666,157.66753333333335
2024-12-30,233.5651,199.42999,193.5219,44.045,281.58301,157.1518
2024-12-31,235.1548,200.25999,194.8581,44.0652,281.73199,158.0564
2025-01-01,235.1536,201.14,196.249,44.2391,284.69821,159.1569
2025-01-02,238.8325,203.42999,197.4485,45.016,293.01001,160.4085
2025-01-03,238.0124,202.34,197.0126,44.7415,291.90591,159.8033
2025-01-04,236.5395,200.7633333333333,195.19496666666663,44.48073333333333,289.76611,158.34986666666668
2025-01-05,235.0666,199.18666666666667,193.37733333333333,44.21996666666667,287.62631,156.8964333333333
2025-01-06,233.5937,197.61,191.5597,43.9592,285.48651,155.443
2025-01-07,235.1942,199.47,194.3965,44.1431,285.01559,157.4968
2025-01-08,233.8634,198.32001,191.7484,44.0328,283.15161,156.4016
2025-01-09,232.576,196.66,189.9305,43.7184,282.19769,154.8255
2025-01-10,229.1437,193.5,186.0948,43.4372,278.96741,152.3391
2025-01-11,226.9928,191.72,183.74886666666663,43.217866666666666,276.23861,150.66263333333333
2025-01-12,224.8419,189.94,181.40293333333327,42.99853333333333,273.50981,148.98616666666666
2025-01-13,222.691,188.16,179.057,42.7792,270.78101,147.3097
2025-01-14,225.9852,191.14,181.7164,43.0112,275.45871,149.3969
2025-01-15,226.7798,191.92,182.8091,43.0481,275.8356,150.4768
2025-01-16,228.3563,194.10001,184.8523,43.2947,277.79031,151.9076
2025-01-17,227.8059,194.62,184.8345,43.0655,277.3407,152.4109
2025-01-18,228.1091,195.04,185.13526666666667,43.1435,276.80553333333336,152.7528
2025-01-19,228.4123,195.46,185.4360333333333,43.2215,276.2703666666667,153.0947
2025-01-20,228.7155,195.88,185.7368,43.2995,275.7352,153.4366
2025-01-21,225.8401,192.7,182.3339,42.7208,270.58539,150.0667
2025-01-22,223.7887,191.85001,179.9124,42.8558,269.92639,148.6789
2025-01-23,226.9533,192.64,181.1666,42.9763,272.9816,149.7956
2025-01-24,224.5519,190.33,177.1145,42.66,269.742,147.7376
2025-01-25,222.8908333333333,189.38999666666663,175.49143333333333,42.4557,268.68743666666666,146.95786666666666
2025-01-26,221.22976666666668,188.4499933333333,173.86836666666665,42.2514,267.6328733333333,146.17813333333334
2025-01-27,219.5687,187.50999,172.2453,42.0471,266.57831,145.3984
2025-01-28,219.3539,187.2,169.3445,42.2478,268.22198,144.7345
2025-01-29,223.2396,190.08,173.834,42.6756,272.246,146.9166
2025-01-30,223.0325,190.33,173.9847,42.8026,271.7728,147.2479
2025-01-31,225.9981,193.75,176.9048,43.2084,276.21869,149.7184
2025-02-01,225.8699333333333,191.88333,176.1351,43.14866666666666,277.91913,148.37096666666667
2025-02-02,225.74176666666665,190.01666,175.3654,43.08893333333334,279.61957,147.02353333333332
2025-02-03,225.6136,188.14999,174.5957,43.0292,281.32001,145.6761
2025-02-04,227.2651,191.95,176.1747,43.7271,282.76041,148.5822
2025-02-05,226.979,193.50999,177.7433,43.7015,282.64819,148.8457
2025-02-06,226.3418,192.67999,177.4481,43.5513,281.2764,148.1223
2025-02-07,226.1901,191.47,176.5747,43.5011,282.36499,147.0803
2025-02-08,224.80886666666663,190.5666633333333,175.45586666666668,43.368,280.92933,146.3824
2025-02-09,223.4276333333333,189.66332666666665,174.33703333333332,43.2349,279.49367,145.6845
2025-02-10,222.0464,188.75999,173.2182,43.1018,278.05801,144.9866
2025-02-11,216.6592,184.73,168.3008,42.4619,271.14191,141.6005
2025-02-12,214.9817,184.19,167.6622,42.4668,268.41089,141.0281
2025-02-13,215.0337,184.19,167.1296,42.4996,267.97641,140.8543
2025-02-14,211.838,180.95,162.9322,42.2079,263.3468,138.5519
2025-02-15,211.9028333333333,181.31333,162.7433,42.201566666666665,263.14457,138.58883333333333
2025-02-16,211.96766666666667,181.67666,162.5544,42.19523333333333,262.94234,138.62576666666666
2025-02-17,212.0325,182.03999,162.3655,42.1889,262.74011,138.6627
2025-02-18,212.2872,181.36,160.7795,42.1321,261.67389,138.3296
2025-02-19,213.1591,183.28999,163.0179,42.1728,263.66171,139.7707
2025-02-20,213.9071,184.96001,165.0129,42.2112,266.75299,141.3074
2025-02-21,211.9026,184.57001,164.1121,41.9754,262.42569,140.9032
2025-02-22,211.2074,183.7833433333333,163.48066666666668,41.833533333333335,262.1829633333333,140.51226666666668
2025-02-23,210.5122,182.99667666666667,162.84923333333333,41.69166666666666,261.9402366666667,140.12133333333333
2025-02-24,209.817,182.21001,162.2178,41.5498,261.69751,139.7304
2025-02-25,209.5559,180.74001,161.3992,41.5304,262.21439,138.8842
2025-02-26,209.35515,180.310005,160.2962,41.52825,260.6476,137.9742
2025-02-27,209.1544,179.88,159.1932,41.5261,259.08081,137.0642
2025-02-28,205.3514,176.94,155.8372,40.7893,251.7086,135.0528
2025-03-01,205.5921,177.05333333333334,155.53006666666667,40.76983333333333,251.7238,135.128
2025-03-02,205.8328,177.16666666666666,155.22293333333332,40.750366666666665,251.739,135.2032
2025-03-03,206.0735,177.28,154.9158,40.7309,251.7542,135.2784
2025-03-04,206.857,178.31,156.7257,40.6807,250.4957,136.1545
2025-03-05,210.3221,182.39,160.2564,41.1651,256.81339,138.7695
2025-03-06,211.9877,184.83,162.623,41.5469,259.55151,140.6022
2025-03-07,211.5795,184.56,163.5139,41.5344,259.56491,140.2325
2025-03-08,211.03073333333333,183.75,162.61616666666666,41.45016666666667,258.41684,139.6505
2025-03-09,210.48196666666664,182.94,161.71843333333334,41.36593333333333,257.26877,139.0685
2025-03-10,209.9332,182.13,160.8207,41.2817,256.1207,138.4865
2025-03-11,210.5325,182.13,160.344,41.2472,255.08031,139.2561
2025-03-12,209.9068,181.63,160.084,41.1926,255.80611,138.8728
2025-03-13,208.8968,180.99001,158.9539,41.0176,253.5815,138.3353
2025-03-14,209.335375,181.07500750000003,158.96815,41.066925,254.024625,138.59064999999998
2025-03-15,209.77395,181.160005,158.98239999999998,41.11625,254.46775,138.846
2025-03-16,210.21252500000003,181.2450025,158.99665,41.165575,254.910875,139.10135
2025-03-17,210.6511,181.33,159.0109,41.2149,255.354,139.3567
2025-03-18,213.5355,184.58,162.7668,41.8037,260.67999,142.2267
2025-03-19,216.5298,187.32001,165.3145,42.0201,263.07932,144.6625
2025-03-20,218.6715,188.96001,166.859,42.4936,266.28149,145.4879
2025-03-21,221.6113,191.78999,169.5103,42.8035,268.37979,147.3507
2025-03-22,221.97916666666663,192.54332666666667,170.26253333333332,43.00033333333333,269.0349933333333,148.1113
2025-03-23,222.3470333333333,193.29666333333333,171.01476666666667,43.19716666666667,269.6901966666667,148.87189999999998
2025-03-24,222.7149,194.05,171.767,43.394,270.3454,149.6325
2025-03-25,221.8059,192.92999,169.508,43.4069,267.48792,148.2707
2025-03-26,220.4976,192.06,167.0751,43.051,266.62219,146.6926
