date,Evli Corporate Bond Fund,BlackRock Euro Corporate Bond Fund,Vontobel Euro Bond Fund,Morgan Stanley Euro Bond Fund,Robeco Euro Credit Bond Fund,Baillie Gifford European Growth Fund,PIMCO GIS Treasury Bond Fund,Franklin Templeton Euro Bond Fund
2016-04-01,229.852,15.79,152.96,40.51,144.98,65.5,187.88,18.63
2016-04-04,230.116,15.76,153.07,40.57,145.15,65.75,187.67,18.54
2016-04-05,230.255,15.79,153.17,40.65,145.43,63.75,187.87,18.32
2016-04-06,230.23,15.79,153.05,40.61,145.35,64.5,187.52,18.32
2016-04-07,230.278,15.8,153.08,40.65,145.53,64.4,187.16,18.14
2016-04-08,230.219,15.79,153.0,40.59,145.43,64.8,187.45,18.15
2016-04-11,230.106,15.77,152.93,40.55,145.28,64.8,187.11,18.27
2016-04-12,229.881,15.76,152.72,40.52,145.01,65.275,186.97,18.42
2016-04-13,230.218,15.76,153.04,40.54,145.04,66.7,187.19,18.61
2016-04-14,230.305,15.77,153.06,40.6,145.58,67.5,187.09,18.64
2016-04-15,230.593,15.79,153.3,40.65,145.34,67.8,187.2,18.47
2016-04-18,230.508,15.79,153.2,40.79,145.2,67.8,187.13,18.43
2016-04-19,230.795,15.79,153.29,40.7,145.3,67.75,186.75,18.55
2016-04-20,230.939,15.81,153.42,40.77,145.67,68.1,186.9,18.74
2016-04-21,231.027,15.8,153.42,40.76,145.58,68.3,186.45,18.61
2016-04-22,231.584,15.83,153.76,40.93,145.9,68.15,186.09,18.78
2016-04-25,231.506,15.83,153.66,40.92,145.9,67.2,185.58,18.7
2016-04-26,231.356,15.81,153.46,40.89,145.65,68.35,185.59,18.77
2016-04-27,231.323,15.81,153.46,40.88,145.66,69.0,185.58,18.8
2016-04-28,231.333,15.83,153.55,40.9,145.8,67.55,185.91,18.58
2016-04-29,231.211,15.81,153.46,40.87,145.69,67.9,185.7,18.45
2016-05-03,231.439,15.84,153.6,40.95,146.16,67.75,186.66,18.15
2016-05-04,231.202,15.84,153.44,40.85,146.17,67.5,186.41,18.06
2016-05-06,231.306,15.85,153.57,40.89,146.25,66.5,186.71,18.17
2016-05-09,231.268,15.85,153.58,40.85,146.24,67.475,186.88,18.05
2016-05-10,231.091,15.85,153.49,40.83,146.18,66.85,187.09,18.23
2016-05-11,231.003,15.84,153.5,40.83,146.1,67.0,186.94,18.16
2016-05-12,230.804,15.83,153.36,40.79,145.93,67.5,186.75,18.27
2016-05-13,230.869,15.83,153.47,40.78,145.91,66.9,186.93,18.19
2016-05-17,230.905,15.82,153.45,40.79,146.02,66.0,187.27,18.24
2016-05-18,230.768,15.81,153.27,40.73,146.28,65.2,186.78,18.23
2016-05-19,230.645,15.8,153.21,40.73,145.87,64.2,187.0,18.19
2016-05-20,230.731,15.8,153.25,40.73,145.84,65.4,186.97,18.25
2016-05-23,230.685,15.8,153.27,40.75,145.83,65.1,187.03,18.09
2016-05-24,230.842,15.8,153.39,40.76,145.85,64.825,187.25,18.18
2016-05-25,231.19,15.82,153.79,40.83,146.04,65.2,187.76,18.22
2016-05-26,231.413,15.83,153.98,40.89,146.17,65.05,187.72,18.19
2016-05-27,231.467,15.85,154.06,40.91,146.13,65.6,187.92,18.3
2016-05-31,231.664,15.83,154.18,40.89,146.26,66.4,187.64,18.23
2016-06-01,231.697,15.86,154.14,40.95,146.27,65.1,187.91,18.09
2016-06-02,231.877,15.86,154.24,40.94,146.42,66.5,187.89,18.05
2016-06-03,232.198,15.89,154.53,41.04,146.72,66.5,188.4,17.84
2016-06-06,232.289,15.9,154.44,41.02,146.64,67.5,188.23,18.02
2016-06-07,232.615,15.92,154.73,41.09,146.84,67.1,188.59,18.13
2016-06-08,232.838,15.93,154.88,41.13,146.92,67.2,188.83,18.13
2016-06-09,232.988,15.95,155.53,41.21,147.08,66.5,189.38,18.13
2016-06-10,232.813,15.96,155.0,41.21,147.15,66.25,189.26,17.99
2016-06-13,232.366,15.95,154.64,41.12,146.99,64.6,188.74,17.77
2016-06-14,231.886,15.94,154.28,41.03,146.93,63.2,188.48,17.79
2016-06-15,232.124,15.93,154.36,41.02,146.98,64.35,188.49,17.74
2016-06-16,231.843,15.93,154.2,41.01,146.84,63.0,188.08,17.62
2016-06-17,231.935,15.92,154.19,40.96,146.76,64.95,188.4,17.68
2016-06-20,232.37,15.92,154.48,41.02,146.82,64.5,188.78,17.76
2016-06-21,232.508,15.93,154.62,41.1,146.98,64.85,188.74,17.93
2016-06-22,232.61,15.93,154.69,41.11,147.0,64.45,188.82,17.92
2016-06-27,230.759,15.92,153.81,41.1,146.27,61.85,189.92,17.61
2016-06-28,231.044,15.93,153.98,40.82,146.57,63.0,190.63,17.85
2016-06-29,231.785,15.97,154.05,40.99,146.97,63.5,191.14,18.1
2016-06-30,232.014,15.99,154.84,41.04,147.25,62.95,191.3,18.19
2016-07-01,232.591,16.05,155.36,41.2,147.62,64.2,191.93,18.11
2016-07-04,233.127,16.09,155.72,41.04,147.88,63.175,191.79,18.05
2016-07-05,233.273,16.08,155.78,41.33,148.04,62.65,191.93,17.87
2016-07-06,233.034,16.09,155.57,41.29,147.89,62.1,192.09,17.76
2016-07-07,233.129,16.08,155.57,41.28,147.88,63.0,191.78,17.73
2016-07-08,233.402,16.1,155.88,41.35,148.0,64.05,192.27,17.77
2016-07-11,233.76,16.12,156.08,41.44,148.11,65.5,192.21,18.04
2016-07-12,234.11,16.13,156.2,41.5,148.13,64.6,191.85,18.28
2016-07-13,234.643,16.2,157.17,41.67,148.6,66.0,192.08,18.22
2016-07-14,234.783,16.17,156.78,41.66,148.61,66.5,191.65,18.37
2016-07-15,234.701,16.19,156.68,41.71,148.58,66.5,191.41,18.38
2016-07-18,234.985,16.21,156.88,41.8,148.79,67.5,191.47,18.47
2016-07-19,235.083,16.21,157.0,41.82,148.78,67.5,191.63,18.45
2016-07-20,235.141,16.25,157.03,41.83,148.88,67.3,191.58,18.51
2016-07-21,235.384,16.22,157.25,41.87,148.93,67.0,191.52,18.39
2016-07-22,235.499,16.23,157.34,41.95,149.08,68.4,191.7,18.48
2016-07-25,235.691,16.26,157.51,42.01,149.31,68.4,192.11,18.32
2016-07-26,235.643,16.27,157.47,42.0,149.23,68.0,192.08,18.21
2016-07-27,235.864,16.27,157.73,42.03,149.5,69.4,192.39,18.17
2016-07-28,235.793,16.27,157.74,42.01,149.52,68.45,192.39,18.17
2016-07-29,235.943,16.28,157.94,42.05,149.68,68.6,192.87,17.94
2016-08-01,236.039,16.29,157.98,42.22,149.63,69.25,192.98,17.96
2016-08-02,235.717,16.26,157.62,41.98,149.3,68.625,192.2,17.8
2016-08-03,235.671,16.29,157.55,41.97,149.7,68.0,192.33,17.88
2016-08-04,236.116,16.27,158.04,42.08,149.69,68.5,192.78,17.93
2016-08-05,236.207,16.3,158.14,42.07,149.63,67.6,192.6,18.14
2016-08-08,236.471,16.3,157.87,42.11,149.75,68.6,192.52,18.16
2016-08-09,236.737,16.31,158.5,42.18,149.91,69.5,192.86,18.15
2016-08-10,236.999,16.37,158.78,42.26,150.61,70.3,193.22,18.11
2016-08-11,237.005,16.34,158.7,42.27,150.15,70.5,193.32,18.24
2016-08-12,237.127,16.34,158.8,42.28,150.04,71.3,193.34,18.08
2016-08-16,237.018,16.33,158.51,42.22,149.91,71.7,192.83,18.01
2016-08-17,237.035,16.31,158.56,42.24,150.0,71.2,192.88,17.93
2016-08-18,237.19,16.33,158.72,42.29,150.12,71.1,193.31,17.82
2016-08-19,237.03,16.32,158.49,42.25,149.98,71.0,193.01,17.86
2016-08-22,237.284,16.33,158.76,42.28,150.21,71.9,193.21,17.8
2016-08-23,237.347,16.34,158.83,42.31,150.29,70.8,193.33,17.71
2016-08-24,237.393,16.34,158.9,42.32,150.29,70.3,193.15,17.77
2016-08-25,237.369,16.33,158.84,42.29,150.3,71.0,192.87,17.84
2016-08-26,237.47,16.33,158.83,42.32,150.46,70.0,192.9,17.93
2016-08-30,237.733,16.35,159.04,42.37,150.53,70.625,193.08,17.97
2016-08-31,237.794,16.32,158.94,42.38,150.45,71.5,192.89,17.98
2016-09-01,237.829,16.33,158.88,42.32,150.47,70.525,192.14,17.93
2016-09-02,237.824,16.34,158.8,42.34,150.62,70.85,192.1,18.11
2016-09-05,238.017,16.34,158.92,42.37,150.48,70.6,192.29,18.1
2016-09-06,238.387,16.36,159.3,42.41,151.11,70.5,193.06,18.07
2016-09-07,238.462,16.39,159.37,42.5,150.93,70.8,193.56,18.07
2016-09-08,238.176,16.37,159.06,42.46,150.64,70.8,193.03,17.99
2016-09-09,237.703,16.33,158.57,42.33,150.31,71.0,191.56,17.89
2016-09-12,237.109,16.29,158.15,42.24,149.91,70.0,191.32,17.82
2016-09-13,237.026,16.29,157.93,42.25,150.01,69.6,191.28,17.75
2016-09-14,237.147,16.25,158.02,42.21,150.03,69.8,191.31,17.66
2016-09-15,237.022,16.26,157.85,42.16,149.9,69.8,190.87,17.66
2016-09-16,237.026,16.27,157.87,42.17,149.98,71.05,191.19,17.7
2016-09-19,237.045,16.27,157.89,42.17,149.89,70.95,191.3,17.64
2016-09-20,237.075,16.28,158.04,42.2,149.96,70.1,192.02,17.62
2016-09-21,237.006,16.28,157.98,42.17,149.76,71.75,191.82,17.58
2016-09-22,237.668,16.31,158.58,42.33,150.23,71.4,192.95,17.64
2016-09-23,237.753,16.31,158.59,42.33,150.2,72.3,192.75,17.59
2016-09-26,237.798,16.33,158.66,42.35,150.34,71.0,193.04,17.46
2016-09-27,237.662,16.35,158.64,42.34,150.38,72.05,193.14,17.62
2016-09-28,237.721,16.35,158.7,42.35,150.4,71.2,193.34,17.66
2016-09-29,237.638,16.34,158.6,42.32,150.26,72.0,193.03,17.64
2016-09-30,237.469,16.34,158.48,42.32,150.1,72.25,193.23,17.68
2016-10-03,237.472,16.33,158.43,42.3,149.99,73.4,193.02,17.81
2016-10-04,237.441,16.32,158.29,42.29,150.04,73.5,192.72,17.87
2016-10-05,237.269,16.29,158.08,42.24,149.71,72.9,191.67,18.02
2016-10-06,237.431,16.28,158.12,42.23,149.73,73.5,191.52,18.08
2016-10-07,237.308,16.27,157.9,42.24,149.64,74.5,191.58,17.95
2016-10-10,237.269,16.26,157.76,42.2,149.48,74.9,191.15,18.07
2016-10-11,237.415,16.26,157.85,42.18,149.56,75.55,191.28,18.12
2016-10-12,237.271,16.25,157.63,42.17,149.4,76.4,190.98,18.18
2016-10-13,237.321,16.25,157.69,42.21,149.52,74.9,191.34,18.08
2016-10-14,237.386,16.25,157.66,42.17,149.54,75.4,191.22,18.19
2016-10-17,237.468,16.25,157.73,42.19,149.62,75.0,191.06,18.13
2016-10-18,237.718,16.26,157.94,42.22,149.78,75.3,191.17,18.23
2016-10-19,237.941,16.27,158.08,42.27,149.88,75.45,191.42,18.25
2016-10-20,238.186,16.28,158.26,42.31,150.1,76.2,191.63,18.35
2016-10-21,238.251,16.3,158.28,42.34,150.11,76.0,191.81,18.36
2016-10-24,238.358,16.28,158.28,42.35,150.03,75.8,191.71,18.48
2016-10-25,238.343,16.29,157.8,42.34,150.08,76.175,191.54,18.49
2016-10-26,238.201,16.26,157.99,42.26,149.73,75.725,190.73,18.43
2016-10-27,237.989,16.24,157.56,42.18,149.42,75.725,189.73,18.45
2016-10-28,237.838,16.21,157.43,42.17,149.44,75.8,189.25,18.28
2016-10-31,237.985,16.22,157.47,42.18,149.41,76.0,189.44,18.32
2016-11-02,237.943,16.19,156.97,42.19,149.59,75.15,189.6,17.95
2016-11-03,237.89,16.2,157.27,42.14,149.39,74.8,189.34,17.94
2016-11-04,237.879,16.21,157.29,42.15,149.43,73.5,189.43,17.93
2016-11-07,237.981,16.21,157.29,42.12,149.28,74.0,189.52,18.25
2016-11-08,237.953,16.21,157.22,42.15,149.11,74.2,189.51,18.39
2016-11-09,237.611,16.19,156.95,42.06,149.04,73.6,188.82,18.15
2016-11-10,237.511,16.14,156.63,41.94,148.62,74.5,186.72,17.83
2016-11-11,237.032,16.12,156.21,41.9,148.37,74.45,185.64,17.65
2016-11-14,236.572,16.08,155.75,41.72,148.04,74.8,184.4,17.85
2016-11-15,236.741,16.09,155.86,41.83,148.1,74.6,186.46,17.98
2016-11-16,236.521,16.04,155.63,41.75,147.9,74.125,185.87,18.02
2016-11-17,236.515,16.06,155.42,41.71,147.88,74.2,185.49,18.1
2016-11-18,236.389,16.05,155.18,41.66,147.64,73.45,185.97,18.15
2016-11-21,236.371,16.03,155.05,41.62,147.6,72.8,185.5,18.2
2016-11-22,236.894,16.07,155.52,41.71,147.94,73.25,186.12,18.17
2016-11-23,236.759,16.06,155.29,41.65,147.67,72.8,184.97,18.24
2016-11-24,236.894,16.09,155.3,41.71,147.82,72.6,185.54,18.24
2016-11-25,236.964,16.08,155.3,41.72,147.87,72.5,185.4,18.18
2016-11-28,237.037,16.1,155.39,41.75,147.9,72.3,185.3,18.14
2016-11-29,237.038,16.07,155.41,41.7,147.85,73.1,185.96,18.11
2016-11-30,236.986,16.07,155.24,41.69,147.7,71.9,185.75,18.39
2016-12-01,236.721,16.05,154.88,41.59,147.46,71.2,184.83,18.24
2016-12-02,236.921,16.05,155.16,41.62,147.55,70.5,185.68,18.2
2016-12-05,236.771,16.01,154.96,41.4,147.26,71.0,184.95,18.29
2016-12-07,237.089,16.03,155.35,41.62,147.29,73.25,186.15,18.49
2016-12-08,237.298,16.02,155.45,41.59,147.31,74.85,185.27,18.58
2016-12-09,237.51,16.07,155.54,41.72,147.58,75.0,185.04,18.7
2016-12-12,237.57,16.05,155.53,41.53,147.39,74.9,184.55,18.7
2016-12-13,237.94,16.08,155.87,41.76,147.72,76.0,185.69,18.72
2016-12-14,238.241,16.11,156.23,41.85,148.06,76.0,186.62,18.85
2016-12-15,238.082,16.12,156.01,41.77,147.84,76.1,186.06,18.99
2016-12-16,238.265,16.11,156.2,41.88,148.06,77.4,186.29,18.91
2016-12-19,238.567,16.13,156.52,41.94,148.39,77.5,186.86,18.94
2016-12-20,238.481,16.14,156.48,41.95,148.33,78.0,187.08,19.0
2016-12-21,238.595,16.15,156.57,41.99,148.4,78.0,187.27,18.99
2016-12-22,238.597,16.14,156.51,41.98,148.38,78.1,186.96,18.99
2016-12-28,239.014,16.18,156.89,42.08,148.79,78.0,187.44,18.99
2016-12-29,238.999,16.19,156.94,42.11,148.88,78.2,187.67,18.93
2016-12-30,238.964,16.18,156.85,42.09,148.76,79.35,187.07,18.9
2017-01-03,239.139,16.17,156.84,42.05,148.55,80.575,186.21,18.96
2017-01-04,239.292,16.17,156.89,42.08,148.57,81.0,185.99,18.85
2017-01-05,239.324,16.16,156.93,42.07,148.59,78.5,185.41,18.75
2017-01-09,239.295,16.15,156.86,42.05,148.41,79.4,185.76,18.75
2017-01-10,239.171,16.15,156.77,42.03,148.42,79.475,185.84,18.65
2017-01-11,239.196,16.13,156.94,42.02,148.51,80.5,186.25,18.58
2017-01-12,239.154,16.14,156.86,42.04,148.63,80.025,186.06,18.6
2017-01-13,239.191,16.13,156.78,41.99,148.48,80.1,185.55,18.61
2017-01-16,239.357,16.14,156.86,42.08,148.59,80.3,185.79,18.56
2017-01-17,239.339,16.17,157.35,42.09,148.67,80.0,186.2,18.44
2017-01-18,239.319,16.15,156.7,42.02,148.48,79.2,185.9,18.54
2017-01-19,239.336,16.13,156.58,41.96,148.4,79.7,185.12,18.58
2017-01-20,239.258,16.13,156.42,41.85,148.18,79.55,184.76,18.65
2017-01-23,239.53,16.13,156.77,41.92,148.52,79.5,185.0,18.58
2017-01-24,239.413,16.14,156.07,41.91,148.4,79.225,185.26,18.64
2017-01-25,239.421,16.13,155.93,41.98,148.12,80.5,184.33,18.72
2017-01-26,239.397,16.1,156.3,42.0,148.02,81.0,183.62,18.8
2017-01-27,239.424,16.07,156.35,42.0,148.12,79.8,183.41,18.92
2017-01-30,239.415,16.09,156.26,41.99,148.19,80.25,182.77,18.89
2017-01-31,239.414,16.06,156.31,41.98,148.18,80.325,183.31,18.71
2017-02-01,239.442,16.08,156.18,41.95,148.06,80.05,182.76,18.83
2017-02-02,239.66,16.11,156.39,42.03,148.27,80.225,183.42,18.88
2017-02-03,239.947,16.11,156.52,42.04,148.25,80.05,183.3,18.94
2017-02-06,240.289,16.13,156.67,42.09,147.37,79.85,182.38,18.84
2017-02-07,240.292,16.13,156.7,42.09,148.68,79.65,182.5,18.91
2017-02-08,240.386,16.15,156.89,42.14,148.79,81.0,183.15,18.79
2017-02-09,240.399,16.16,156.93,42.13,148.85,80.45,183.91,18.95
2017-02-10,240.579,16.15,156.92,42.12,148.78,80.7,183.24,19.03
2017-02-13,240.689,16.15,156.96,42.15,148.76,80.9,183.37,19.12
2017-02-14,240.747,16.15,156.93,42.17,148.7,81.2,183.23,19.23
2017-02-15,240.915,16.14,156.99,42.16,148.72,80.85,183.11,19.23
2017-02-16,240.972,16.15,157.15,42.19,148.89,80.8,183.53,19.05
2017-02-17,241.218,16.18,157.33,42.26,149.1,80.8,183.65,19.01
2017-02-20,241.399,16.18,157.42,42.27,149.19,80.8,183.44,19.06
2017-02-21,241.477,16.18,157.4,42.25,149.1,80.75,183.05,19.23
2017-02-22,241.621,16.21,157.5,42.35,149.27,80.75,182.95,19.24
2017-02-23,241.868,16.21,157.77,42.39,149.52,80.85,183.82,19.28
2017-02-24,242.052,16.26,158.05,42.45,149.78,79.5,184.37,19.14
2017-02-27,242.097,16.25,158.12,42.35,149.76,79.275,184.88,19.17
2017-02-28,242.137,16.24,158.16,42.48,149.75,79.0,185.38,19.11
2017-03-01,241.912,16.22,157.88,42.39,149.31,80.5,184.89,19.32
2017-03-02,241.917,16.21,157.79,42.42,149.26,81.0,184.79,19.31
2017-03-03,241.721,16.19,157.63,42.39,149.02,81.75,184.71,19.33
2017-03-06,241.893,16.19,157.68,42.43,149.15,81.5,184.65,19.34
2017-03-07,242.049,16.21,157.73,42.45,149.4,81.5,184.32,19.42
2017-03-08,241.735,16.19,157.38,42.37,149.06,82.1,183.66,19.27
2017-03-09,241.421,16.15,157.05,42.3,148.9,81.6,183.21,19.21
2017-03-10,241.126,16.11,156.76,42.29,148.49,81.5,182.67,19.26
2017-03-13,241.14,16.13,156.79,42.29,148.6,81.7,182.68,19.32
2017-03-14,241.232,16.13,156.87,42.28,148.71,81.75,182.55,19.28
2017-03-15,241.409,16.14,157.11,42.21,148.85,81.55,183.24,19.25
2017-03-16,241.461,16.14,157.07,42.37,148.73,82.0,182.83,19.28
2017-03-17,241.543,16.14,157.16,42.35,148.72,83.3,182.81,19.3
2017-03-20,241.627,16.14,157.24,42.34,148.77,82.75,182.66,19.34
2017-03-21,241.514,16.13,157.24,42.36,148.72,82.675,183.12,19.19
2017-03-22,241.585,16.16,157.44,42.51,148.95,83.05,183.77,19.15
2017-03-23,241.532,16.17,157.34,42.4,148.85,82.3,183.91,19.17
2017-03-24,241.632,16.16,157.5,42.41,148.92,82.425,184.11,19.27
2017-03-27,241.586,16.18,157.51,42.44,148.88,81.4,184.53,19.14
2017-03-28,241.717,16.18,157.6,42.44,149.01,82.5,184.82,19.17
2017-03-29,242.081,16.2,157.92,42.51,149.3,83.55,185.03,19.3
2017-03-30,242.109,16.21,157.97,42.52,149.31,82.7,184.92,19.44
2017-03-31,242.244,16.21,158.01,42.54,149.32,84.0,184.84,19.42
2017-04-03,242.641,16.21,158.32,42.6,149.67,83.45,184.65,19.41
2017-04-04,242.637,16.28,158.35,42.66,149.74,83.15,185.29,19.43
2017-04-05,242.734,16.26,158.4,42.61,149.74,83.9,185.28,19.4
2017-04-06,242.681,16.26,158.37,42.64,149.69,83.475,185.39,19.41
2017-04-07,242.892,16.27,158.55,42.69,149.9,83.85,185.9,19.53
2017-04-10,243.125,16.28,158.71,42.67,150.01,83.9,185.45,19.44
2017-04-11,243.093,16.28,158.68,42.69,150.09,83.95,185.14,19.29
2017-04-12,243.082,16.28,158.67,42.67,150.1,84.55,185.15,19.26
2017-04-13,243.161,16.29,158.74,42.71,150.23,84.075,185.45,19.28
2017-04-18,243.295,16.28,158.91,42.7,150.27,83.65,185.43,19.18
2017-04-19,243.066,16.28,158.68,42.66,150.04,83.425,185.84,19.13
2017-04-20,242.988,16.25,158.57,42.75,149.92,83.0,185.42,19.18
2017-04-21,243.069,16.25,158.6,42.67,149.78,83.05,185.4,19.16
2017-04-24,243.083,16.24,158.7,42.65,149.61,85.375,185.67,19.18
2017-04-25,243.121,16.23,158.59,42.69,149.53,85.3,185.4,19.2
2017-04-26,243.452,16.26,158.87,42.75,149.82,85.975,184.93,19.09
2017-04-27,243.87,16.27,159.21,42.82,150.14,85.0,185.43,19.16
2017-04-28,243.988,16.29,159.25,42.85,150.15,85.5,185.54,19.22
2017-05-02,244.178,16.3,159.37,42.91,150.2,86.45,185.53,19.3
2017-05-03,244.38,16.32,159.53,42.95,150.32,86.2,185.81,19.38
2017-05-04,244.34,16.3,159.44,42.91,150.23,87.7,185.59,19.21
2017-05-05,244.251,16.3,159.4,42.91,150.12,88.3,185.71,19.24
2017-05-08,244.466,16.3,159.54,42.94,150.28,89.5,185.55,19.17
2017-05-09,244.595,16.29,159.58,42.95,150.34,90.475,184.96,19.25
2017-05-10,244.685,16.32,159.72,43.02,150.47,91.0,185.51,19.34
2017-05-11,244.777,16.3,159.71,42.98,150.45,90.775,184.96,19.39
2017-05-12,244.809,16.31,159.85,43.02,150.58,91.025,185.2,19.36
2017-05-15,244.757,16.31,159.71,42.97,150.4,91.075,184.99,19.44
2017-05-16,244.661,16.29,159.65,42.95,150.35,90.7,185.26,19.35
2017-05-17,244.754,16.31,159.82,42.97,150.51,89.875,185.79,19.03
2017-05-18,244.503,16.32,159.7,42.9,150.42,88.95,186.27,18.59
2017-05-19,244.616,16.31,159.73,42.9,150.39,89.575,186.25,18.75
2017-05-22,244.707,16.3,159.72,42.91,150.3,89.75,186.02,18.72
2017-05-23,244.756,16.29,159.67,42.93,150.28,90.075,186.22,18.86
2017-05-24,244.884,16.28,159.75,42.91,150.48,90.25,186.22,18.87
2017-05-26,245.27,16.31,160.14,43.03,150.66,92.0,186.87,18.95
2017-05-30,245.544,16.36,160.29,43.07,150.89,91.0,186.7,18.83
2017-05-31,245.638,16.36,160.29,43.08,150.94,91.6,187.03,18.86
2017-06-01,245.698,16.35,160.23,43.05,150.83,92.0,186.36,18.94
2017-06-02,245.94,16.36,160.44,43.1,150.96,92.5,186.69,18.78
2017-06-06,245.949,16.37,160.58,43.11,151.11,92.5,186.89,18.83
2017-06-07,245.85,16.39,160.47,43.11,151.15,92.8,186.69,18.88
2017-06-08,245.894,16.38,160.51,43.09,151.07,91.425,187.26,18.86
2017-06-09,245.925,16.37,160.5,43.09,150.97,92.5,187.58,18.9
2017-06-12,246.015,16.38,160.61,43.12,151.05,93.1,188.08,18.86
2017-06-13,246.019,16.37,160.62,43.12,151.01,93.0,188.14,18.91
2017-06-14,246.284,16.37,161.02,43.2,151.3,92.55,188.56,18.9
2017-06-15,245.943,16.35,160.72,43.09,150.91,91.55,187.87,19.0
2017-06-16,246.073,16.37,160.83,43.14,151.13,90.8,188.16,18.96
2017-06-19,246.132,16.38,160.95,43.15,151.19,91.8,188.11,19.07
2017-06-20,246.338,16.39,161.69,43.21,151.34,92.8,188.53,18.93
2017-06-21,246.186,16.39,161.13,43.2,151.4,91.6,188.72,18.87
2017-06-22,246.224,16.4,161.17,43.23,151.46,91.6,188.99,18.91
2017-06-26,246.387,16.42,161.38,43.28,151.53,92.05,188.85,19.04
2017-06-27,245.761,16.39,160.72,43.17,151.34,93.0,187.66,18.93
2017-06-28,245.713,16.36,160.7,43.1,150.94,92.6,187.26,18.98
2017-06-29,245.209,16.32,160.23,43.02,150.83,93.25,186.46,18.87
2017-06-30,245.118,16.33,160.13,42.99,150.4,92.9,186.09,18.88
2017-07-03,245.181,16.31,160.17,43.02,150.39,93.0,186.2,18.97
2017-07-04,245.292,16.32,160.26,43.05,150.61,92.0,186.26,19.0
2017-07-05,245.381,16.35,160.37,43.07,151.07,92.2,185.99,18.94
2017-07-06,244.86,16.3,159.93,42.99,150.33,90.75,184.9,18.9
2017-07-07,244.729,16.25,159.77,42.96,150.32,91.325,184.61,19.02
2017-07-10,244.856,16.32,159.97,43.0,150.78,91.45,184.91,19.0
2017-07-11,244.792,16.29,159.92,42.98,150.42,90.7,184.8,18.94
2017-07-12,245.127,16.32,160.28,43.06,150.74,91.325,185.34,19.02
2017-07-13,245.171,16.35,160.27,43.08,150.66,90.8,185.32,19.07
2017-07-14,245.236,16.35,160.38,43.13,150.7,90.7,185.54,19.05
2017-07-17,245.465,16.35,160.63,43.15,150.84,90.8,185.57,19.06
2017-07-18,245.64,16.36,160.88,43.11,151.02,90.7,185.96,18.98
2017-07-19,245.775,16.38,161.01,43.23,151.16,91.525,186.23,18.99
2017-07-20,245.942,16.38,161.17,43.26,151.2,91.05,186.54,18.95
2017-07-21,246.122,16.41,161.39,43.32,151.49,91.875,186.76,18.83
2017-07-24,246.234,16.42,161.44,43.35,151.52,92.15,186.93,18.82
2017-07-25,246.125,16.4,161.19,43.29,151.18,91.2,186.25,18.85
2017-07-26,246.283,16.4,161.31,43.41,151.29,91.15,186.17,18.79
2017-07-27,246.509,16.42,161.54,43.49,151.56,91.2,186.41,18.84
2017-07-28,246.545,16.4,161.53,43.37,151.51,91.2,186.12,18.74
2017-07-31,246.653,16.41,161.61,43.4,151.55,91.0,186.4,18.67
2017-08-01,246.953,16.43,162.01,43.46,151.98,91.8,186.87,18.68
2017-08-02,247.079,16.46,162.11,43.53,152.08,91.8,187.32,18.73
2017-08-03,247.209,16.47,162.29,43.55,152.25,91.95,187.53,18.65
2017-08-04,247.264,16.48,162.26,43.55,152.18,92.5,187.39,18.76
2017-08-07,247.364,16.48,162.33,43.57,152.24,93.5,187.44,18.73
2017-08-08,247.233,16.48,162.16,43.54,152.08,93.6,187.45,18.64
2017-08-09,247.206,16.49,162.17,43.54,152.21,93.6,187.81,18.54
2017-08-10,247.129,16.49,162.12,43.56,152.31,93.65,187.82,18.41
2017-08-11,246.995,16.49,162.02,43.5,152.26,93.225,187.99,18.4
2017-08-14,247.139,16.48,162.11,43.51,152.12,94.0,187.78,18.55
2017-08-16,247.18,16.48,162.08,43.49,152.12,93.5,187.33,18.67
2017-08-17,247.206,16.48,162.17,43.52,152.22,93.3,187.44,18.55
2017-08-18,247.12,16.49,162.08,43.54,152.26,92.25,187.86,18.59
2017-08-21,247.173,16.49,162.12,43.52,152.26,92.3,187.84,18.52
2017-08-22,247.182,16.49,162.04,43.5,152.19,94.0,187.32,18.64
2017-08-23,247.24,16.49,162.04,43.5,152.28,92.85,187.4,18.57
2017-08-24,247.332,16.49,162.04,43.52,152.23,92.5,187.59,18.63
2017-08-25,247.343,16.48,162.05,43.5,152.22,93.35,187.33,18.57
2017-08-29,247.48,16.5,162.16,43.55,152.41,92.75,187.86,18.47
2017-08-30,247.507,16.5,162.11,43.5,152.27,92.0,187.66,18.64
2017-08-31,247.554,16.49,162.13,43.53,152.21,92.775,188.05,18.58
2017-09-01,247.478,16.49,162.05,43.5,152.11,93.025,187.55,18.68
2017-09-04,247.558,16.49,162.1,43.52,152.18,92.775,187.79,18.62
2017-09-05,247.684,16.47,162.32,43.56,152.4,92.1,188.08,18.53
2017-09-06,247.629,16.49,162.15,43.54,152.27,92.05,188.13,18.65
2017-09-07,247.808,16.49,162.39,43.66,152.53,93.05,188.55,18.54
2017-09-08,247.782,16.5,162.31,43.56,152.45,93.05,188.27,18.4
2017-09-11,247.835,16.5,162.27,43.57,152.45,93.95,188.12,18.62
2017-09-12,247.711,16.49,162.06,43.55,152.16,92.6,187.79,18.63
2017-09-13,247.71,16.47,162.06,43.62,152.11,92.9,187.39,18.73
2017-09-14,247.672,16.48,161.99,43.61,152.12,91.6,187.35,18.73
2017-09-15,247.573,16.46,161.89,43.51,151.98,90.7,187.33,18.76
2017-09-18,247.656,16.45,161.92,43.52,151.99,91.35,187.18,18.79
2017-09-19,247.729,16.47,162.0,43.55,152.1,91.075,187.55,18.73
2017-09-20,247.79,16.47,162.06,43.58,152.24,90.65,187.47,18.87
2017-09-21,247.717,16.46,161.95,43.55,152.14,90.65,187.17,18.83
2017-09-22,247.726,16.46,161.98,43.55,152.11,91.45,187.31,18.83
2017-09-25,247.97,16.48,162.23,43.69,152.45,90.9,187.35,18.77
2017-09-26,247.959,16.49,162.19,43.6,152.31,90.6,187.36,18.81
2017-09-27,247.771,16.46,161.94,43.54,152.06,91.0,186.69,18.78
2017-09-28,247.746,16.45,161.88,43.53,151.95,91.675,186.77,18.74
2017-09-29,247.808,16.48,161.98,43.56,152.02,91.95,186.98,18.79
2017-10-02,247.981,16.48,162.04,43.68,152.11,93.5,186.89,18.85
2017-10-03,248.004,16.48,162.05,43.6,152.09,93.15,186.7,18.84
2017-10-04,248.034,16.5,161.97,43.62,152.08,93.5,186.76,18.88
2017-10-05,248.061,16.5,162.01,43.61,152.05,94.0,187.04,18.87
2017-10-06,248.079,16.47,162.01,43.55,152.06,94.75,186.45,18.81
2017-10-09,248.211,16.5,162.13,43.64,152.22,95.275,187.2,18.65
2017-10-10,248.266,16.49,162.18,43.65,152.26,95.3,187.0,18.57
2017-10-11,248.28,16.5,162.21,43.65,152.22,95.55,187.06,18.56
2017-10-12,248.508,16.51,162.41,43.69,152.41,95.25,187.41,18.54
2017-10-13,248.741,16.53,162.69,43.86,152.67,94.3,187.9,18.52
2017-10-16,248.994,16.56,162.94,43.81,152.93,95.8,188.17,18.55
2017-10-17,249.085,16.57,163.03,43.84,153.0,94.9,188.5,18.59
2017-10-18,249.086,16.57,162.89,43.84,152.87,95.05,188.17,18.63
2017-10-19,249.099,16.56,162.88,43.94,152.9,93.6,188.21,18.56
2017-10-20,248.949,16.54,162.67,43.78,152.61,94.575,187.57,18.64
2017-10-23,249.143,16.58,162.87,43.82,152.76,94.6,187.96,18.58
2017-10-24,248.988,16.54,162.67,43.78,152.56,94.7,187.54,18.57
2017-10-25,248.932,16.53,162.62,43.75,152.57,94.25,187.4,18.59
2017-10-26,249.296,16.55,163.03,43.81,152.88,93.5,188.1,18.6
2017-10-27,249.627,16.58,163.35,43.91,153.32,95.0,188.25,18.64
2017-10-30,249.815,16.62,163.7,44.01,153.56,93.5,189.0,18.49
2017-10-31,250.059,16.64,163.95,44.06,153.91,93.5,189.21,18.58
2017-11-02,250.334,16.66,164.17,44.11,153.88,94.9,189.27,18.64
2017-11-03,250.424,16.68,164.26,44.05,153.95,95.025,189.55,18.59
2017-11-06,250.603,16.69,164.45,44.19,154.11,95.125,189.81,18.63
2017-11-07,250.653,16.69,164.59,44.18,154.21,94.4,190.12,18.6
2017-11-08,250.467,16.69,164.4,44.17,154.12,94.45,190.07,18.52
2017-11-09,250.15,16.66,163.99,44.06,153.72,93.8,189.25,18.48
2017-11-10,249.805,16.63,163.62,43.98,153.47,95.1,189.09,18.46
2017-11-13,249.715,16.62,163.51,43.95,153.33,93.625,188.93,18.45
2017-11-14,249.603,16.6,163.45,43.93,153.37,93.525,189.16,18.3
2017-11-15,249.375,16.6,163.3,43.9,153.46,92.675,189.46,18.23
2017-11-16,249.609,16.6,163.43,43.92,153.3,92.475,189.23,18.38
2017-11-17,249.675,16.61,163.56,43.94,153.42,92.475,189.4,18.38
2017-11-20,249.653,16.59,163.58,43.95,153.44,91.725,189.53,18.44
2017-11-21,249.777,16.63,163.74,43.99,153.52,90.55,190.14,18.48
2017-11-22,249.79,16.62,163.8,43.98,153.47,90.6,190.1,18.41
2017-11-23,249.803,16.63,163.77,44.0,153.51,91.025,190.04,18.42
2017-11-24,249.824,16.63,163.77,44.01,153.52,91.775,189.77,18.41
2017-11-27,249.978,16.64,163.92,44.05,153.68,91.75,190.01,18.42
2017-11-28,250.026,16.65,163.94,44.06,153.68,91.85,190.01,18.51
2017-11-29,249.85,16.63,163.75,44.0,153.45,91.9,189.69,18.54
2017-11-30,249.856,16.62,163.82,44.03,153.76,92.0,190.11,18.52
2017-12-01,249.995,16.64,164.11,44.07,153.91,91.375,190.69,18.49
2017-12-04,249.982,16.66,164.03,44.08,153.76,91.05,190.56,18.59
2017-12-05,250.099,16.66,164.17,44.11,153.87,91.425,190.72,18.58
2017-12-07,250.157,16.68,164.13,44.16,154.01,91.3,191.07,18.56
2017-12-08,250.099,16.68,164.03,44.15,153.92,90.65,191.18,18.51
2017-12-11,250.114,16.68,164.08,44.17,153.96,91.25,191.2,18.49
2017-12-12,250.04,16.68,163.99,44.15,153.84,91.8,190.8,18.44
2017-12-13,250.041,16.67,163.97,44.16,153.84,91.85,190.27,18.33
2017-12-14,249.975,16.66,163.99,44.12,153.79,91.75,190.18,18.28
2017-12-15,249.945,16.67,164.0,44.15,153.82,92.9,190.5,18.35
2017-12-18,249.943,16.67,163.99,44.13,153.75,93.025,190.76,18.39
2017-12-19,249.743,16.64,163.62,44.06,153.43,93.3,189.85,18.39
2017-12-20,249.662,16.61,163.46,44.0,153.18,93.6,189.13,18.41
2017-12-21,249.602,16.6,163.4,43.98,153.15,93.2,189.13,18.33
2017-12-27,249.703,16.61,163.57,44.03,153.32,94.0,189.41,18.21
2017-12-28,249.601,16.6,163.37,44.0,153.06,94.7,189.05,18.14
2018-01-02,249.683,16.59,163.19,43.97,153.05,94.5,187.83,18.25
2018-01-03,249.98,16.6,163.46,44.03,153.23,94.7,188.19,18.37
2018-01-04,250.232,16.63,163.67,44.04,153.34,94.2,188.46,18.37
2018-01-05,250.397,16.63,163.83,44.11,153.46,94.6,188.69,18.46
2018-01-08,250.529,16.65,163.93,44.15,153.56,94.6,188.81,18.48
2018-01-09,250.457,16.64,163.75,44.12,153.42,94.9,188.59,18.38
2018-01-10,250.315,16.61,163.61,44.06,153.3,95.4,188.09,18.3
2018-01-11,250.028,16.59,163.38,44.0,152.91,95.2,187.65,18.27
2018-01-12,250.036,16.57,163.43,43.98,152.93,94.8,188.13,18.24
2018-01-15,250.122,16.58,163.42,44.01,153.0,95.8,188.06,18.19
2018-01-16,250.304,16.6,163.67,44.05,153.27,96.1,188.64,18.18
2018-01-17,250.323,16.6,163.7,44.06,153.32,96.1,188.36,18.31
2018-01-18,250.349,16.6,163.72,44.04,153.3,96.1,188.31,18.35
2018-01-19,250.448,16.61,163.82,44.06,153.42,96.5,188.34,18.4
2018-01-22,250.598,16.62,163.99,44.1,153.57,96.0,188.34,18.35
2018-01-23,250.722,16.64,164.12,44.16,153.64,97.0,188.96,18.24
2018-01-24,250.675,16.62,164.04,44.13,153.54,96.3,188.56,18.25
2018-01-25,250.44,16.63,163.85,44.04,153.33,97.4,188.01,18.23
2018-01-26,250.332,16.6,163.7,44.07,153.2,96.5,188.26,18.2
2018-01-29,250.128,16.57,163.46,43.91,152.85,96.7,187.63,18.22
2018-01-30,250.032,16.57,163.33,43.98,152.88,95.2,187.56,18.13
2018-01-31,249.963,16.57,163.27,44.0,152.9,95.2,187.92,18.22
2018-02-01,249.971,16.56,163.2,43.97,152.9,95.6,187.75,18.29
2018-02-02,249.745,16.54,162.85,43.9,152.68,95.2,187.58,18.28
2018-02-05,249.685,16.55,162.87,43.92,152.75,94.0,187.59,18.13
2018-02-06,249.483,16.54,162.85,43.89,153.04,90.4,187.95,18.26
2018-02-07,249.619,16.54,162.82,43.9,152.78,92.4,188.29,18.3
2018-02-08,249.429,16.51,162.58,43.78,152.59,91.3,187.45,18.08
2018-02-09,248.998,16.49,162.25,43.75,152.44,90.5,187.77,18.1
2018-02-12,248.998,16.48,162.14,43.75,152.38,92.3,187.64,18.08
2018-02-13,248.639,16.47,161.78,43.69,152.18,92.3,187.27,17.96
2018-02-14,248.596,16.43,161.71,43.63,152.11,92.6,187.09,17.96
2018-02-15,248.825,16.46,161.88,43.69,152.17,93.2,187.15,17.9
2018-02-16,249.199,16.49,162.34,43.79,152.53,94.2,187.71,17.97
2018-02-19,249.266,16.5,162.28,43.78,152.45,93.6,187.2,17.99
2018-02-20,249.202,16.5,162.21,43.78,152.43,93.3,187.3,18.0
2018-02-21,249.202,16.51,162.23,43.78,152.48,94.4,187.31,18.06
2018-02-22,249.063,16.5,162.17,43.76,152.46,93.8,187.12,17.99
2018-02-23,249.083,16.51,162.27,43.78,152.57,94.0,187.53,18.04
2018-02-26,249.182,16.52,162.44,43.81,152.61,94.0,187.81,18.02
2018-02-27,249.112,16.52,162.38,43.79,152.57,93.8,187.82,18.06
2018-02-28,249.051,16.52,162.56,43.81,152.7,92.8,188.03,17.99
2018-03-01,249.009,16.53,162.59,43.82,152.69,92.4,188.22,17.88
2018-03-02,248.925,16.53,162.38,43.77,152.62,91.0,188.52,17.84
2018-03-05,248.88,16.51,162.3,43.74,152.56,90.4,188.16,17.91
2018-03-06,248.936,16.49,162.31,43.71,152.47,91.6,188.09,17.88
2018-03-07,248.963,16.5,162.43,43.72,152.55,92.0,188.3,17.86
2018-03-08,249.16,16.5,162.7,43.77,152.8,92.2,188.74,17.82
2018-03-09,249.236,16.53,162.67,43.81,152.74,93.3,188.59,17.89
2018-03-12,249.438,16.54,162.83,43.86,152.89,93.7,188.75,17.85
2018-03-13,249.418,16.56,162.84,43.85,152.89,93.9,188.74,17.84
2018-03-14,249.307,16.55,162.76,43.8,152.84,93.0,188.78,17.82
2018-03-15,249.057,16.54,162.57,43.72,152.87,92.6,189.17,17.83
2018-03-16,249.089,16.52,162.58,43.7,152.62,94.2,189.3,17.87
2018-03-19,248.884,16.51,162.41,43.64,152.45,92.0,189.27,17.82
2018-03-20,248.664,16.49,162.26,43.6,152.28,92.7,189.61,17.92
2018-03-21,248.604,16.48,162.16,43.6,152.22,91.6,189.45,17.91
2018-03-22,248.566,16.51,162.35,43.66,152.53,89.8,190.22,17.83
2018-03-23,248.268,16.49,162.19,43.57,152.36,87.2,190.16,17.77
2018-03-26,248.233,16.48,162.15,43.57,152.3,86.6,190.07,17.84
2018-03-27,248.386,16.51,162.36,43.62,152.52,87.8,190.47,17.84
2018-03-28,248.293,16.51,162.36,43.62,152.51,87.8,190.59,18.02
2018-03-29,248.391,16.49,162.51,43.63,152.57,89.0,190.92,18.04
2018-04-03,248.419,16.51,162.47,43.64,152.53,88.4,190.88,18.08
2018-04-04,248.434,16.52,162.5,43.64,152.59,87.0,191.21,18.12
2018-04-05,248.454,16.52,162.37,43.65,152.73,88.0,190.83,18.21
2018-04-06,248.48,16.53,162.08,43.69,152.72,88.8,190.71,18.07
2018-04-09,248.552,16.54,162.61,43.71,152.65,88.7,190.81,17.88
2018-04-10,248.581,16.53,162.56,43.72,152.56,89.7,190.73,17.91
2018-04-11,248.701,16.55,162.66,43.74,152.77,90.6,190.75,17.91
2018-04-12,248.865,16.55,162.64,43.75,152.76,89.6,190.59,17.98
2018-04-13,249.053,16.55,162.83,43.8,152.88,89.2,190.54,17.99
2018-04-16,249.175,16.55,162.86,43.83,152.86,88.0,190.58,17.96
2018-04-17,249.331,16.57,163.05,43.86,152.99,88.2,190.87,17.95
2018-04-18,249.203,16.57,162.9,43.83,152.79,89.6,191.06,18.0
2018-04-19,248.925,16.53,162.45,43.73,152.42,90.4,190.38,17.96
2018-04-20,248.967,16.51,162.43,43.7,152.4,91.1,190.2,17.98
2018-04-23,248.797,16.5,162.21,43.66,152.26,90.8,190.03,17.97
2018-04-24,248.735,16.5,162.23,43.65,152.25,91.4,189.92,17.99
2018-04-25,248.552,16.49,162.1,43.63,152.15,90.4,190.02,18.04
2018-04-26,248.655,16.51,162.32,43.66,152.27,90.6,190.33,18.06
2018-04-27,248.703,16.53,162.44,43.71,152.4,91.2,190.67,18.07
2018-04-30,248.828,16.52,162.5,43.7,152.44,91.4,190.33,18.1
2018-05-02,248.823,16.53,162.33,43.68,152.32,92.5,190.59,18.09
2018-05-03,248.746,16.54,162.46,43.68,152.48,92.7,190.63,17.95
2018-05-04,248.604,16.54,162.28,43.65,152.31,95.0,190.57,17.93
2018-05-08,248.585,16.53,162.15,43.63,152.24,94.2,190.09,17.76
2018-05-09,248.555,16.52,162.11,43.6,152.21,94.2,189.96,17.76
2018-05-11,248.67,16.53,162.22,43.65,152.22,94.4,190.01,17.69
2018-05-14,248.576,16.51,161.98,43.6,151.97,94.9,189.57,17.63
2018-05-15,248.401,16.49,161.69,43.54,151.81,94.2,189.19,17.74
2018-05-16,248.352,16.5,161.58,43.52,151.85,94.8,188.65,17.76
2018-05-17,248.207,16.51,161.34,43.49,151.65,94.5,188.14,17.75
2018-05-18,248.163,16.48,161.35,43.46,151.9,94.4,187.96,17.64
2018-05-22,248.013,16.48,161.06,43.43,151.69,94.4,187.45,17.75
2018-05-23,247.707,16.48,160.96,43.34,151.7,93.6,187.38,17.73
2018-05-24,247.737,16.48,161.12,43.4,151.87,93.6,187.72,17.66
2018-05-25,247.603,16.51,161.05,43.37,151.92,93.6,186.92,17.7
2018-05-29,247.315,16.5,159.96,43.23,152.12,90.8,183.34,17.58
2018-05-30,246.758,16.5,159.98,43.22,151.7,90.4,183.52,17.55
2018-05-31,247.095,16.51,160.49,43.29,151.99,90.4,185.06,17.54
2018-06-01,247.249,16.48,160.75,43.31,151.89,91.0,185.94,17.62
2018-06-04,247.51,16.53,161.06,43.4,151.92,92.0,186.63,17.63
2018-06-05,247.777,16.53,161.08,43.44,152.13,92.6,186.04,17.49
2018-06-06,247.339,16.48,160.34,43.31,151.56,92.2,184.2,17.52
2018-06-07,247.294,16.44,160.19,43.25,151.38,91.4,183.98,17.33
2018-06-08,247.201,16.45,160.08,43.24,151.51,91.6,183.39,17.4
2018-06-11,247.089,16.43,160.07,43.19,151.26,91.6,184.33,17.36
2018-06-12,247.142,16.41,160.15,43.21,151.39,92.0,184.73,17.4
2018-06-13,247.281,16.44,160.35,43.27,151.53,92.2,185.23,17.35
2018-06-14,247.775,16.47,160.88,43.35,151.97,91.6,186.06,17.34
2018-06-15,247.98,16.52,161.18,43.48,152.23,90.6,187.04,17.38
2018-06-18,247.961,16.53,161.21,43.46,152.2,91.6,187.45,17.42
2018-06-19,247.935,16.53,161.22,43.45,152.26,91.2,187.6,17.41
2018-06-20,247.913,16.53,161.17,43.43,152.27,91.4,187.67,17.47
2018-06-21,247.908,16.54,161.05,43.43,152.42,91.4,186.52,17.39
2018-06-25,247.546,16.52,160.77,43.35,152.23,90.1,185.96,17.38
2018-06-26,247.162,16.51,160.44,43.25,152.04,90.2,185.3,17.4
2018-06-27,246.863,16.48,160.45,43.16,151.92,91.0,186.2,17.33
2018-06-28,246.532,16.47,160.22,43.12,151.82,90.6,186.27,17.37
2018-06-29,246.661,16.45,160.38,43.12,151.84,89.8,187.2,17.29
2018-07-02,246.548,16.45,160.35,43.1,151.83,89.0,187.37,17.31
2018-07-03,246.639,16.45,160.46,43.11,151.82,90.4,187.58,17.37
2018-07-04,246.68,16.46,160.41,43.12,151.77,90.4,187.71,17.38
2018-07-05,246.923,16.46,160.54,43.17,151.91,90.4,187.07,17.41
2018-07-06,247.181,16.52,160.73,43.23,152.0,89.6,187.32,17.43
2018-07-09,247.409,16.5,160.86,43.26,151.99,91.0,187.19,17.37
2018-07-10,247.643,16.51,160.97,43.34,152.09,91.0,187.2,17.53
2018-07-11,247.561,16.52,160.94,43.34,152.12,91.0,187.16,17.54
2018-07-12,247.769,16.52,161.1,43.37,152.23,91.1,187.34,17.6
2018-07-13,247.985,16.55,161.31,43.44,152.34,91.2,187.97,17.61
2018-07-16,248.05,16.54,161.24,43.43,152.24,91.4,187.7,17.6
2018-07-17,248.077,16.55,161.34,43.43,152.33,91.5,188.26,17.68
2018-07-18,248.087,16.56,161.32,43.44,152.35,92.6,188.21,17.69
2018-07-19,247.94,16.55,161.31,43.43,152.32,93.0,188.24,17.6
2018-07-20,247.705,16.53,160.95,43.36,151.99,92.0,187.72,17.56
2018-07-23,247.614,16.52,160.74,43.32,151.85,93.0,187.43,17.63
2018-07-24,247.803,16.51,160.89,43.35,152.34,94.0,187.1,17.64
2018-07-25,247.899,16.53,161.01,43.39,152.4,93.4,187.38,17.69
2018-07-26,248.141,16.54,161.13,43.46,152.21,93.5,187.25,17.76
2018-07-27,248.227,16.55,161.2,43.48,152.28,93.7,187.03,17.77
2018-07-30,248.12,16.54,160.97,43.44,152.07,94.0,186.35,17.78
2018-07-31,248.17,16.54,161.1,43.46,152.14,93.8,186.59,17.77
2018-08-01,248.16,16.53,160.92,43.44,152.01,93.9,186.13,17.82
2018-08-02,248.079,16.54,160.91,43.44,152.06,93.4,185.65,17.84
2018-08-03,248.206,16.55,161.11,43.5,152.33,93.6,185.62,17.87
2018-08-06,248.302,16.57,161.27,43.53,152.45,93.8,186.14,17.88
2018-08-07,248.345,16.57,161.23,43.52,152.37,93.0,186.16,17.85
2018-08-08,248.45,16.58,161.26,43.53,152.43,93.4,186.22,17.7
2018-08-09,248.54,16.58,161.35,43.55,152.57,93.3,186.11,17.67
2018-08-10,248.573,16.6,161.45,43.54,152.74,92.0,186.08,17.56
2018-08-13,248.427,16.59,161.22,43.47,152.58,91.5,185.46,17.41
2018-08-14,248.476,16.59,161.25,43.47,152.75,91.0,185.63,17.58
2018-08-16,248.487,16.59,161.16,43.46,152.61,89.0,185.4,17.46
2018-08-17,248.574,16.59,161.2,43.46,152.67,89.6,185.31,17.39
2018-08-20,248.605,16.59,161.3,43.46,152.68,90.4,185.66,17.29
2018-08-21,248.654,16.58,161.2,43.42,152.51,90.6,186.14,17.23
2018-08-22,248.643,16.58,161.11,43.42,152.38,91.8,185.95,17.24
2018-08-23,248.632,16.57,161.08,43.39,152.38,91.6,185.65,17.21
2018-08-24,248.573,16.56,160.97,43.35,152.32,91.8,185.35,17.17
2018-08-28,248.546,16.57,160.67,43.3,152.09,92.6,184.88,17.11
2018-08-29,248.48,16.56,161.02,43.26,151.97,92.5,184.57,17.1
2018-08-30,248.617,16.56,160.68,43.29,152.25,92.4,184.58,16.9
2018-08-31,248.552,16.57,160.61,43.27,152.54,91.2,184.54,17.01
2018-09-03,248.485,16.54,160.54,43.24,152.17,91.4,184.6,16.9
2018-09-04,248.337,16.53,160.47,43.19,152.01,91.1,185.29,16.86
2018-09-05,248.126,16.5,160.36,43.12,151.8,90.2,185.68,16.81
2018-09-06,248.161,16.5,160.53,43.17,152.0,89.4,186.01,16.82
2018-09-07,248.072,16.54,160.42,43.16,151.85,89.4,185.94,16.97
2018-09-10,248.135,16.5,160.5,43.19,151.78,88.7,186.4,16.8
2018-09-11,248.181,16.49,159.96,43.2,151.72,88.2,186.27,16.81
2018-09-12,248.306,16.51,160.59,43.25,151.88,88.5,186.28,16.81
2018-09-13,248.382,16.52,160.63,43.27,151.97,88.4,186.16,16.81
2018-09-14,248.338,16.51,160.56,43.29,151.95,89.6,185.92,16.91
2018-09-17,248.357,16.51,160.64,43.31,151.98,89.0,186.19,16.86
2018-09-18,248.331,16.51,160.61,43.32,151.92,89.4,186.59,16.91
2018-09-19,248.347,16.51,160.56,43.34,151.93,89.4,186.2,16.96
2018-09-20,248.411,16.54,160.67,43.37,151.97,89.8,186.03,16.96
2018-09-21,248.472,16.53,160.8,43.42,152.08,90.8,186.23,17.03
2018-09-24,248.212,16.52,160.44,43.34,151.78,90.2,185.67,16.98
2018-09-25,248.061,16.48,160.29,43.3,151.59,90.6,185.64,16.98
2018-09-26,248.039,16.48,160.4,43.29,151.59,91.2,185.97,17.02
2018-09-27,247.957,16.49,160.35,43.3,151.5,91.2,185.7,17.17
2018-09-28,248.099,16.54,160.33,43.32,152.04,90.8,184.53,17.18
2018-10-01,248.229,16.49,160.27,43.31,151.75,90.6,184.26,17.26
2018-10-02,248.367,16.51,160.34,43.34,151.99,90.4,183.71,17.3
2018-10-03,248.228,16.51,160.13,43.33,151.82,90.1,184.15,17.44
2018-10-04,248.008,16.47,159.83,43.25,151.53,88.4,183.52,17.37
2018-10-05,247.827,16.45,159.5,43.21,151.42,88.6,182.99,17.47
2018-10-08,247.905,16.45,159.51,43.2,151.48,86.4,182.31,17.42
2018-10-09,247.698,16.45,159.4,43.18,151.45,85.1,182.27,17.4
2018-10-10,247.642,16.43,159.35,43.15,151.49,84.0,182.54,17.3
2018-10-11,247.414,16.44,159.25,43.13,151.49,81.4,182.21,17.23
2018-10-12,247.623,16.45,159.35,43.15,151.56,82.8,182.32,17.3
2018-10-15,247.602,16.46,159.33,43.16,151.57,82.7,182.21,17.3
2018-10-16,247.597,16.46,159.42,43.15,151.54,85.6,182.95,17.42
2018-10-17,247.74,16.48,159.56,43.2,151.77,83.6,182.86,17.55
2018-10-18,247.931,16.47,159.53,43.18,151.88,84.0,182.2,17.44
2018-10-19,247.557,16.47,159.15,43.14,151.65,83.4,182.14,17.43
2018-10-22,247.706,16.46,159.34,43.16,151.7,83.2,183.18,17.5
2018-10-23,247.586,16.46,159.36,43.15,151.73,82.0,183.27,17.49
2018-10-24,247.502,16.46,159.37,43.12,151.82,82.2,183.18,17.4
2018-10-25,247.221,16.44,159.26,43.06,151.62,81.0,183.53,17.49
2018-10-26,246.951,16.48,159.33,43.06,151.76,80.0,183.98,17.45
2018-10-29,246.899,16.42,159.35,42.98,151.55,82.4,184.83,17.38
2018-10-30,246.886,16.47,159.3,43.01,151.74,82.4,184.04,17.43
2018-10-31,246.988,16.43,159.33,43.0,151.58,83.8,184.4,17.4
2018-11-02,247.283,16.43,159.91,43.05,151.62,83.0,184.45,17.56
2018-11-05,247.325,16.44,159.49,43.07,151.66,83.0,184.67,17.54
2018-11-06,247.319,16.45,159.46,43.07,151.68,81.6,184.33,17.59
2018-11-07,247.302,16.44,159.52,43.11,151.73,82.8,184.39,17.61
2018-11-08,247.293,16.48,158.97,43.14,151.69,83.3,184.12,17.54
2018-11-09,247.324,16.46,159.06,43.13,152.22,82.8,184.24,17.52
2018-11-12,247.251,16.46,159.42,43.1,151.81,81.8,184.26,17.51
2018-11-13,246.934,16.43,159.14,43.0,151.59,81.6,184.09,17.39
2018-11-14,246.683,16.41,158.43,42.92,151.83,81.4,183.72,17.39
2018-11-15,246.364,16.4,158.64,42.86,151.34,83.4,183.7,17.42
2018-11-16,245.929,16.34,157.83,42.71,151.01,82.1,183.62,17.38
2018-11-19,245.354,16.33,157.91,42.61,151.08,81.7,183.34,17.3
2018-11-20,244.516,16.3,157.45,42.44,150.7,80.2,183.37,17.36
2018-11-21,244.69,16.28,157.54,42.47,150.33,81.6,183.99,17.38
2018-11-22,244.769,16.28,157.69,42.51,150.5,81.8,184.46,17.38
2018-11-23,244.844,16.32,157.42,42.58,150.73,81.6,184.8,17.37
2018-11-26,244.891,16.32,158.06,42.6,150.7,81.6,185.36,17.28
2018-11-27,244.68,16.32,158.0,42.6,150.68,81.6,185.39,17.38
2018-11-28,244.423,16.3,157.87,42.54,150.47,81.6,185.2,17.36
2018-12-03,244.102,16.29,158.11,42.51,150.45,83.4,186.45,17.45
2018-12-04,243.741,16.3,158.11,42.47,150.48,83.1,186.55,17.33
2018-12-05,243.253,16.28,157.41,42.38,150.25,82.8,187.14,17.35
2018-12-07,242.878,16.26,157.74,42.3,150.23,81.2,186.49,17.27
2018-12-10,242.571,16.26,157.66,42.29,150.19,79.2,186.72,17.14
2018-12-11,242.691,16.25,157.71,42.31,150.19,79.6,186.69,17.21
2018-12-12,242.788,16.25,157.69,42.35,150.11,80.3,187.31,17.28
2018-12-13,243.19,16.32,158.09,42.52,150.36,80.6,187.42,17.28
2018-12-14,243.288,16.31,158.35,42.57,150.54,80.4,187.23,17.27
2018-12-17,243.268,16.32,157.91,42.58,150.58,79.6,187.25,17.26
2018-12-18,243.144,16.33,158.42,42.56,150.59,79.2,187.52,17.25
2018-12-19,243.159,16.36,158.6,42.56,150.62,79.6,188.06,17.25
2018-12-20,243.026,16.33,158.59,42.55,150.69,79.4,188.47,17.25
2018-12-21,242.882,16.31,158.44,42.52,150.61,77.8,188.25,17.27
2018-12-27,242.912,16.32,158.57,42.54,150.77,79.0,188.11,17.29
2018-12-28,242.837,16.32,158.55,42.53,150.66,77.4,188.08,17.23
2019-01-02,242.84,16.36,158.83,42.6,150.95,78.6,188.76,17.32
2019-01-03,242.46,16.33,158.65,42.52,150.78,75.4,187.91,17.15
2019-01-04,242.236,16.3,158.18,42.39,150.22,77.8,187.68,17.38
2019-01-07,242.26,16.27,158.03,42.36,150.02,78.2,187.34,17.38
2019-01-08,242.548,16.25,157.97,42.32,149.94,79.2,187.1,17.42
2019-01-09,243.139,16.29,158.26,42.39,150.22,79.4,187.54,17.23
2019-01-10,243.188,16.28,158.37,42.45,150.26,80.0,187.9,17.33
2019-01-11,243.496,16.34,158.59,42.54,150.5,81.4,188.31,17.33
2019-01-14,243.504,16.35,158.65,42.54,150.59,79.0,188.65,17.35
2019-01-15,243.782,16.33,158.88,42.6,150.87,79.0,188.8,17.4
2019-01-16,244.144,16.38,159.15,42.69,151.07,78.7,188.97,17.45
2019-01-17,244.082,16.36,159.18,42.72,151.05,78.0,189.17,17.43
2019-01-18,244.257,16.37,159.33,42.79,151.23,78.8,189.24,17.5
2019-01-21,244.304,16.39,159.41,42.83,151.35,79.2,189.02,17.48
2019-01-22,244.117,16.4,159.49,42.85,151.44,78.7,189.35,17.42
2019-01-23,244.237,16.39,159.55,42.84,151.51,78.2,189.42,17.5
2019-01-24,244.44,16.43,159.92,42.92,151.87,78.0,189.92,17.54
2019-01-25,244.587,16.44,160.05,42.96,151.92,78.9,190.19,17.5
2019-01-28,244.586,16.47,160.05,42.97,151.92,77.6,190.11,17.48
2019-01-29,244.574,16.45,160.1,42.97,151.96,78.0,190.15,17.49
2019-01-30,244.813,16.46,160.23,43.0,152.03,78.4,190.16,17.41
2019-01-31,245.467,16.5,161.26,43.2,152.43,79.6,190.45,17.49
2019-02-01,245.433,16.56,160.68,43.22,152.47,80.3,189.87,17.56
2019-02-04,245.513,16.53,160.65,43.24,152.4,79.5,189.77,17.62
2019-02-05,245.764,16.54,160.9,43.31,152.63,80.6,189.61,17.62
2019-02-06,245.986,16.58,161.18,43.43,152.85,80.4,189.69,17.65
2019-02-07,245.951,16.6,161.25,43.45,153.05,80.0,189.18,17.61
2019-02-08,245.814,16.61,161.23,43.42,153.07,79.0,188.93,17.49
2019-02-11,245.731,16.62,161.08,43.36,153.21,78.9,189.14,17.5
2019-02-12,245.88,16.58,161.14,43.38,153.15,78.6,189.33,17.53
2019-02-13,246.036,16.59,161.32,43.41,153.28,78.6,189.57,17.55
2019-02-14,246.066,16.62,161.4,43.48,153.09,79.6,189.8,17.56
2019-02-15,246.097,16.61,161.46,43.46,153.14,80.2,189.57,17.55
2019-02-18,246.295,16.62,162.09,43.5,153.25,80.6,189.92,17.52
2019-02-19,246.406,16.64,161.75,43.54,153.36,80.2,189.87,17.5
2019-02-20,246.288,16.65,161.77,43.55,153.39,80.9,189.89,17.5
2019-02-21,246.181,16.63,162.09,43.5,153.22,81.0,189.67,17.5
2019-02-22,246.388,16.64,161.79,43.52,153.4,81.5,189.89,17.53
2019-02-25,246.533,16.64,161.92,43.55,153.42,82.0,190.17,17.54
2019-02-26,246.752,16.66,162.12,43.59,153.52,81.4,190.6,17.48
2019-02-27,246.839,16.7,162.1,43.62,153.52,80.9,190.04,17.57
2019-02-28,246.833,16.66,162.07,43.64,153.53,80.7,189.85,17.57
2019-03-01,246.831,16.65,162.11,43.64,153.55,82.2,189.73,17.6
2019-03-04,246.979,16.67,162.31,43.69,153.72,81.5,189.91,17.58
2019-03-05,246.928,16.67,162.76,43.7,153.67,80.6,190.17,17.63
2019-03-06,246.954,16.67,162.41,43.68,154.14,80.6,190.82,17.54
2019-03-07,247.117,16.67,162.78,43.71,154.19,79.7,191.78,17.5
2019-03-08,246.841,16.7,162.59,43.64,153.97,80.0,192.06,17.34
2019-03-11,246.99,16.69,162.64,43.67,154.06,79.8,191.88,17.4
2019-03-12,247.283,16.71,162.91,43.76,154.2,80.2,191.65,17.36
2019-03-13,247.485,16.73,163.04,43.82,154.27,80.3,191.47,17.35
2019-03-14,247.675,16.75,163.21,43.89,154.37,79.9,191.83,17.41
2019-03-15,247.771,16.76,163.38,43.95,154.45,80.4,192.06,17.42
2019-03-18,247.988,16.78,163.6,44.01,154.66,80.7,192.37,17.47
2019-03-19,248.117,16.78,163.67,44.04,154.6,81.7,192.07,17.48
2019-03-20,248.035,16.79,163.64,44.04,154.66,81.4,192.08,17.42
2019-03-21,247.998,16.8,163.8,44.05,154.82,81.4,192.75,17.45
2019-03-22,248.135,16.83,164.03,44.1,155.09,79.1,193.47,17.26
2019-03-25,247.953,16.81,164.38,44.02,154.9,78.8,193.0,17.27
2019-03-26,248.071,16.8,163.97,44.03,154.95,78.6,193.13,17.28
2019-03-27,248.513,16.84,164.42,44.15,155.46,78.7,193.79,17.12
2019-03-28,248.554,16.84,164.36,44.13,155.34,79.0,193.43,17.17
2019-03-29,248.805,16.84,164.49,44.17,155.38,79.6,193.25,17.19
2019-04-01,249.025,16.86,164.51,44.26,155.36,79.6,192.93,17.36
2019-04-02,249.341,16.88,164.75,44.31,155.65,80.2,192.78,17.39
2019-04-03,249.332,16.87,164.6,44.31,155.45,80.8,192.4,17.37
2019-04-04,249.334,16.88,164.68,44.31,155.52,80.4,192.68,17.4
2019-04-05,249.432,16.88,164.73,44.32,155.53,81.2,192.82,17.43
2019-04-08,249.548,16.88,164.79,44.34,155.57,81.7,192.99,17.33
2019-04-09,249.648,16.88,164.93,44.35,155.66,81.9,193.15,17.32
2019-04-10,249.8,16.9,165.19,44.42,155.92,81.4,193.62,17.34
2019-04-11,249.949,16.91,165.28,44.43,155.91,81.6,193.7,17.4
2019-04-12,249.936,16.9,165.11,44.43,155.65,82.8,193.37,17.42
2019-04-15,250.127,16.9,165.29,44.49,155.84,82.2,192.8,17.43
2019-04-16,250.263,16.92,165.32,44.53,155.91,83.2,192.59,17.42
2019-04-17,250.256,16.92,165.3,44.53,155.86,83.4,192.44,17.41
2019-04-18,250.456,16.94,165.58,44.59,156.21,83.6,193.16,17.46
2019-04-23,250.59,16.94,165.59,44.61,156.18,84.1,192.59,17.47
2019-04-24,250.865,16.98,165.95,44.7,156.61,84.0,193.03,17.39
2019-04-25,250.749,16.99,165.89,44.71,156.62,83.3,192.66,17.38
2019-04-26,250.734,16.99,166.0,44.72,156.66,82.6,193.09,17.37
2019-04-29,250.793,16.99,166.04,44.74,156.68,83.3,193.23,17.37
2019-04-30,250.801,16.98,166.19,44.76,156.68,83.2,193.4,17.35
2019-05-02,250.833,17.01,166.21,44.82,156.81,83.4,193.69,17.36
2019-05-03,250.844,17.01,166.22,44.81,156.79,82.7,193.8,17.37
2019-05-07,250.857,17.03,166.28,44.81,156.94,81.5,193.91,17.27
2019-05-08,250.727,17.01,165.9,44.68,156.69,81.4,193.81,17.19
2019-05-10,250.511,16.97,165.65,44.58,156.44,79.4,193.3,17.15
2019-05-13,250.349,16.97,165.58,44.54,156.44,78.6,193.34,17.05
2019-05-14,250.327,16.93,165.55,44.52,156.43,79.3,193.35,17.1
2019-05-15,250.447,16.98,165.68,44.55,156.56,79.9,193.47,17.1
2019-05-16,250.595,16.97,165.81,44.55,156.93,80.7,193.81,17.08
2019-05-17,250.623,16.99,165.91,44.6,156.71,80.4,194.23,17.04
2019-05-20,250.654,16.98,165.8,44.59,156.66,79.4,193.79,17.03
2019-05-21,250.554,16.97,165.7,44.56,156.44,79.5,193.85,17.12
2019-05-22,250.52,16.96,165.7,44.53,156.43,79.6,193.94,17.1
2019-05-23,250.237,16.94,165.54,44.45,156.34,78.7,194.08,17.03
2019-05-24,250.338,16.93,166.06,44.42,156.35,79.6,194.51,17.03
2019-05-28,250.453,16.95,165.74,44.45,156.58,79.4,194.41,17.03
2019-05-29,250.341,16.94,165.75,44.42,156.6,78.5,194.92,17.1
2019-05-31,250.359,16.95,165.93,44.43,156.71,77.6,195.06,16.98
2019-06-03,250.127,16.96,165.95,44.42,156.64,78.0,195.69,16.91
2019-06-04,250.34,16.96,166.18,44.47,156.77,79.7,196.31,17.01
2019-06-05,250.835,17.0,166.59,44.62,157.15,78.8,196.44,17.03
2019-06-06,250.976,17.0,166.68,44.62,157.21,80.0,196.89,16.99
2019-06-07,251.229,17.03,166.97,44.68,157.39,80.3,198.3,16.96
2019-06-11,251.732,17.04,167.2,44.77,157.48,80.6,197.78,17.01
2019-06-12,251.692,17.06,167.16,44.79,157.54,80.4,197.53,17.04
2019-06-13,251.81,17.06,167.26,44.79,157.52,80.2,197.74,17.06
2019-06-14,251.909,17.06,167.39,44.8,157.65,80.8,198.26,17.08
2019-06-17,252.016,17.06,167.92,44.8,157.63,80.2,198.02,17.07
2019-06-18,252.926,17.13,168.31,44.98,158.39,81.5,199.87,17.11
2019-06-19,253.173,17.16,168.51,45.08,158.35,80.9,199.66,17.14
2019-06-20,253.755,17.21,169.09,45.27,158.83,81.5,200.22,17.13
2019-06-24,253.836,17.23,169.11,45.28,158.85,81.4,199.74,17.08
2019-06-25,253.852,17.23,169.19,45.3,159.0,81.8,200.12,17.06
2019-06-26,253.821,17.23,168.94,45.27,158.81,81.5,200.15,17.08
2019-06-27,253.892,17.23,169.09,45.26,158.86,81.8,200.09,17.08
2019-06-28,254.142,17.24,169.24,45.31,158.96,82.4,200.19,17.09
2019-07-01,254.564,17.25,169.63,45.4,159.31,83.0,200.86,17.18
2019-07-02,254.749,17.28,169.93,45.45,159.35,82.7,201.56,17.16
2019-07-03,255.019,17.31,170.34,45.54,159.58,83.2,202.87,17.16
2019-07-04,255.241,17.37,170.52,45.61,159.79,82.9,203.0,17.2
2019-07-05,255.219,17.34,170.3,45.58,159.65,82.6,201.94,17.27
2019-07-08,255.123,17.34,170.24,45.62,159.74,82.4,202.11,17.2
2019-07-09,254.917,17.31,170.02,45.53,159.52,82.1,201.67,17.19
2019-07-10,254.832,17.3,169.85,45.5,159.34,82.0,201.06,17.22
2019-07-11,254.892,17.28,169.73,45.51,159.3,81.8,200.93,17.29
2019-07-12,254.912,17.28,170.22,45.53,159.31,82.2,200.1,17.3
2019-07-15,255.145,17.31,170.06,45.59,159.61,83.8,200.85,17.27
2019-07-16,255.176,17.33,170.09,45.62,159.69,82.7,201.34,17.27
2019-07-17,255.283,17.35,170.34,45.66,159.89,81.8,201.95,17.24
2019-07-18,255.227,17.36,170.33,45.65,159.89,81.4,202.19,17.25
2019-07-19,255.392,17.38,170.5,45.7,160.05,81.8,202.1,17.28
2019-07-22,255.545,17.39,170.64,45.73,160.23,81.5,202.07,17.28
2019-07-23,255.76,17.4,170.79,45.79,160.36,81.7,202.16,17.29
2019-07-24,256.181,17.44,171.23,45.91,160.71,81.9,203.15,17.3
2019-07-25,256.396,17.48,171.33,45.97,160.91,81.8,202.35,17.29
2019-07-26,256.466,17.47,171.41,46.01,161.05,82.6,202.82,17.3
2019-07-29,256.657,17.5,171.51,45.96,161.2,82.8,203.21,17.28
2019-07-30,256.43,17.53,171.31,46.01,161.04,82.5,202.91,17.26
2019-07-31,256.635,17.49,171.59,46.02,161.6,81.9,203.49,17.26
2019-08-01,256.533,17.53,171.65,46.02,161.29,81.6,203.9,17.17
2019-08-02,256.403,17.51,171.65,45.98,161.18,81.0,204.57,17.11
2019-08-05,256.146,17.49,171.53,45.93,161.08,79.0,205.16,16.87
2019-08-06,256.264,17.49,171.7,45.9,161.17,79.2,205.24,16.87
2019-08-07,256.554,17.52,172.1,46.01,161.52,80.0,206.96,16.85
2019-08-08,256.656,17.51,172.0,45.97,161.44,80.1,205.28,16.84
2019-08-09,256.766,17.53,171.89,46.01,161.57,79.6,204.39,16.87
2019-08-12,256.912,17.53,172.19,46.02,161.74,79.4,204.62,16.59
2019-08-13,256.876,17.54,172.12,45.96,161.65,79.7,205.26,16.55
2019-08-14,256.952,17.55,172.43,46.02,161.92,77.6,206.59,16.4
2019-08-16,256.979,17.57,172.52,46.04,161.89,77.0,208.02,16.44
2019-08-19,257.073,17.54,172.43,46.03,161.83,78.0,206.36,16.44
2019-08-20,257.373,17.57,172.69,46.11,162.1,77.1,207.26,16.41
2019-08-21,257.523,17.56,172.73,46.12,162.03,77.5,207.21,16.48
2019-08-22,257.57,17.54,172.62,46.12,161.87,77.6,206.5,16.48
2019-08-23,257.805,17.57,172.98,46.16,162.24,76.2,206.43,16.39
2019-08-27,257.902,17.59,173.2,46.18,162.29,76.6,207.71,16.31
2019-08-28,258.026,17.62,173.4,46.22,162.33,76.4,208.84,16.25
2019-08-29,258.175,17.61,173.89,46.23,162.25,77.0,208.53,16.21
2019-08-30,258.184,17.6,173.43,46.24,162.3,77.0,208.23,16.26
2019-09-02,258.117,17.58,173.41,46.23,162.22,78.0,207.99,16.25
2019-09-03,257.943,17.58,173.34,46.18,162.18,78.0,208.38,16.27
2019-09-04,257.84,17.55,173.28,46.14,161.85,78.8,207.79,16.28
2019-09-05,257.592,17.52,172.8,46.09,161.48,79.2,206.33,16.3
2019-09-06,257.701,17.55,173.01,46.1,161.64,79.9,207.46,16.33
2019-09-09,257.511,17.51,172.63,46.04,161.26,80.0,206.24,16.25
2019-09-10,257.214,17.49,172.19,46.01,161.04,80.2,206.03,16.28
2019-09-11,257.188,17.46,172.14,45.94,160.94,80.4,205.87,16.29
2019-09-12,257.201,17.49,172.09,46.06,161.05,81.0,206.84,16.24
2019-09-13,257.132,17.45,171.79,46.01,161.05,81.2,205.65,16.24
2019-09-16,257.283,17.46,172.12,46.03,160.95,81.4,205.6,16.27
2019-09-17,257.146,17.46,171.96,46.01,160.75,81.2,205.38,16.22
2019-09-18,257.15,17.45,172.03,45.99,160.81,81.6,205.97,16.22
2019-09-19,257.069,17.44,171.97,45.94,161.03,81.4,205.8,16.22
2019-09-20,257.138,17.44,172.16,45.97,160.81,82.0,206.14,16.25
2019-09-23,257.278,17.46,172.51,46.04,161.14,81.2,207.33,16.25
2019-09-24,257.322,17.47,172.68,46.02,161.19,81.2,207.62,16.22
2019-09-25,257.062,17.48,172.33,46.01,161.0,80.4,208.1,16.28
2019-09-26,257.104,17.45,172.45,45.99,161.07,81.0,207.48,16.27
2019-09-27,257.198,17.46,172.52,46.02,161.14,81.8,207.6,16.26
2019-09-30,257.24,17.46,172.59,46.02,161.19,81.0,207.51,16.27
2019-10-01,257.364,17.46,172.73,46.06,161.32,81.3,207.03,16.27
2019-10-02,257.185,17.47,172.59,46.05,161.16,79.6,206.68,16.28
2019-10-03,257.189,17.47,172.75,46.06,161.27,78.8,207.65,16.3
2019-10-04,257.126,17.47,172.77,46.03,161.22,79.0,207.54,16.32
2019-10-07,257.045,17.48,172.68,46.03,161.14,80.0,207.34,16.29
2019-10-08,256.998,17.48,172.73,46.04,161.3,80.0,207.41,16.22
2019-10-09,256.835,17.47,172.41,46.0,161.0,80.0,207.01,16.21
2019-10-10,256.539,17.43,171.93,45.9,160.59,82.4,205.75,16.19
2019-10-11,256.733,17.4,171.96,45.89,160.59,82.6,205.65,16.19
2019-10-14,256.786,17.41,172.09,45.93,160.69,82.2,205.91,16.18
2019-10-15,256.749,17.41,171.98,45.96,160.54,80.8,206.07,16.15
2019-10-16,256.739,17.39,171.97,45.91,160.51,82.0,205.42,16.14
2019-10-17,256.826,17.39,172.14,45.95,160.6,82.2,205.44,16.09
2019-10-18,256.711,17.39,172.53,45.95,160.52,80.8,205.22,16.11
2019-10-21,256.692,17.38,171.92,45.93,160.35,82.1,204.62,16.12
2019-10-22,256.771,17.4,172.12,45.99,160.59,83.0,205.19,16.16
2019-10-23,256.82,17.42,172.24,46.02,160.69,82.9,205.42,16.17
2019-10-24,256.82,17.44,172.37,46.04,160.86,83.3,205.52,16.2
2019-10-25,256.681,17.42,172.23,46.03,160.77,83.8,204.98,16.23
2019-10-28,256.624,17.41,172.07,45.99,160.6,84.8,204.15,16.22
2019-10-29,256.561,17.42,172.09,46.02,160.66,84.0,204.45,16.21
2019-10-30,256.567,17.42,172.1,46.01,160.65,83.4,204.53,16.17
2019-10-31,256.824,17.45,172.49,46.08,160.97,83.8,205.57,16.18
2019-11-04,256.891,17.44,172.38,46.07,160.84,84.2,204.35,16.21
2019-11-05,256.923,17.43,172.27,46.1,160.79,84.3,203.85,16.24
2019-11-06,256.981,17.43,172.45,46.1,160.82,84.2,204.12,16.2
2019-11-07,256.582,17.42,171.83,46.03,160.38,85.0,203.3,16.21
2019-11-08,256.578,17.39,171.88,45.99,160.4,85.4,202.86,16.14
2019-11-11,256.459,17.4,171.71,45.98,160.31,84.6,202.6,16.16
2019-11-12,256.509,17.39,171.78,45.97,160.32,85.8,202.31,16.14
2019-11-13,256.592,17.41,171.9,46.01,160.55,85.4,202.65,16.13
2019-11-14,256.669,17.42,172.03,46.02,160.7,83.2,202.95,16.15
2019-11-15,256.546,17.41,171.88,45.98,160.55,84.2,202.71,16.11
2019-11-18,256.566,17.4,171.89,45.98,160.51,84.5,203.25,16.08
2019-11-19,256.583,17.4,171.89,45.95,160.5,84.7,202.92,16.06
2019-11-20,256.481,17.39,171.81,45.92,160.44,84.5,203.29,16.04
2019-11-21,256.275,17.36,171.59,45.85,160.22,84.5,202.79,16.07
2019-11-22,256.489,17.37,171.8,45.88,160.41,84.6,203.15,16.07
2019-11-25,256.687,17.38,171.96,45.93,160.45,85.0,203.44,16.04
2019-11-26,256.952,17.4,172.25,46.01,161.02,85.8,203.65,16.01
2019-11-27,257.036,17.4,172.31,46.01,160.73,85.8,203.57,16.0
2019-11-28,257.047,17.41,172.24,46.02,160.71,85.8,203.23,16.04
2019-11-29,257.05,17.4,172.25,46.01,160.96,86.6,203.14,16.02
2019-12-02,256.78,17.38,171.84,45.95,160.3,86.1,202.23,16.02
2019-12-03,257.051,17.39,172.31,46.02,160.73,86.5,202.8,16.01
2019-12-04,256.984,17.41,172.13,46.02,160.62,86.2,203.05,16.02
2019-12-05,256.99,17.39,172.08,45.98,160.53,86.6,202.0,16.04
2019-12-09,257.347,17.42,172.43,46.08,160.8,86.1,202.58,16.06
2019-12-10,257.378,17.41,172.48,46.09,160.84,85.0,202.47,16.04
2019-12-11,257.504,17.43,172.68,46.13,160.95,84.0,202.98,16.01
2019-12-12,257.359,17.44,172.4,46.11,160.67,86.0,202.76,16.02
2019-12-13,257.678,17.41,172.89,46.18,161.01,85.4,202.81,16.01
2019-12-16,257.826,17.46,172.91,46.23,161.05,86.8,203.22,16.03
2019-12-17,257.931,17.45,173.04,46.25,161.17,88.2,203.14,16.04
2019-12-18,257.8,17.45,172.85,46.23,161.31,87.7,202.75,16.09
2019-12-19,257.757,17.43,172.81,46.19,160.91,88.4,201.97,16.1
2019-12-20,257.82,17.44,172.86,46.22,161.0,87.4,202.12,16.11
2019-12-23,257.818,17.45,172.82,46.24,160.97,89.0,202.18,16.13
2019-12-27,257.908,17.44,172.96,46.24,160.98,88.9,202.45,16.13
2019-12-30,257.645,17.42,172.6,46.16,160.56,88.9,201.72,16.18
2020-01-02,257.928,17.43,172.85,46.24,160.91,91.5,201.95,16.23
2020-01-03,258.167,17.47,173.24,46.31,161.24,90.2,202.85,16.22
2020-01-07,258.229,17.47,173.16,46.3,161.23,88.6,202.84,16.24
2020-01-08,258.019,17.45,172.85,46.22,161.01,88.4,202.46,16.24
2020-01-09,257.934,17.42,172.81,46.16,160.75,88.4,202.11,16.14
2020-01-10,258.095,17.41,173.01,46.18,160.87,89.6,202.31,16.1
2020-01-13,258.005,17.41,172.83,46.14,160.67,90.4,201.61,16.08
2020-01-14,258.087,17.41,172.89,46.16,160.73,91.4,201.92,16.11
2020-01-15,258.207,17.44,173.04,46.21,160.91,92.2,202.14,16.07
2020-01-16,258.396,17.44,173.68,46.25,161.09,90.6,201.97,16.05
2020-01-17,258.565,17.48,173.26,46.28,161.14,92.8,202.06,16.1
2020-01-20,258.72,17.46,173.36,46.32,161.25,91.8,202.25,16.08
2020-01-21,258.876,17.46,173.59,46.34,161.48,92.2,202.35,16.09
2020-01-22,258.972,17.48,173.73,46.39,161.9,93.6,202.73,16.11
2020-01-23,259.131,17.5,174.6,46.45,161.87,94.8,203.51,16.13
2020-01-24,259.269,17.52,174.28,46.45,162.03,94.8,203.75,16.14
2020-01-27,259.195,17.53,174.47,46.48,162.3,94.4,205.11,16.12
2020-01-28,259.036,17.52,174.21,46.43,162.04,94.6,205.08,16.14
2020-01-29,259.295,17.53,174.52,46.48,162.24,95.4,205.45,16.11
2020-01-30,259.305,17.53,174.59,46.49,162.37,93.4,205.71,16.11
2020-01-31,259.365,17.55,174.79,46.53,162.58,94.6,206.18,16.09
2020-02-03,259.346,17.55,174.79,46.53,162.52,93.2,206.01,16.1
2020-02-04,259.357,17.54,174.65,46.5,162.38,93.6,205.65,16.08
2020-02-05,259.379,17.54,174.57,46.5,162.21,94.8,205.39,16.11
2020-02-06,259.493,17.54,174.76,46.53,162.23,95.0,205.16,16.09
2020-02-07,259.605,17.55,174.93,46.58,162.39,95.0,205.96,16.09
2020-02-10,259.705,17.56,175.07,46.57,162.49,93.0,205.95,16.02
2020-02-11,259.784,17.6,175.59,46.58,162.43,94.2,205.91,16.03
2020-02-12,259.835,17.56,175.11,46.58,162.41,94.6,205.99,16.04
2020-02-13,259.837,17.56,175.18,46.6,162.47,94.6,206.23,16.06
2020-02-14,260.018,17.57,175.35,46.76,162.61,93.5,206.38,16.08
2020-02-17,260.112,17.58,175.96,46.66,162.66,93.8,206.4,16.06
2020-02-18,260.124,17.58,175.53,46.66,162.67,94.0,206.32,16.05
2020-02-19,260.252,17.58,175.63,46.68,162.75,94.8,206.48,15.98
2020-02-20,260.325,17.6,175.82,46.72,162.88,95.0,206.97,15.93
2020-02-21,260.225,17.59,175.76,46.74,162.84,94.6,207.5,15.91
2020-02-24,259.904,17.59,176.1,46.68,162.87,94.2,207.5,15.93
2020-02-25,259.76,17.57,175.43,46.63,162.82,90.0,207.38,15.92
2020-02-26,259.327,17.53,175.6,46.5,162.48,87.0,207.04,15.91
2020-02-27,258.898,17.53,174.03,46.5,162.4,84.2,206.73,15.86
2020-02-28,257.675,17.44,174.44,46.28,161.73,79.5,207.39,15.93
2020-03-02,257.663,17.43,173.82,46.26,161.7,84.4,207.17,15.92
2020-03-03,258.144,17.43,174.43,46.24,162.04,85.0,207.48,15.92
2020-03-04,258.419,17.47,174.75,46.37,162.26,88.0,208.52,15.95
2020-03-05,258.339,17.47,174.71,46.37,162.36,84.4,208.02,15.97
2020-03-06,257.024,17.39,174.22,46.2,161.81,80.2,208.44,15.91
2020-03-09,254.0,17.19,172.21,45.18,160.19,74.2,207.84,15.87
2020-03-10,253.712,17.06,171.32,45.28,160.01,76.8,207.37,15.79
2020-03-11,252.8,16.99,170.98,45.4,159.76,76.2,207.58,15.76
2020-03-12,249.462,16.85,168.1,44.57,158.03,71.6,204.39,15.64
2020-03-13,247.853,16.58,166.02,44.19,156.62,70.2,201.34,15.53
2020-03-16,243.808,16.5,163.1,43.64,154.12,64.8,198.08,15.58
2020-03-17,241.184,16.15,159.47,40.27,147.38,62.4,196.77,15.55
2020-03-18,236.647,15.81,154.32,41.79,139.44,63.8,194.9,15.47
2020-03-19,235.006,15.64,154.03,41.29,144.15,62.0,197.15,15.3
2020-03-20,234.652,15.52,154.94,41.37,147.99,68.4,199.49,15.2
2020-03-23,233.345,15.5,154.23,41.24,146.61,66.6,199.26,15.1
2020-03-24,232.554,15.48,153.95,41.14,147.89,72.6,198.16,15.13
2020-03-25,233.766,15.85,154.97,41.26,148.33,75.0,197.88,15.11
2020-03-26,234.95,15.94,156.8,41.4,149.36,76.8,199.59,15.09
2020-03-27,235.9,16.11,157.98,41.67,150.16,73.1,201.62,15.14
2020-03-30,235.67,16.09,157.89,42.26,150.05,77.0,201.35,15.17
2020-03-31,236.397,16.25,158.28,42.6,150.28,78.4,200.49,15.24
2020-04-01,236.223,16.25,158.3,42.58,150.04,79.8,199.45,15.3
2020-04-02,236.62,16.24,158.41,42.26,149.7,76.0,199.52,15.28
2020-04-03,236.688,16.12,158.45,42.58,149.78,74.8,199.49,15.29
2020-04-06,237.113,16.26,158.81,42.63,150.11,75.0,199.09,15.2
2020-04-07,237.784,16.31,160.34,42.73,150.84,79.4,198.09,15.19
2020-04-08,238.411,16.22,159.77,42.83,150.99,79.6,197.46,15.13
2020-04-09,240.545,16.38,161.88,43.27,152.88,80.8,198.35,15.12
2020-04-14,242.856,16.57,163.52,43.8,154.77,79.6,198.32,15.13
2020-04-15,243.44,16.67,163.86,43.99,155.02,78.0,198.62,15.16
2020-04-16,243.088,16.64,163.61,43.9,155.3,78.0,198.89,15.22
2020-04-17,243.223,16.77,163.59,43.93,154.72,80.0,199.14,15.25
2020-04-20,243.094,16.64,163.86,43.87,154.32,80.8,198.12,15.23
2020-04-21,242.785,16.63,163.41,43.81,154.06,77.6,197.85,15.21
2020-04-22,242.539,16.59,163.19,43.79,153.87,80.0,196.51,15.18
2020-04-23,243.329,16.64,163.96,43.97,154.52,79.8,197.47,15.19
2020-04-24,243.985,16.69,164.44,44.08,155.62,80.6,198.3,15.17
2020-04-27,244.492,16.74,164.94,44.25,155.31,80.7,198.67,15.15
2020-04-28,244.997,16.77,165.33,44.34,155.59,82.1,199.12,15.21
2020-04-29,245.252,16.79,165.48,44.39,155.75,83.2,199.82,15.28
2020-04-30,246.028,16.83,166.78,44.49,156.39,82.5,200.35,15.26
2020-05-04,245.199,16.81,165.41,44.38,155.74,80.0,199.79,15.34
2020-05-05,245.342,16.81,165.38,44.39,156.52,81.0,199.74,15.36
2020-05-06,244.964,16.78,165.69,44.32,155.39,81.6,198.98,15.42
2020-05-07,245.121,16.76,164.93,44.26,155.44,81.6,199.01,15.37
2020-05-11,245.064,16.75,164.71,44.24,155.32,85.0,199.31,15.25
2020-05-12,245.011,16.72,164.68,44.17,155.14,88.0,199.34,15.29
2020-05-13,244.999,16.72,164.59,44.15,154.95,89.0,199.96,15.33
2020-05-14,244.394,16.68,164.08,44.03,154.4,84.2,199.88,15.3
2020-05-15,244.208,16.67,163.8,44.01,154.36,86.0,199.97,15.31
2020-05-18,244.071,16.65,163.63,43.98,154.34,88.7,199.65,15.27
2020-05-19,244.635,16.64,164.18,44.03,154.71,91.0,200.16,15.25
2020-05-20,245.261,16.68,164.73,44.16,155.22,91.8,200.43,15.26
2020-05-22,245.847,16.75,165.27,44.32,155.77,93.0,200.66,15.3
2020-05-26,246.481,16.76,165.78,44.42,156.25,97.0,200.39,15.26
2020-05-27,247.71,16.83,166.63,44.61,157.07,98.0,200.81,15.27
2020-05-28,248.198,16.87,167.0,44.7,157.94,99.6,201.54,15.27
2020-05-29,248.377,16.89,167.11,44.73,157.4,98.8,202.12,15.25
2020-06-02,248.966,16.91,167.49,44.81,158.34,100.5,201.77,15.13
2020-06-03,249.504,16.96,168.01,44.94,158.19,102.0,201.14,15.12
2020-06-04,250.235,16.99,167.95,45.11,158.9,102.5,201.56,15.09
2020-06-05,251.509,17.1,170.11,45.46,160.02,105.5,201.19,15.08
2020-06-08,252.633,17.18,171.7,45.67,160.62,105.0,201.71,15.11
2020-06-09,252.125,17.17,170.38,45.57,160.05,104.0,201.64,15.16
2020-06-10,251.699,17.13,170.86,45.43,159.75,102.5,200.93,15.17
2020-06-11,251.046,17.11,169.69,45.33,159.66,99.0,202.07,15.21
2020-06-12,251.131,17.1,169.76,45.31,159.81,98.2,202.34,15.18
2020-06-15,250.865,17.1,169.62,45.28,159.54,98.0,202.52,15.15
2020-06-16,252.092,17.16,170.5,45.55,160.36,100.0,202.75,15.19
2020-06-17,252.019,17.18,170.46,45.54,160.28,101.0,202.93,15.25
2020-06-18,251.763,17.16,170.29,45.47,160.11,99.6,203.24,15.27
2020-06-22,251.795,17.16,170.24,45.47,160.19,104.0,204.14,15.22
2020-06-24,251.806,17.12,170.14,45.37,160.13,104.5,203.77,15.25
2020-06-25,251.766,17.15,170.04,45.4,160.13,104.0,204.07,15.26
2020-06-26,251.809,17.14,170.12,45.37,160.21,104.0,204.27,15.25
2020-06-29,251.594,17.12,169.93,45.32,160.04,105.0,204.1,15.2
2020-06-30,251.634,17.14,169.12,45.36,160.02,104.0,204.42,15.2
2020-07-01,251.532,17.1,169.91,45.31,159.69,103.5,203.4,15.23
2020-07-02,252.108,17.13,171.3,45.43,160.23,106.5,204.04,15.23
2020-07-03,252.27,17.16,170.56,45.48,160.33,106.5,204.07,15.2
2020-07-06,252.647,17.17,170.82,45.53,160.47,111.5,204.16,15.22
2020-07-07,252.585,17.17,170.88,45.54,160.44,110.0,204.55,15.23
2020-07-08,252.536,17.19,170.86,45.56,160.48,109.5,204.75,15.2
2020-07-09,252.689,17.19,171.01,45.59,160.7,109.5,204.8,15.2
2020-07-10,252.792,17.21,170.93,45.61,160.72,110.5,205.02,15.23
2020-07-13,252.647,17.18,170.76,45.54,160.4,110.0,204.22,15.19
2020-07-14,252.86,17.2,170.93,45.6,160.65,110.0,204.77,15.16
2020-07-15,253.248,17.23,171.25,45.7,160.91,111.0,204.76,15.17
2020-07-16,253.543,17.26,171.53,45.77,161.24,111.5,204.98,15.14
2020-07-17,253.604,17.28,171.59,45.82,161.25,111.5,204.93,15.15
2020-07-20,253.988,17.3,172.07,45.9,161.56,112.0,205.61,15.11
2020-07-21,254.461,17.34,172.59,46.04,161.95,116.0,205.6,15.12
2020-07-22,254.76,17.38,172.84,46.12,162.25,115.0,206.14,15.07
2020-07-23,255.014,17.4,172.99,46.16,162.27,114.0,206.31,15.11
2020-07-24,254.774,17.37,172.79,46.11,162.01,113.5,205.8,15.18
2020-07-27,255.092,17.4,172.98,46.17,162.3,112.0,206.19,15.19
2020-07-28,255.213,17.42,173.08,46.22,162.46,112.0,206.31,15.22
2020-07-29,255.106,17.41,172.99,46.2,162.34,112.0,206.26,15.22
2020-07-30,255.171,17.44,173.07,46.23,162.45,111.0,206.78,15.19
2020-07-31,255.045,17.42,172.92,46.16,162.35,110.5,206.31,15.12
2020-08-03,255.119,17.4,172.87,46.14,162.24,111.5,206.16,15.13
2020-08-04,255.44,17.43,173.22,46.22,162.49,112.0,207.19,15.15
2020-08-05,255.456,17.41,173.15,46.2,162.32,112.5,206.68,15.15
2020-08-06,255.822,17.44,173.44,46.3,162.63,113.0,207.28,15.13
2020-08-07,255.763,17.45,173.42,46.32,162.56,113.5,207.43,15.13
2020-08-10,256.152,17.47,173.71,46.36,162.87,113.0,207.42,15.1
2020-08-11,256.241,17.45,173.7,46.36,162.79,115.5,206.83,15.05
2020-08-12,256.359,17.45,173.68,46.38,162.77,116.0,206.63,15.01
2020-08-13,256.32,17.44,173.53,46.35,162.61,115.5,205.67,15.01
2020-08-14,256.339,17.44,173.5,46.36,162.63,115.0,205.85,15.0
2020-08-17,256.517,17.44,173.68,46.36,162.79,113.0,206.1,15.03
2020-08-18,256.651,17.45,173.76,46.4,162.9,114.25,206.34,15.05
2020-08-19,256.883,17.47,173.88,46.43,163.03,115.75,206.66,15.03
2020-08-20,257.065,17.49,174.02,46.49,163.18,114.5,207.09,15.03
2020-08-21,257.208,17.5,174.19,46.49,163.28,115.0,206.83,15.03
2020-08-24,257.281,17.49,174.19,46.51,163.29,117.5,206.83,15.05
2020-08-25,257.075,17.46,173.94,46.42,162.91,117.5,205.73,15.01
2020-08-26,257.03,17.44,173.86,46.37,162.8,118.0,205.58,15.04
2020-08-27,257.059,17.46,173.7,46.39,162.74,118.0,205.74,14.99
2020-08-28,257.196,17.43,173.75,46.38,162.84,118.0,205.34,15.04
2020-09-01,257.42,17.44,173.97,46.37,162.92,117.0,205.09,14.99
2020-09-02,257.88,17.48,174.55,46.48,163.41,119.0,206.32,15.0
2020-09-03,258.072,17.51,174.73,46.55,163.65,118.5,206.92,15.0
2020-09-04,257.882,17.51,174.43,46.5,163.5,113.5,206.36,14.99
2020-09-07,257.89,17.5,174.38,46.49,163.43,115.5,206.08,14.98
2020-09-08,257.979,17.5,174.43,46.52,163.51,116.5,206.6,14.95
2020-09-09,257.659,17.49,174.13,46.43,163.21,116.0,206.3,14.94
2020-09-10,257.531,17.46,174.05,46.4,163.01,117.0,205.98,14.92
2020-09-11,257.79,17.49,174.27,46.45,163.34,117.5,206.58,14.9
2020-09-14,257.787,17.5,174.29,46.48,163.36,118.5,207.13,14.92
2020-09-15,257.841,17.5,174.35,46.48,163.41,119.5,207.06,14.95
2020-09-16,257.9,17.52,174.49,46.51,163.46,117.5,207.42,15.01
2020-09-17,258.023,17.53,174.65,46.54,163.64,119.0,207.48,15.01
2020-09-18,258.011,17.54,174.67,46.55,163.6,119.5,207.43,15.01
2020-09-21,257.828,17.54,174.48,46.54,163.61,118.5,207.92,15.01
2020-09-22,257.343,17.5,174.09,46.43,163.32,119.0,207.86,15.0
2020-09-23,257.414,17.5,174.08,46.43,163.27,121.0,207.98,14.98
2020-09-24,256.8,17.49,173.59,46.35,163.05,116.0,207.81,14.97
2020-09-25,256.557,17.46,173.39,46.3,163.0,118.0,207.95,14.96
2020-09-28,256.79,17.46,173.5,46.32,163.07,120.5,207.95,14.97
2020-09-29,257.032,17.48,172.85,46.35,163.24,121.0,208.2,14.92
2020-09-30,257.053,17.49,173.75,46.36,163.21,122.0,208.03,14.95
2020-10-01,257.488,17.5,174.08,46.42,163.47,123.0,207.94,14.93
2020-10-02,257.581,17.53,174.15,46.48,163.49,122.5,208.28,14.94
2020-10-05,257.752,17.54,174.18,46.51,163.58,125.5,208.08,14.9
2020-10-06,258.056,17.56,174.53,46.6,163.69,127.0,208.27,14.93
2020-10-07,258.074,17.57,174.52,46.6,163.69,128.0,208.01,14.89
2020-10-08,258.434,17.58,174.82,46.67,164.3,128.0,208.41,14.85
2020-10-09,258.501,17.6,174.86,46.71,163.96,128.5,209.06,14.93
2020-10-12,258.726,17.61,175.05,46.74,164.1,129.5,209.31,14.88
2020-10-13,258.855,17.61,175.2,46.78,164.22,130.0,209.5,14.88
2020-10-14,258.939,17.63,176.16,46.81,164.72,131.0,209.76,14.9
2020-10-15,258.753,17.64,175.07,46.81,164.34,129.0,209.83,14.9
2020-10-16,258.925,17.64,175.17,46.83,164.48,130.5,210.28,14.9
2020-10-19,259.222,17.66,175.24,46.84,164.55,132.5,209.71,14.91
2020-10-20,259.134,17.66,175.11,46.85,164.44,132.0,209.6,14.91
2020-10-21,259.139,17.65,175.06,46.84,164.48,131.5,209.3,14.95
2020-10-22,259.008,17.65,174.96,46.83,164.27,130.5,208.93,14.91
2020-10-23,259.146,17.63,175.09,46.82,164.32,131.5,208.9,14.9
2020-10-26,259.06,17.63,175.1,46.82,164.29,130.0,209.16,14.92
2020-10-27,259.19,17.64,175.28,46.87,164.53,130.0,209.69,14.97
2020-10-29,258.323,17.63,174.68,46.77,164.35,119.5,209.91,14.98
2020-10-30,258.095,17.61,174.46,46.73,164.2,120.0,209.89,14.99
2020-11-02,258.266,17.61,174.61,46.74,164.27,121.5,209.93,14.97
2020-11-03,258.637,17.63,174.81,46.8,164.39,125.0,210.07,14.97
2020-11-04,259.058,17.64,175.27,46.86,164.64,129.0,210.46,14.98
2020-11-05,259.857,17.69,175.86,46.99,164.98,132.5,210.33,15.05
2020-11-06,259.988,17.71,176.0,47.04,165.0,134.5,210.24,15.08
2020-11-09,260.636,17.73,176.32,47.16,165.01,140.0,208.96,14.92
2020-11-10,260.573,17.72,176.43,47.18,164.97,136.0,208.45,14.93
2020-11-11,260.803,17.74,176.67,47.25,165.18,134.0,208.92,14.91
2020-11-12,260.838,17.74,176.78,47.26,165.27,135.5,209.34,14.92
2020-11-13,260.9,17.76,176.84,47.28,165.34,135.0,209.81,14.94
2020-11-16,261.348,17.76,177.19,47.34,165.58,136.0,209.9,14.94
2020-11-17,261.621,17.78,177.4,47.37,165.74,131.5,210.23,14.99
2020-11-18,261.687,17.79,177.5,47.38,165.79,132.0,210.13,15.02
2020-11-19,261.833,17.79,176.78,47.4,165.86,133.0,210.34,15.01
2020-11-20,262.064,17.81,178.81,47.43,166.05,133.5,210.38,14.99
2020-11-23,262.272,17.81,178.08,47.45,166.12,134.5,210.26,14.96
2020-11-24,262.496,17.83,178.3,47.52,166.28,133.0,210.33,14.96
2020-11-25,262.66,17.83,178.4,47.54,166.33,132.5,210.39,14.96
2020-11-26,262.86,17.83,178.49,47.56,166.39,132.5,210.46,14.97
2020-11-27,262.911,17.83,178.53,47.55,166.35,132.5,210.43,14.98
2020-11-30,262.862,17.83,178.47,47.54,166.62,133.5,210.39,14.95
2020-12-01,262.816,17.82,178.33,47.51,166.03,135.5,209.71,14.93
2020-12-02,262.956,17.81,178.39,47.5,166.08,135.5,209.48,14.9
2020-12-03,263.359,17.83,178.71,47.57,166.34,134.5,210.03,14.93
2020-12-04,263.632,17.85,178.81,47.62,166.42,133.5,210.0,14.93
2020-12-07,263.906,17.86,179.07,47.69,166.67,134.5,210.38,14.96
2020-12-08,264.049,17.87,179.26,47.74,166.85,134.5,210.81,14.95
2020-12-09,264.125,17.88,179.31,47.74,166.85,134.0,210.67,14.95
2020-12-10,264.116,17.87,179.27,47.75,166.75,135.0,210.75,14.92
2020-12-11,264.177,17.89,179.35,47.78,166.92,134.0,211.33,14.93
2020-12-14,264.124,17.88,179.31,47.74,166.83,135.0,211.1,14.94
2020-12-15,264.067,17.88,179.26,47.75,166.74,136.0,211.26,14.97
2020-12-16,263.878,17.84,179.15,47.69,166.49,138.0,210.56,14.97
2020-12-17,264.027,17.86,179.24,47.73,166.59,138.5,210.98,14.98
2020-12-18,264.101,17.86,179.29,47.74,166.61,139.5,210.7,14.98
2020-12-21,263.922,17.87,179.16,47.71,166.56,138.5,210.58,14.97
2020-12-22,264.024,17.85,179.26,47.72,166.55,141.0,210.69,14.93
2020-12-23,263.762,17.85,179.02,47.66,166.27,140.0,210.0,14.95
2020-12-29,264.084,17.86,179.32,47.73,166.59,143.0,210.55,14.97
2020-12-30,264.079,17.85,179.31,47.73,166.55,144.5,210.67,15.0
2021-01-04,264.586,17.88,179.7,47.79,166.87,142.5,210.74,15.04
2021-01-05,264.541,17.9,179.6,47.82,166.84,143.0,210.68,15.06
2021-01-07,264.857,17.89,179.62,47.86,166.83,144.0,210.35,14.98
2021-01-08,264.991,17.9,179.64,47.89,166.9,145.5,210.63,14.98
2021-01-11,264.773,17.89,179.45,47.85,166.71,145.0,210.06,14.83
2021-01-12,264.264,17.85,179.02,47.77,166.36,143.5,209.42,14.86
2021-01-13,264.512,17.85,179.21,47.78,166.62,142.5,209.88,14.85
2021-01-14,264.701,17.88,179.31,47.83,166.78,144.5,210.13,14.88
2021-01-15,264.614,17.87,179.24,47.79,166.66,143.0,210.09,14.87
2021-01-18,264.456,17.85,179.1,47.74,166.51,142.25,209.66,14.87
2021-01-19,264.584,17.85,179.25,47.74,166.55,142.5,209.77,14.86
2021-01-20,264.894,17.87,179.44,47.79,166.68,141.5,209.92,14.92
2021-01-21,264.876,17.86,179.3,47.77,166.86,143.0,209.21,14.93
2021-01-22,264.903,17.86,179.23,47.77,166.61,142.0,209.01,14.86
2021-01-25,265.032,17.87,179.4,47.82,166.79,142.5,209.71,14.88
2021-01-26,264.904,17.86,179.29,47.79,166.62,144.0,209.81,14.86
2021-01-27,264.779,17.83,179.18,47.76,166.61,140.0,209.88,14.81
2021-01-28,264.405,17.82,178.91,47.65,166.49,137.0,209.56,14.81
2021-01-29,264.436,17.81,178.87,47.65,166.39,137.0,209.21,14.79
2021-02-01,264.762,17.82,179.06,47.7,166.5,141.0,209.31,14.79
2021-02-02,264.908,17.83,179.1,47.73,166.48,142.8,208.94,14.82
2021-02-03,265.083,17.83,179.25,47.77,166.53,145.5,208.89,14.82
2021-02-04,265.104,17.82,179.27,47.75,166.46,142.0,208.65,14.79
2021-02-05,265.239,17.81,179.44,47.79,166.51,145.0,208.8,14.81
2021-02-08,265.363,17.82,179.55,47.78,166.5,144.4,208.41,14.77
2021-02-09,265.346,17.82,179.52,47.8,166.53,144.6,208.66,14.81
2021-02-10,265.402,17.83,179.55,47.82,166.5,146.1,208.72,14.81
2021-02-11,265.606,17.84,179.69,47.84,166.65,146.6,208.94,14.82
2021-02-12,265.467,17.83,179.5,47.79,166.46,146.0,208.25,14.83
2021-02-15,265.319,17.8,179.3,47.74,166.23,150.6,207.72,14.83
2021-02-16,265.215,17.79,179.1,47.72,166.09,149.0,207.4,14.8
2021-02-17,265.295,17.77,179.16,47.72,166.16,149.8,207.14,14.79
2021-02-18,265.13,17.77,178.98,47.68,166.0,146.2,206.38,14.79
2021-02-19,264.968,17.76,178.76,47.66,165.86,148.0,206.28,14.79
2021-02-22,265.045,17.76,178.79,47.67,166.01,146.0,206.72,14.77
2021-02-23,264.886,17.73,178.57,47.61,165.82,144.0,205.75,14.78
2021-02-24,264.867,17.73,178.47,47.57,165.69,142.2,205.36,14.75
2021-02-25,264.219,17.68,177.84,47.5,165.21,142.4,204.67,14.65
2021-02-26,263.83,17.64,177.73,47.42,165.16,139.4,205.26,14.57
2021-03-01,264.506,17.71,178.32,47.54,165.72,141.8,206.34,14.62
2021-03-02,264.71,17.72,178.49,47.56,165.83,141.0,206.23,14.6
2021-03-03,264.448,17.72,178.16,47.55,165.59,141.6,205.72,14.59
2021-03-04,264.433,17.71,178.16,47.54,165.69,137.8,205.86,14.54
2021-03-05,264.171,17.69,177.95,47.48,165.44,136.8,205.44,14.54
2021-03-08,263.905,17.67,177.71,47.46,165.42,133.6,205.42,14.44
2021-03-09,264.042,17.69,177.91,47.49,165.5,134.2,206.04,14.47
2021-03-10,264.162,17.69,177.98,47.47,165.51,135.2,205.97,14.5
2021-03-11,264.638,17.72,178.32,47.53,165.7,137.0,206.7,14.5
2021-03-12,264.533,17.71,178.12,47.49,165.53,136.2,205.9,14.46
2021-03-15,264.72,17.71,178.26,47.5,165.8,138.0,206.07,14.47
2021-03-16,264.767,17.72,178.29,47.53,165.79,137.8,206.37,14.48
2021-03-17,264.523,17.7,177.99,47.47,165.79,137.8,205.43,14.48
2021-03-18,264.287,17.67,177.79,47.39,165.33,136.6,205.0,14.45
2021-03-19,264.337,17.68,177.93,47.42,165.5,137.0,205.34,14.46
2021-03-22,264.418,17.69,178.07,47.45,165.59,135.8,205.47,14.47
2021-03-23,264.571,17.72,178.3,47.5,165.78,136.4,206.06,14.46
2021-03-24,264.697,17.73,178.4,47.52,165.88,135.6,206.26,14.45
2021-03-25,264.847,17.75,178.54,47.57,166.06,136.4,206.69,14.45
2021-03-26,264.718,17.73,178.39,47.54,165.88,137.0,206.2,14.45
2021-03-29,264.588,17.74,178.24,47.53,165.71,136.0,205.9,14.43
2021-03-30,264.41,17.69,178.06,47.47,165.47,135.0,205.2,14.38
2021-03-31,264.603,17.71,178.22,47.54,165.7,136.0,205.55,14.4
2021-04-01,265.073,17.76,178.66,47.66,166.06,138.6,205.91,14.4
2021-04-06,265.406,17.77,178.88,47.72,166.08,136.6,205.45,14.42
2021-04-07,265.571,17.79,178.98,47.75,166.09,140.2,205.55,14.42
2021-04-08,265.735,17.8,179.13,47.78,166.47,141.4,205.84,14.44
2021-04-09,265.592,17.77,178.96,47.72,165.97,143.0,205.02,14.33
2021-04-12,265.592,17.78,178.94,47.72,165.98,143.4,205.09,14.33
2021-04-13,265.53,17.76,178.9,47.71,165.92,147.0,204.93,14.34
2021-04-14,265.352,17.76,178.72,47.69,165.78,147.8,204.83,14.39
2021-04-15,265.678,17.75,179.02,47.69,166.01,148.6,204.83,14.41
2021-04-16,265.676,17.76,178.95,47.7,165.89,150.4,204.77,14.42
2021-04-19,265.594,17.74,178.88,47.67,165.78,151.3,204.26,14.45
2021-04-20,265.5,17.73,178.92,47.68,165.84,149.4,204.39,14.42
2021-04-21,265.451,17.75,178.9,47.72,165.87,148.4,204.9,14.45
2021-04-22,265.448,17.74,178.88,47.72,165.9,150.6,204.98,14.43
2021-04-23,265.468,17.75,178.88,47.7,165.84,152.0,204.68,14.44
2021-04-26,265.471,17.74,177.94,47.7,165.82,153.4,204.59,14.44
2021-04-27,265.487,17.74,178.8,47.69,165.81,153.0,204.33,14.42
2021-04-28,265.451,17.73,178.68,47.66,165.71,153.2,204.09,14.45
2021-04-29,265.382,17.72,178.51,47.6,165.52,153.0,203.23,14.45
2021-04-30,265.464,17.72,178.61,47.63,165.6,152.6,203.43,14.4
2021-05-04,265.686,17.73,178.85,47.69,165.87,149.4,203.98,14.36
2021-05-05,265.666,17.73,178.8,47.67,165.82,149.0,203.68,14.37
2021-05-06,265.575,17.72,178.76,47.66,165.83,150.0,203.43,14.43
2021-05-07,265.544,17.73,178.67,47.66,165.75,150.4,203.16,14.49
2021-05-10,265.627,17.71,178.69,47.64,165.73,147.8,203.15,14.43
2021-05-11,265.169,17.68,178.29,47.56,165.35,143.0,202.52,14.43
2021-05-12,264.882,17.66,177.97,47.5,165.12,141.8,202.07,14.34
2021-05-14,264.835,17.63,177.92,47.45,165.02,144.6,201.7,14.39
2021-05-17,264.793,17.62,177.87,47.44,164.98,143.0,201.23,14.35
2021-05-18,264.763,17.63,177.81,47.43,164.96,144.0,201.36,14.38
2021-05-19,264.565,17.61,177.67,47.38,164.9,142.6,201.24,14.32
2021-05-20,264.468,17.59,177.66,47.35,164.79,143.4,201.62,14.32
2021-05-21,264.649,17.62,177.31,47.39,164.94,145.4,202.11,14.31
2021-05-25,265.022,17.64,178.23,47.47,165.22,152.0,202.72,14.32
2021-05-26,265.279,17.67,178.48,47.53,165.43,151.6,203.32,14.36
2021-05-27,265.217,17.66,178.33,47.5,165.27,151.6,202.99,14.37
2021-05-28,265.369,17.66,178.46,47.52,165.35,152.6,203.03,14.4
2021-06-01,265.564,17.67,178.52,47.54,165.36,155.0,203.16,14.42
2021-06-02,265.784,17.68,178.73,47.58,165.53,155.6,203.3,14.43
2021-06-03,265.746,17.69,178.67,47.58,165.5,154.2,203.21,14.4
2021-06-04,265.941,17.69,178.88,47.63,165.69,153.0,203.43,14.47
2021-06-07,265.94,17.69,178.85,47.63,165.65,152.8,203.16,14.48
2021-06-08,266.196,17.71,179.07,47.68,165.82,153.2,203.42,14.41
2021-06-09,266.406,17.74,179.3,47.76,166.02,153.8,204.23,14.39
2021-06-10,266.527,17.73,179.44,47.75,166.02,153.0,203.96,14.42
2021-06-11,266.724,17.76,179.67,47.83,166.19,152.6,204.52,14.4
2021-06-14,266.737,17.76,179.6,47.83,166.15,153.8,204.11,14.39
2021-06-15,266.655,17.75,180.05,47.82,166.03,154.4,203.92,14.38
2021-06-16,266.655,17.74,179.55,47.8,166.08,153.6,203.96,14.29
2021-06-17,266.394,17.73,179.41,47.76,165.96,150.6,203.44,14.27
2021-06-18,266.427,17.74,179.47,47.79,166.02,151.0,203.43,14.23
2021-06-21,266.159,17.72,179.2,47.72,165.76,150.0,203.26,14.23
2021-06-22,266.134,17.7,179.15,47.7,165.67,150.8,203.24,14.23
2021-06-24,266.253,17.71,179.36,47.74,165.81,151.4,203.52,14.26
2021-06-28,266.324,17.71,179.44,47.74,165.82,151.0,203.17,14.25
2021-06-29,266.267,17.71,179.37,47.73,165.76,151.8,203.21,14.24
2021-06-30,266.412,17.72,179.62,47.77,165.95,151.6,203.68,14.23
2021-07-01,266.434,17.73,179.61,47.8,165.95,151.8,203.94,14.18
2021-07-02,266.618,17.75,179.82,47.85,166.13,153.8,204.3,14.22
2021-07-05,266.525,17.74,179.73,47.84,166.01,153.8,204.04,14.22
2021-07-06,266.877,17.75,180.12,47.91,166.37,154.4,204.76,14.16
2021-07-07,267.095,17.78,180.89,47.99,166.58,156.0,205.34,14.14
2021-07-08,267.062,17.81,180.33,48.02,166.7,153.6,205.33,14.04
2021-07-09,267.026,17.8,180.21,47.98,166.51,154.2,204.93,14.08
2021-07-12,267.096,17.8,180.27,47.99,166.58,154.2,205.13,14.09
2021-07-13,267.136,17.8,180.3,48.01,166.64,156.0,205.35,14.07
2021-07-14,267.316,17.82,180.46,48.02,166.74,155.6,205.41,14.13
2021-07-15,267.424,17.82,180.57,48.06,166.84,153.6,205.63,14.1
2021-07-16,267.563,17.83,180.69,48.09,166.97,153.0,205.95,14.09
2021-07-19,267.602,17.84,180.81,48.12,167.17,151.0,206.3,13.99
2021-07-20,267.678,17.87,180.88,48.16,167.27,152.2,206.76,14.01
2021-07-21,267.67,17.86,180.78,48.13,167.17,153.4,206.32,14.05
2021-07-22,267.937,17.86,181.03,48.15,167.33,154.4,206.47,14.06
2021-07-23,267.992,17.86,181.1,48.18,167.32,156.4,206.9,14.04
2021-07-26,268.043,17.87,181.09,48.17,167.36,159.8,206.67,14.05
2021-07-27,268.179,17.88,181.22,48.21,167.53,154.2,206.97,14.01
2021-07-28,268.302,17.89,181.3,48.23,167.63,155.0,206.81,14.08
2021-07-29,268.406,17.89,181.34,48.24,167.66,157.4,206.78,14.14
2021-07-30,268.494,17.9,181.44,48.25,167.75,156.6,206.99,14.05
2021-08-02,268.726,17.91,181.67,48.28,167.88,158.0,207.45,14.07
2021-08-03,268.76,17.92,181.69,48.33,167.95,158.6,207.8,14.08
2021-08-04,268.982,17.94,181.86,48.37,168.0,161.0,207.86,14.11
2021-08-05,269.046,17.95,181.84,48.37,168.12,161.6,208.14,14.1
2021-08-06,268.786,17.92,181.51,48.3,167.8,160.8,207.49,14.06
2021-08-09,268.778,17.91,181.52,48.31,167.79,160.2,207.75,13.98
2021-08-10,268.753,17.92,181.47,48.31,167.8,159.2,208.01,13.98
2021-08-11,268.767,17.91,181.45,48.27,167.75,159.0,207.58,14.0
2021-08-12,268.718,17.9,181.41,48.26,167.73,160.2,207.61,13.99
2021-08-13,268.743,17.89,181.48,48.26,167.73,161.4,207.74,14.0
2021-08-16,268.775,17.9,181.54,48.29,167.76,158.6,207.91,13.97
2021-08-17,268.747,17.91,181.52,48.28,167.77,156.4,207.64,13.92
2021-08-18,268.832,17.91,181.59,48.28,167.84,159.0,207.87,13.91
2021-08-19,268.778,17.9,181.58,48.26,167.86,156.8,207.9,13.85
2021-08-20,268.81,17.91,181.6,48.26,167.86,158.8,208.06,13.85
2021-08-23,268.769,17.9,181.54,48.24,167.77,161.2,207.78,13.9
2021-08-24,268.742,17.9,181.51,48.23,167.73,162.6,207.82,13.97
2021-08-25,268.422,17.88,181.18,48.17,167.42,163.4,206.97,13.98
2021-08-26,268.293,17.85,181.06,48.13,167.38,162.8,206.38,13.95
2021-08-27,268.387,17.85,181.18,48.12,167.33,164.6,206.52,14.04
2021-08-31,268.298,17.84,180.99,48.11,167.13,166.0,206.36,14.09
2021-09-01,268.274,17.83,180.96,48.09,167.04,167.2,206.0,14.07
2021-09-02,268.384,17.83,181.05,48.1,167.14,168.4,206.16,14.07
2021-09-03,268.24,17.82,180.89,48.07,167.03,166.4,205.68,14.07
2021-09-06,268.299,17.81,180.94,48.08,167.06,169.4,205.89,14.06
2021-09-07,268.016,17.79,180.66,48.02,166.77,168.6,205.15,14.02
2021-09-08,267.982,17.78,180.68,48.01,166.77,167.8,205.35,13.89
2021-09-09,268.226,17.79,180.96,48.03,167.0,166.2,205.94,13.91
2021-09-10,268.085,17.8,180.83,48.05,166.87,167.0,205.84,13.91
2021-09-13,268.163,17.79,180.93,48.05,167.12,164.6,205.78,13.93
2021-09-14,268.275,17.79,181.07,48.05,166.95,164.2,205.95,13.94
2021-09-15,268.183,17.79,180.93,48.06,166.85,162.4,205.58,14.0
2021-09-16,268.224,17.78,180.93,48.03,166.83,163.6,205.25,13.95
2021-09-17,267.954,17.77,180.79,48.01,166.73,163.2,205.02,13.9
2021-09-20,267.93,17.79,180.89,48.03,166.88,159.2,205.41,13.86
2021-09-21,267.946,17.79,180.88,48.05,166.93,161.8,205.77,13.88
2021-09-22,268.044,17.79,180.95,48.03,166.87,162.8,205.78,13.9
2021-09-23,267.597,17.76,180.53,47.97,166.46,163.4,205.12,13.91
2021-09-24,267.257,17.73,180.28,47.9,166.3,161.0,204.32,13.86
2021-09-27,267.127,17.71,180.19,47.89,166.2,157.2,204.17,13.84
2021-09-28,266.759,17.69,179.87,47.83,166.0,155.0,203.61,13.76
2021-09-29,266.735,17.71,179.94,47.88,166.16,155.0,204.18,13.73
2021-09-30,266.57,17.7,179.84,47.83,166.06,152.4,203.5,13.79
2021-10-01,266.534,17.72,179.93,47.87,166.17,149.0,204.19,13.85
2021-10-04,266.581,17.7,179.86,47.84,166.15,145.6,203.71,13.83
2021-10-05,266.259,17.7,179.61,47.82,165.93,148.2,203.64,13.82
2021-10-06,265.643,17.66,179.37,47.73,165.79,145.6,203.48,13.81
2021-10-07,265.871,17.68,179.4,47.74,165.88,150.0,203.47,13.81
2021-10-08,265.726,17.66,179.14,47.71,165.69,147.4,203.17,13.74
2021-10-11,265.274,17.62,178.8,47.62,165.41,144.4,202.56,13.7
2021-10-12,264.739,17.59,178.46,47.53,165.15,145.0,202.53,13.7
2021-10-13,264.958,17.58,178.68,47.56,165.31,145.8,203.17,13.76
2021-10-14,265.698,17.63,179.22,47.66,165.66,148.4,203.83,13.76
2021-10-15,265.663,17.63,179.12,47.68,165.68,151.0,203.5,13.78
2021-10-18,265.38,17.61,178.88,47.65,165.41,150.8,203.37,13.73
2021-10-19,265.212,17.58,178.66,47.59,165.19,151.4,202.7,13.77
2021-10-20,265.375,17.6,178.8,47.63,165.29,151.0,202.97,13.78
2021-10-21,265.07,17.58,178.56,47.59,165.06,153.8,202.67,13.71
2021-10-22,264.976,17.55,178.57,47.58,165.04,154.0,202.81,13.71
2021-10-25,265.004,17.56,178.71,47.61,165.23,154.0,202.97,13.75
2021-10-26,265.098,17.58,178.73,47.65,165.26,156.4,203.14,13.74
2021-10-27,265.4,17.61,179.12,47.73,165.56,156.8,203.95,13.72
2021-10-28,265.139,17.56,178.84,47.69,165.36,155.4,203.27,13.7
2021-10-29,264.824,17.54,178.44,47.59,164.88,154.6,202.33,13.67
2021-11-02,265.09,17.6,178.8,47.67,165.46,159.2,203.42,13.59
2021-11-03,265.126,17.61,178.81,47.68,165.42,159.0,203.5,13.62
2021-11-04,265.787,17.65,179.37,47.8,165.92,162.8,204.43,13.59
2021-11-05,266.251,17.69,179.84,47.9,166.28,163.6,205.32,13.65
2021-11-08,266.243,17.69,179.73,47.91,166.22,163.2,205.1,13.62
2021-11-09,266.457,17.7,180.04,47.95,166.44,163.4,205.73,13.66
2021-11-10,266.09,17.7,179.58,47.92,166.18,160.6,205.22,13.61
2021-11-11,265.827,17.66,179.34,47.83,165.94,162.0,204.46,13.64
2021-11-12,265.855,17.67,179.38,47.82,166.06,162.2,204.61,13.62
2021-11-15,265.396,17.65,178.96,47.78,165.85,163.6,204.47,13.65
2021-11-16,265.338,17.62,178.9,47.7,165.73,164.4,204.19,13.61
2021-11-17,265.106,17.6,178.71,47.63,165.54,163.2,204.13,13.62
2021-11-18,265.284,17.61,178.97,47.69,166.05,162.4,204.67,13.56
2021-11-19,265.579,17.67,179.4,47.8,166.24,162.4,205.65,13.55
2021-11-22,265.253,17.66,178.99,47.79,166.0,160.2,205.41,13.52
2021-11-23,264.653,17.61,178.37,47.64,165.56,155.2,204.01,13.52
2021-11-24,264.388,17.58,178.16,47.55,165.32,155.6,203.26,13.5
2021-11-25,264.244,17.57,178.13,47.54,165.35,157.0,203.79,13.51
2021-11-26,263.354,17.54,177.95,47.43,165.42,151.6,205.02,13.45
2021-11-29,263.379,17.53,177.95,47.42,165.3,153.2,204.55,13.48
2021-11-30,263.537,17.56,178.14,47.52,165.52,152.8,205.69,13.52
2021-12-01,264.071,17.57,178.4,47.6,165.62,153.8,205.13,13.49
2021-12-02,264.305,17.63,178.68,47.71,165.93,150.6,205.8,13.54
2021-12-03,264.621,17.62,178.97,47.73,166.0,149.0,205.73,13.48
2021-12-07,265.095,17.65,179.26,47.84,166.16,153.0,206.28,13.58
2021-12-08,264.856,17.64,178.92,47.82,165.85,154.4,205.4,13.58
2021-12-09,265.135,17.66,179.16,47.84,166.12,154.2,205.7,13.55
2021-12-10,265.065,17.65,179.12,47.83,166.09,152.8,205.87,13.55
2021-12-13,265.328,17.65,179.54,47.85,166.27,149.0,206.22,13.53
2021-12-14,265.249,17.66,179.42,47.84,166.17,146.0,206.13,13.49
2021-12-15,265.183,17.66,179.31,47.82,166.03,143.8,206.01,13.5
2021-12-16,265.203,17.63,179.27,47.8,165.98,144.8,205.47,13.49
2021-12-17,265.388,17.67,179.52,47.85,166.15,142.2,206.07,13.49
2021-12-20,265.243,17.66,179.36,47.84,166.13,142.8,205.77,13.43
2021-12-21,264.937,17.64,178.88,47.76,165.73,144.0,204.6,13.45
2021-12-22,264.873,17.6,178.88,47.72,165.64,145.8,204.11,13.5
2021-12-23,264.722,17.59,178.61,47.67,165.34,147.4,203.31,13.53
2021-12-29,264.397,17.56,178.23,47.61,164.99,148.4,202.53,13.56
2021-12-30,264.43,17.54,178.25,47.59,164.95,148.0,202.43,13.57
2022-01-04,264.388,17.52,177.72,47.52,164.77,147.4,202.04,13.49
2022-01-05,264.524,17.51,177.7,47.51,164.82,144.8,201.67,13.46
2022-01-07,264.017,17.49,177.11,47.43,164.44,139.2,201.11,13.48
2022-01-10,263.712,17.47,176.95,47.36,164.3,133.0,200.8,13.41
2022-01-11,263.568,17.44,176.88,47.33,164.14,134.6,200.7,13.49
2022-01-12,263.758,17.45,177.08,47.35,164.33,136.4,201.27,13.55
2022-01-13,263.75,17.45,177.25,47.36,164.5,135.6,201.79,13.54
2022-01-14,263.26,17.44,176.73,47.28,164.17,132.0,201.4,13.53
2022-01-17,263.012,17.41,176.52,47.21,163.95,132.6,200.9,13.53
2022-01-18,262.616,17.39,176.12,47.16,163.82,129.6,200.78,13.49
2022-01-19,262.53,17.38,176.12,47.16,163.79,129.8,200.41,13.54
2022-01-20,262.656,17.41,176.25,47.23,164.0,131.4,200.85,13.52
2022-01-21,262.69,17.42,176.55,47.27,164.16,129.0,201.34,13.51
2022-01-24,262.366,17.43,176.52,47.23,164.18,122.2,201.42,13.47
2022-01-25,261.99,17.4,176.16,47.17,164.03,119.6,201.26,13.48
2022-01-26,262.276,17.4,176.11,47.17,164.04,121.8,200.56,13.47
2022-01-27,261.807,17.36,175.93,47.1,163.84,119.0,200.72,13.44
2022-01-28,261.065,17.32,175.57,46.98,163.51,116.6,200.48,13.43
2022-01-31,260.434,17.27,175.09,46.87,162.99,121.2,199.86,13.48
2022-02-01,260.391,17.27,174.94,46.85,162.82,125.2,199.6,13.53
2022-02-02,260.577,17.25,175.1,46.87,162.8,124.8,199.46,13.54
2022-02-03,259.142,17.19,173.89,46.66,161.79,121.8,197.97,13.5
2022-02-04,256.758,17.01,172.3,46.22,160.56,119.6,197.2,13.46
2022-02-07,255.231,16.91,171.38,45.92,159.9,120.4,196.09,13.5
2022-02-08,255.276,16.93,171.25,45.97,159.82,119.0,195.29,13.42
2022-02-09,256.16,16.97,171.37,46.03,160.3,123.0,195.72,13.46
2022-02-10,255.541,16.96,171.25,46.07,159.82,121.0,195.3,13.4
2022-02-11,254.974,16.92,170.97,45.95,159.62,118.8,195.05,13.42
2022-02-14,254.211,16.88,170.49,45.84,159.36,115.0,194.91,13.43
2022-02-15,254.311,16.85,170.34,45.76,159.18,118.0,193.85,13.46
2022-02-16,254.604,16.89,170.57,45.84,159.52,118.0,194.58,13.5
2022-02-17,254.918,16.9,170.99,45.88,159.8,115.8,195.05,13.48
2022-02-18,254.937,16.92,171.2,45.9,159.91,114.4,195.22,13.5
2022-02-21,254.395,16.91,170.8,45.83,159.66,110.0,195.1,13.51
2022-02-22,253.391,16.8,170.1,45.55,159.06,109.6,194.15,13.57
2022-02-23,253.519,16.81,170.16,45.59,159.11,109.2,194.3,13.58
2022-02-24,252.21,16.76,169.67,45.4,158.77,104.4,195.27,13.48
2022-02-25,252.651,16.76,169.58,45.46,158.77,108.0,194.91,13.54
2022-02-28,252.634,16.79,170.32,45.45,158.98,110.2,195.38,13.52
2022-03-01,254.105,16.94,172.01,45.77,160.4,106.4,198.51,13.54
2022-03-02,253.024,16.94,170.96,45.74,160.26,108.0,198.07,13.56
2022-03-03,253.074,16.92,170.88,45.65,159.88,103.8,197.08,13.56
2022-03-04,252.819,16.97,170.63,45.76,160.32,98.0,198.51,13.53
2022-03-07,250.683,16.83,169.77,45.4,159.22,95.0,198.3,13.44
2022-03-08,249.79,16.75,168.79,45.19,158.46,93.0,196.94,13.39
2022-03-09,250.132,16.72,168.52,45.15,158.2,100.4,195.51,13.46
2022-03-10,249.619,16.67,167.99,45.08,157.71,99.0,194.03,13.46
2022-03-11,249.667,16.64,168.15,45.04,157.54,101.6,193.91,13.41
2022-03-14,248.953,16.63,167.21,44.95,157.03,102.2,192.94,13.36
2022-03-15,248.895,16.63,167.3,44.91,157.3,101.4,193.01,13.36
2022-03-16,249.293,16.63,167.3,44.95,157.18,106.6,192.74,13.43
2022-03-17,250.099,16.65,167.71,45.07,157.43,107.2,192.89,13.49
2022-03-18,250.322,16.71,168.03,45.16,157.67,111.0,193.21,13.51
2022-03-21,250.078,16.69,167.46,45.12,157.33,110.0,192.08,13.52
2022-03-22,249.826,16.62,167.12,44.98,156.9,109.0,191.27,13.53
2022-03-23,250.187,16.65,167.5,45.03,157.4,107.0,191.64,13.54
2022-03-24,249.649,16.62,167.17,44.98,156.89,106.0,191.36,13.6
2022-03-25,249.246,16.6,166.7,44.91,156.94,105.8,190.79,13.62
2022-03-28,249.302,16.59,166.81,44.87,156.54,105.8,190.92,13.58
2022-03-29,249.72,16.59,166.98,44.93,156.49,108.4,190.55,13.65
2022-03-30,249.746,16.55,167.03,44.87,156.37,109.4,189.09,13.64
2022-03-31,250.483,16.63,167.72,45.03,157.04,108.2,190.45,13.62
2022-04-01,250.472,16.63,167.65,45.02,156.91,108.0,189.94,13.68
2022-04-04,250.873,16.7,167.9,45.15,157.21,107.8,190.84,13.77
2022-04-05,250.118,16.63,167.04,45.05,156.54,108.2,189.41,13.73
2022-04-06,249.531,16.54,166.65,44.85,156.24,105.4,187.92,13.69
2022-04-07,249.156,16.5,166.25,44.75,155.96,104.2,187.68,13.66
2022-04-08,248.748,16.48,165.87,44.72,155.71,104.0,187.44,13.59
2022-04-11,247.986,16.4,165.13,44.51,154.98,102.8,186.66,13.53
2022-04-12,247.725,16.4,165.16,44.47,155.02,102.8,186.76,13.58
2022-04-13,247.593,16.39,165.25,44.46,155.1,102.0,186.76,13.59
2022-04-14,247.368,16.37,164.73,44.43,154.77,102.2,186.06,13.57
2022-04-19,246.908,16.27,164.16,44.21,154.27,99.6,184.43,13.53
2022-04-20,247.008,16.32,164.39,44.25,154.51,101.4,185.62,13.56
2022-04-21,246.437,16.28,163.62,44.15,154.0,102.4,185.18,13.47
2022-04-22,245.865,16.21,163.19,43.97,153.45,101.0,184.45,13.32
2022-04-25,245.904,16.23,163.64,43.95,153.82,97.5,185.25,13.23
2022-04-26,245.603,16.24,163.66,43.96,153.92,95.0,185.49,13.14
2022-04-27,244.904,16.21,163.25,43.85,153.52,94.5,185.52,13.15
2022-04-28,244.325,16.14,162.67,43.74,152.95,95.0,183.99,13.12
2022-04-29,243.797,16.12,162.31,43.65,152.6,97.0,183.9,13.14
2022-05-03,243.139,16.08,161.79,43.56,152.43,95.0,183.15,13.12
2022-05-04,242.64,16.01,161.68,43.41,152.37,94.4,182.07,13.21
2022-05-05,242.279,16.05,161.27,43.45,151.89,92.9,182.09,13.04
2022-05-06,240.501,15.91,160.14,43.12,150.68,90.0,180.66,13.0
2022-05-10,239.799,15.9,160.42,43.01,151.15,85.6,181.51,12.79
2022-05-11,240.445,15.9,160.72,43.06,151.33,87.7,181.51,12.77
2022-05-12,240.913,16.04,161.54,43.25,152.09,83.6,183.66,12.75
2022-05-13,240.729,16.02,161.04,43.26,151.98,87.5,182.78,12.8
2022-05-16,240.779,16.02,161.2,43.27,152.11,89.0,182.79,12.79
2022-05-17,240.592,15.98,160.63,43.21,151.6,90.6,181.46,12.88
2022-05-18,240.347,15.96,160.84,43.16,151.66,90.4,181.57,12.79
2022-05-19,239.678,15.98,160.82,43.15,151.59,88.2,182.72,12.88
2022-05-20,239.746,16.01,160.25,43.17,151.72,89.1,181.65,12.91
2022-05-23,239.399,15.99,159.66,43.16,151.36,89.5,181.72,12.97
2022-05-24,239.453,15.96,160.81,43.09,151.64,88.6,181.1,12.95
2022-05-25,239.444,16.01,160.79,43.13,151.59,87.3,181.63,12.94
2022-05-27,240.288,16.03,161.11,43.27,152.15,93.0,181.85,13.02
2022-05-30,240.1,15.99,160.88,43.21,151.63,94.4,180.39,13.1
2022-05-31,239.607,15.93,160.5,43.13,151.1,93.0,179.45,13.1
2022-06-01,239.204,15.94,160.15,43.12,150.79,92.0,179.33,13.1
2022-06-07,238.457,15.83,159.38,42.85,150.07,93.5,177.16,13.07
2022-06-08,238.076,15.76,158.95,42.74,149.64,92.9,176.29,12.96
2022-06-09,236.809,15.66,158.18,42.52,148.75,91.6,175.22,12.88
2022-06-10,234.902,15.57,156.18,42.24,147.74,88.8,174.39,12.77
2022-06-13,231.969,15.34,154.93,41.67,145.79,85.0,172.33,12.61
2022-06-14,230.139,15.2,153.64,41.34,144.74,84.0,170.97,12.57
2022-06-15,230.714,15.22,154.29,41.39,145.36,83.9,172.67,12.66
2022-06-16,229.049,15.05,153.65,41.0,144.52,78.7,170.85,12.56
2022-06-17,228.958,15.13,153.9,41.09,144.59,80.2,172.46,12.5
2022-06-20,228.341,15.1,153.31,41.08,144.26,80.5,172.36,12.51
2022-06-21,228.498,15.11,153.25,41.06,144.27,80.1,171.46,12.51
2022-06-22,228.958,15.2,154.0,41.19,144.99,79.5,173.47,12.47
2022-06-27,229.005,15.26,154.33,41.37,145.75,84.9,174.5,12.45
2022-06-28,228.01,15.17,153.78,41.13,145.08,82.6,173.29,12.42
2022-06-29,227.545,15.17,154.83,41.06,145.59,81.9,174.03,12.41
2022-06-30,227.377,15.23,154.61,41.13,145.96,79.4,176.04,12.42
2022-07-01,228.197,15.33,155.36,41.35,147.03,80.9,177.55,12.37
2022-07-04,227.492,15.29,154.81,41.31,146.21,81.0,176.33,12.41
2022-07-05,228.43,15.41,155.88,41.53,147.3,79.0,177.45,12.29
2022-07-06,228.62,15.5,156.0,41.7,147.77,81.7,178.33,12.28
2022-07-07,228.392,15.44,155.55,41.65,147.64,82.5,176.75,12.33
2022-07-08,229.098,15.48,155.81,41.8,147.58,83.7,176.83,12.24
2022-07-11,229.882,15.54,156.57,41.93,148.26,83.2,177.21,12.13
2022-07-12,230.487,15.62,157.25,42.11,148.98,83.0,179.35,12.12
2022-07-13,230.155,15.56,157.11,42.02,148.59,82.1,178.12,12.15
2022-07-14,229.635,15.53,156.8,41.9,148.19,80.6,177.87,12.06
2022-07-15,229.887,15.56,156.92,41.96,148.54,82.0,178.47,12.12
2022-07-18,229.836,15.52,156.52,41.91,148.11,83.9,177.54,12.15
2022-07-19,229.899,15.5,156.07,41.85,147.76,85.4,177.78,12.21
2022-07-20,231.202,15.62,156.69,42.12,148.46,86.1,177.72,12.17
2022-07-21,231.447,15.56,156.81,42.08,148.79,88.8,176.78,12.14
2022-07-22,233.637,15.8,158.4,42.6,150.26,88.3,179.89,12.16
2022-07-25,234.74,15.83,158.9,42.69,150.72,88.4,178.95,12.2
2022-07-26,235.12,15.91,159.53,42.84,151.08,87.7,180.65,12.21
2022-07-27,234.898,15.86,159.26,42.78,151.02,87.7,180.32,12.3
2022-07-28,236.513,15.97,160.29,43.03,152.09,91.3,182.22,12.42
2022-07-29,237.103,15.96,160.66,43.08,152.17,92.7,182.33,12.5
2022-08-01,237.688,16.04,161.1,43.24,152.55,92.8,183.56,12.54
2022-08-02,237.346,16.07,160.79,43.28,152.32,90.4,183.63,12.45
2022-08-03,237.187,15.98,160.41,43.12,151.86,93.7,182.71,12.47
2022-08-04,238.051,16.02,161.01,43.22,152.28,95.9,183.5,12.5
2022-08-05,237.099,15.97,160.02,43.11,151.39,93.0,182.27,12.45
2022-08-08,237.61,15.96,160.33,43.13,151.72,94.3,182.64,12.43
2022-08-09,237.601,15.92,160.29,43.06,151.42,92.5,181.58,12.4
2022-08-10,237.804,15.95,160.23,43.13,151.78,94.0,182.69,12.54
2022-08-11,237.878,15.95,159.99,43.16,151.53,96.1,181.66,12.49
2022-08-12,237.883,15.96,159.9,43.12,151.54,94.9,181.02,12.56
2022-08-16,238.288,15.97,160.19,43.16,151.71,94.9,180.59,12.46
2022-08-17,236.771,15.85,159.17,42.85,150.63,91.8,179.52,12.38
2022-08-18,236.193,15.76,158.78,42.73,150.38,92.4,179.72,12.3
2022-08-19,234.915,15.64,157.84,42.47,149.27,92.6,177.85,12.22
2022-08-22,233.239,15.55,156.96,42.18,148.36,89.0,176.89,12.18
2022-08-23,232.849,15.47,156.63,42.01,148.07,88.0,175.98,12.27
2022-08-24,232.624,15.48,156.24,42.01,147.8,88.0,175.46,12.24
2022-08-25,233.339,15.53,156.73,42.12,148.59,88.1,175.96,12.29
2022-08-26,232.623,15.49,156.34,42.08,148.08,87.6,175.09,12.24
2022-08-30,230.827,15.33,155.24,41.74,146.47,87.0,174.25,12.15
2022-08-31,229.784,15.27,154.65,41.53,145.94,86.1,173.99,12.11
2022-09-01,228.851,15.21,153.94,41.36,145.46,83.6,172.78,12.04
2022-09-02,229.5,15.26,154.32,41.55,146.13,85.7,173.91,12.07
2022-09-05,228.393,15.21,153.86,41.38,145.54,84.8,172.74,12.06
2022-09-06,228.269,15.21,153.4,41.37,145.5,84.9,172.38,11.97
2022-09-07,228.625,15.24,153.69,41.45,145.77,84.9,173.47,11.97
2022-09-08,228.226,15.2,153.21,41.4,145.26,85.5,172.78,11.91
2022-09-09,228.928,15.21,153.6,41.42,145.63,89.0,171.86,11.98
2022-09-12,229.651,15.27,154.05,41.58,146.16,91.1,172.51,12.0
2022-09-13,228.896,15.23,153.47,41.47,145.45,87.2,171.81,11.85
2022-09-14,228.494,15.16,153.32,41.33,145.36,85.6,171.7,11.88
2022-09-15,228.043,15.17,152.95,41.31,145.08,85.3,172.16,11.81
2022-09-16,227.602,15.11,152.76,41.17,144.56,83.6,171.66,11.83
2022-09-20,226.33,14.98,151.61,40.91,143.54,82.0,169.62,11.79
2022-09-21,226.022,14.99,151.58,40.88,143.44,82.0,170.49,11.78
2022-09-22,225.241,14.92,150.91,40.72,142.84,81.2,169.81,11.78
2022-09-23,224.139,14.88,150.28,40.57,142.32,79.4,169.42,11.65
2022-09-26,222.51,14.75,149.12,40.3,141.63,80.5,168.19,11.51
2022-09-27,221.681,14.72,148.33,40.18,140.81,80.6,166.63,11.52
2022-09-28,220.842,14.61,148.35,39.91,140.54,81.2,166.41,11.57
2022-09-29,220.018,14.57,147.63,39.78,140.11,78.0,165.79,11.53
2022-09-30,220.421,14.68,147.83,39.94,140.56,79.5,166.92,11.47
2022-10-03,221.352,14.76,148.71,40.06,141.59,79.7,168.2,11.59
2022-10-04,223.129,14.89,149.68,40.47,142.41,84.4,169.56,11.66
2022-10-05,222.251,14.84,148.73,40.38,141.49,83.2,167.9,11.62
2022-10-06,221.914,14.76,148.46,40.21,141.01,84.3,167.35,11.59
2022-10-07,221.075,14.63,147.82,40.01,140.25,81.0,165.95,11.56
2022-10-10,220.078,14.62,147.05,39.93,139.49,79.0,165.44,11.49
2022-10-11,219.886,14.49,147.05,39.66,139.49,78.4,164.2,11.45
2022-10-12,219.531,14.47,146.76,39.6,139.07,77.4,163.43,11.43
2022-10-13,219.034,14.46,146.4,39.47,138.84,77.5,163.98,11.44
2022-10-14,219.093,14.53,146.18,39.6,138.91,77.5,164.44,11.32
2022-10-17,219.471,14.55,146.55,39.57,139.28,79.1,164.78,11.33
2022-10-18,219.945,14.57,146.81,39.64,139.72,81.2,164.91,11.34
2022-10-19,219.301,14.49,146.24,39.5,139.15,79.5,164.18,11.27
2022-10-20,218.869,14.45,145.91,39.37,138.97,79.6,163.51,11.25
2022-10-21,218.619,14.43,145.75,39.29,138.85,78.8,163.24,11.32
2022-10-24,219.396,14.51,146.27,39.5,139.39,78.8,164.69,11.2
2022-10-25,220.636,14.61,147.27,39.69,140.43,83.0,166.44,11.27
2022-10-26,221.436,14.66,147.88,39.83,140.84,84.1,166.82,11.37
2022-10-27,222.889,14.73,149.03,40.02,141.81,82.3,167.85,11.4
2022-10-28,222.244,14.71,148.39,40.01,141.4,81.1,167.54,11.37
2022-10-31,222.677,14.72,148.45,40.03,141.21,81.0,166.87,11.35
2022-11-02,223.113,14.75,148.8,40.12,141.89,84.0,167.09,11.39
2022-11-03,222.193,14.7,148.09,39.94,140.76,81.9,166.21,11.34
2022-11-04,222.424,14.69,148.08,39.97,140.79,84.5,165.9,11.48
2022-11-07,222.53,14.73,147.98,39.98,140.85,84.0,165.39,11.46
2022-11-08,223.05,14.68,148.47,40.02,141.15,85.6,165.86,11.5
2022-11-09,223.728,14.78,148.97,40.11,141.67,85.8,166.39,11.48
2022-11-10,225.805,14.92,150.5,40.51,143.13,91.0,169.0,11.67
2022-11-11,226.246,14.95,150.48,40.7,142.88,94.0,167.46,11.84
2022-11-14,226.687,14.99,150.77,40.79,143.08,95.0,167.69,11.8
2022-11-15,227.235,15.03,151.33,40.87,143.6,94.35,168.27,11.84
2022-11-16,227.815,15.07,151.96,41.0,143.99,92.15,169.41,11.73
2022-11-17,227.594,15.06,151.74,40.97,143.75,91.5,169.05,11.65
2022-11-18,227.938,15.05,151.92,41.0,144.04,91.2,169.58,11.65
2022-11-21,228.301,15.1,152.16,41.09,144.25,90.35,170.07,11.58
2022-11-22,228.897,15.1,152.55,41.15,144.46,88.8,169.9,11.64
2022-11-23,229.615,15.15,153.01,41.25,144.89,89.0,170.96,11.73
2022-11-24,230.766,15.25,153.71,41.47,145.61,91.9,171.98,11.8
2022-11-25,230.177,15.19,153.27,41.37,145.04,91.9,170.35,11.75
2022-11-28,230.07,15.19,153.21,41.33,145.02,90.7,170.13,11.73
2022-11-29,230.481,15.22,153.54,41.42,145.51,89.3,170.77,11.82
2022-11-30,230.515,15.22,153.52,41.4,145.33,89.3,170.71,11.96
2022-12-01,231.949,15.32,154.67,41.66,146.43,90.5,172.05,12.08
2022-12-02,231.797,15.32,154.6,41.69,146.28,91.0,171.88,12.12
2022-12-05,232.054,15.33,154.75,41.73,146.46,90.85,171.79,11.98
2022-12-07,232.426,15.41,155.46,41.83,146.97,88.0,172.73,12.0
2022-12-08,232.003,15.36,155.19,41.79,146.84,87.5,172.37,11.96
2022-12-09,231.345,15.31,154.58,41.65,146.22,87.8,171.36,11.98
2022-12-12,231.211,15.3,153.68,41.64,146.17,87.6,171.62,11.92
2022-12-13,232.008,15.31,154.95,41.72,146.56,90.0,171.91,12.07
2022-12-14,232.282,15.35,155.9,41.72,146.6,90.15,170.83,12.09
2022-12-15,230.855,15.28,154.22,41.47,145.53,88.4,168.57,11.97
2022-12-16,229.677,15.14,153.56,41.24,144.72,86.5,167.4,12.0
2022-12-19,229.35,15.14,153.22,41.21,144.64,86.5,167.08,12.0
2022-12-20,228.381,15.1,152.45,41.06,143.99,86.6,165.84,12.18
2022-12-21,228.419,15.07,152.42,41.05,143.93,88.3,165.92,12.18
2022-12-22,228.345,15.04,152.29,40.98,143.72,86.9,165.15,12.18
2022-12-28,227.625,14.96,151.48,40.83,143.07,87.4,163.78,12.13
2022-12-29,227.968,14.97,151.77,40.86,143.27,87.55,163.84,12.2
2023-01-03,228.759,15.05,152.17,41.02,143.73,88.1,165.23,12.13
2023-01-04,229.891,15.1,152.98,41.14,144.42,90.2,166.14,12.14
2023-01-05,229.583,15.08,152.75,41.1,144.16,89.7,165.5,12.11
2023-01-09,230.945,15.13,153.73,41.29,144.9,91.3,166.33,12.34
2023-01-10,230.473,15.16,153.33,41.28,144.58,91.4,166.09,12.34
2023-01-11,231.578,15.18,154.17,41.39,145.25,93.5,167.41,12.34
2023-01-12,232.381,15.28,154.8,41.57,145.86,94.1,168.01,12.52
2023-01-13,232.858,15.31,155.02,41.72,146.12,95.2,168.36,12.58
2023-01-16,233.118,15.33,155.13,41.69,146.22,95.2,167.76,12.53
2023-01-17,233.956,15.34,155.77,41.74,146.89,95.1,168.34,12.55
2023-01-18,234.844,15.44,156.56,42.08,147.49,95.6,170.53,12.52
2023-01-19,234.247,15.43,156.18,41.99,147.03,92.75,169.79,12.53
2023-01-20,233.609,15.36,155.55,41.86,146.58,94.5,168.27,12.53
2023-01-23,233.57,15.34,155.4,41.82,146.49,96.4,167.52,12.5
2023-01-24,234.094,15.34,155.84,41.84,146.77,96.4,167.65,12.56
2023-01-25,234.319,15.41,155.99,41.98,146.89,95.45,168.5,12.59
2023-01-26,234.31,15.38,155.87,41.96,146.76,97.3,167.69,12.58
2023-01-27,234.301,15.38,155.81,41.9,146.69,97.1,167.0,12.56
2023-01-30,233.573,15.35,155.3,41.83,146.28,96.1,166.62,12.52
2023-01-31,233.809,15.35,155.48,41.83,146.4,95.5,166.62,12.54
2023-02-01,234.019,15.34,155.78,41.88,146.45,97.6,166.59,12.66
2023-02-02,236.757,15.5,157.65,42.29,148.51,101.2,168.81,12.66
2023-02-03,236.319,15.51,157.13,42.31,147.9,101.8,167.85,12.43
2023-02-06,235.594,15.43,156.53,42.18,147.36,100.6,166.98,12.3
2023-02-07,235.152,15.43,156.18,42.12,147.25,101.0,166.77,12.36
2023-02-08,235.115,15.37,156.11,42.03,146.89,99.6,166.22,12.28
2023-02-09,235.59,15.42,156.41,42.13,147.15,100.8,167.03,12.28
2023-02-10,234.722,15.35,155.76,42.0,146.57,97.5,166.32,12.26
2023-02-13,234.495,15.36,155.59,41.94,146.39,99.3,166.43,12.24
2023-02-14,233.903,15.3,155.13,41.86,146.0,99.2,166.04,12.22
2023-02-15,233.604,15.23,154.84,41.76,145.76,99.4,165.31,12.11
2023-02-16,233.802,15.21,154.75,41.71,145.67,100.4,164.47,12.09
2023-02-17,233.779,15.21,154.76,41.71,145.7,99.1,165.11,12.08
2023-02-20,233.61,15.24,154.64,41.76,145.68,99.9,165.36,12.07
2023-02-21,232.67,15.2,153.89,41.57,145.02,97.2,163.81,11.98
2023-02-22,232.38,15.15,153.77,41.51,145.03,96.0,164.0,11.98
2023-02-23,232.891,15.17,154.11,41.58,145.26,96.7,164.51,12.02
2023-02-24,232.294,15.15,153.61,41.5,144.78,95.0,163.76,11.89
2023-02-27,232.179,15.13,153.44,41.45,144.55,96.2,163.67,11.9
2023-02-28,231.655,15.03,152.98,41.23,144.12,94.9,162.23,11.87
2023-03-01,231.361,15.02,152.54,41.22,143.65,95.6,162.39,11.95
2023-03-02,231.031,15.01,152.24,41.15,143.54,96.0,162.01,11.9
2023-03-03,231.322,15.04,152.46,41.16,143.56,97.2,162.27,11.99
2023-03-06,231.331,15.01,152.4,41.17,143.64,98.1,162.12,12.0
2023-03-07,231.666,15.03,152.66,41.24,143.79,97.35,162.45,11.86
2023-03-08,231.69,15.03,152.7,41.26,143.98,97.0,163.05,11.83
2023-03-09,231.756,15.04,152.8,41.25,144.0,96.2,163.08,11.85
2023-03-10,231.782,15.14,153.33,41.45,144.79,93.8,164.78,11.99
2023-03-13,232.184,15.27,153.95,41.65,145.4,91.1,166.85,12.09
2023-03-14,231.189,15.08,152.89,41.39,144.16,94.0,164.97,12.08
2023-03-15,231.833,15.27,153.39,41.43,145.51,90.2,167.58,12.03
2023-03-16,230.33,15.23,152.14,41.28,144.69,92.9,167.42,12.06
2023-03-17,231.026,15.21,152.87,41.34,145.19,90.4,168.38,12.11
2023-03-20,229.014,15.11,151.93,41.27,144.48,91.0,168.62,12.16
2023-03-21,230.36,15.22,152.41,41.49,144.95,92.5,167.42,12.13
2023-03-22,230.831,15.23,152.81,41.46,144.99,93.2,166.12,12.22
2023-03-23,231.368,15.3,153.51,41.63,145.59,93.6,167.36,12.27
2023-03-24,230.663,15.31,153.35,41.68,145.38,91.5,168.56,12.26
2023-03-27,230.213,15.25,152.71,41.5,145.07,91.5,167.13,12.26
2023-03-28,229.854,15.26,152.34,41.48,144.66,90.8,166.93,12.34
2023-03-29,229.993,15.22,152.28,41.44,144.83,91.9,166.54,12.29
2023-03-30,230.648,15.26,152.64,41.49,145.09,93.8,165.91,12.33
2023-03-31,231.783,15.26,153.49,41.59,145.72,94.5,166.56,12.32
2023-04-03,232.529,15.32,154.1,41.72,146.47,93.0,166.91,12.37
2023-04-04,232.916,15.33,154.45,41.77,146.46,92.4,166.57,12.41
2023-04-05,232.964,15.4,154.73,41.89,146.79,91.65,167.81,12.41
2023-04-06,232.874,15.44,154.69,41.95,146.7,91.8,168.12,12.39
2023-04-11,232.281,15.34,153.97,41.78,146.03,92.1,166.75,12.29
2023-04-12,231.993,15.35,153.76,41.71,145.75,91.7,166.13,12.34
2023-04-13,232.189,15.32,153.88,41.74,145.86,94.6,166.26,12.45
2023-04-14,231.95,15.31,153.66,41.73,145.7,94.4,165.68,12.38
2023-04-17,232.153,15.3,153.67,41.69,145.65,94.8,164.97,12.29
2023-04-18,232.438,15.31,153.87,41.75,145.98,95.2,165.25,12.28
2023-04-19,232.072,15.28,152.83,41.7,145.63,94.0,164.78,12.19
2023-04-20,232.286,15.29,153.91,41.7,145.79,93.2,165.02,12.24
2023-04-21,232.027,15.29,153.69,41.68,145.59,94.0,164.82,12.22
2023-04-24,231.753,15.28,153.6,41.67,145.57,94.2,164.78,12.23
2023-04-25,232.459,15.34,154.29,41.75,146.12,93.2,165.58,12.22
2023-04-26,232.065,15.33,153.96,41.74,145.88,92.0,165.94,12.23
2023-04-27,231.891,15.32,153.63,41.66,145.63,92.7,165.15,12.24
2023-04-28,233.007,15.34,154.54,41.8,146.42,93.3,166.19,12.18
2023-05-02,233.374,15.37,154.83,41.84,146.74,92.5,166.26,12.16
2023-05-03,233.162,15.42,154.79,41.95,146.6,93.5,167.16,12.26
2023-05-04,233.524,15.4,155.12,41.9,146.85,92.9,166.95,12.33
2023-05-05,232.928,15.41,154.5,41.9,146.42,93.7,166.49,12.22
2023-05-10,232.944,15.4,154.47,41.88,146.44,93.0,166.52,12.19
2023-05-11,233.369,15.48,154.88,42.01,146.84,93.6,167.42,12.15
2023-05-12,233.145,15.44,154.6,41.99,146.7,94.0,166.93,12.09
2023-05-15,233.076,15.39,154.41,41.91,146.53,94.7,166.39,12.11
2023-05-16,232.658,15.38,153.98,41.85,146.23,94.4,166.14,12.05
2023-05-17,232.566,15.33,153.84,41.78,146.13,94.25,166.16,12.03
2023-05-19,232.635,15.26,153.68,41.68,146.0,95.4,164.67,11.95
2023-05-22,232.501,15.3,153.52,41.73,145.92,95.85,164.94,11.94
2023-05-23,232.504,15.29,153.57,41.71,145.91,94.65,164.6,11.91
2023-05-24,232.108,15.31,153.35,41.74,145.84,92.4,165.1,11.87
2023-05-25,231.839,15.27,153.02,41.68,145.63,92.7,164.66,11.76
2023-05-26,231.792,15.22,152.97,41.64,145.37,93.6,164.21,11.79
2023-05-30,233.283,15.36,154.16,41.87,146.58,92.95,166.01,11.84
2023-05-31,233.725,15.39,154.55,42.03,146.97,92.0,166.84,11.84
2023-06-01,234.001,15.43,154.82,42.08,147.09,92.6,167.51,11.93
2023-06-02,233.752,15.41,154.49,42.05,146.87,95.3,167.2,11.93
2023-06-05,233.528,15.36,154.28,41.96,146.54,94.2,166.58,11.95
2023-06-06,233.835,15.38,154.45,41.99,146.64,93.85,166.39,11.98
2023-06-07,233.441,15.35,153.99,41.99,146.39,93.5,166.24,11.94
2023-06-08,233.89,15.37,153.66,41.96,146.61,93.5,165.9,11.95
2023-06-09,234.079,15.4,154.65,42.02,146.92,92.65,166.41,12.01
2023-06-12,234.352,15.44,154.78,42.1,147.07,94.25,166.87,12.0
2023-06-13,234.176,15.41,154.57,42.09,146.83,94.3,166.65,12.02
2023-06-14,234.013,15.39,154.49,42.02,146.68,93.9,166.14,12.04
2023-06-15,233.344,15.35,154.13,41.96,146.15,93.7,166.34,12.08
2023-06-16,233.599,15.37,153.5,41.95,146.46,94.0,166.89,12.03
2023-06-19,233.435,15.36,154.15,41.95,146.18,92.7,166.07,12.01
2023-06-20,233.991,15.38,154.7,42.04,146.75,91.7,167.07,11.98
2023-06-21,233.61,15.39,154.43,42.02,146.52,91.3,166.82,12.02
2023-06-22,232.95,15.32,153.91,41.93,146.01,90.9,166.57,11.96
2023-06-26,233.996,15.44,153.99,42.09,146.97,90.4,168.08,11.92
2023-06-27,233.591,15.43,154.4,42.11,146.54,91.7,168.27,11.93
2023-06-28,233.939,15.41,154.73,42.07,146.82,93.8,168.04,11.89
2023-06-29,233.366,15.37,154.08,41.99,146.39,93.6,167.11,11.83
2023-06-30,233.672,15.33,154.31,41.96,146.49,94.0,166.81,11.87
2023-07-03,233.635,15.34,154.2,42.05,146.41,93.9,167.39,11.89
2023-07-04,233.871,15.36,154.35,42.06,146.53,93.9,166.68,11.92
2023-07-05,233.819,15.41,154.2,42.1,146.54,92.3,166.77,11.87
2023-07-06,232.802,15.28,153.26,41.86,145.65,90.1,164.83,11.76
2023-07-07,232.838,15.25,153.24,41.81,145.71,91.0,164.59,11.84
2023-07-10,232.766,15.25,153.23,41.8,145.69,91.8,164.34,11.82
2023-07-11,232.866,15.25,153.3,41.83,145.73,92.0,164.19,11.89
2023-07-12,233.951,15.3,154.22,41.97,146.46,93.7,164.88,12.07
2023-07-13,234.877,15.42,155.04,42.25,147.08,94.6,166.64,12.22
2023-07-14,234.663,15.43,154.84,42.26,147.05,95.0,166.31,12.2
2023-07-17,234.818,15.43,154.98,42.23,147.12,94.0,166.39,12.21
2023-07-18,235.632,15.51,155.59,42.4,147.82,94.7,167.91,12.21
2023-07-19,235.591,15.51,155.66,42.44,147.7,96.6,167.64,12.22
2023-07-20,235.264,15.47,155.28,42.34,147.32,96.5,167.05,12.15
2023-07-21,235.491,15.47,155.44,42.35,147.51,96.8,167.2,12.07
2023-07-24,236.014,15.51,155.75,42.44,147.81,96.0,167.76,12.09
2023-07-25,236.067,15.49,155.72,42.41,147.74,95.8,167.25,12.1
2023-07-26,235.667,15.46,155.46,42.37,147.43,95.3,166.99,12.14
2023-07-27,236.135,15.5,155.6,42.45,147.65,96.8,167.46,12.1
2023-07-28,236.245,15.48,155.67,42.43,147.77,98.0,166.79,12.05
2023-07-31,236.502,15.48,155.86,42.45,147.93,97.1,166.72,12.06
2023-08-01,236.252,15.48,155.51,42.44,147.64,96.7,166.33,11.95
2023-08-02,236.367,15.52,155.52,42.45,147.79,95.2,166.28,11.85
2023-08-03,235.901,15.46,155.02,42.36,147.55,95.2,165.41,11.78
2023-08-04,236.074,15.44,155.34,42.35,147.59,95.8,165.9,11.87
2023-08-07,236.052,15.46,155.26,42.37,147.59,94.7,165.48,11.87
2023-08-08,236.693,15.54,155.85,42.53,148.17,93.4,166.99,11.78
2023-08-09,236.518,15.5,155.76,42.48,148.03,93.8,166.58,11.81
2023-08-10,236.374,15.5,155.59,42.47,147.83,94.8,166.64,11.76
2023-08-11,235.814,15.43,155.07,42.32,147.37,93.3,165.59,11.7
2023-08-14,235.728,15.42,154.99,42.27,147.26,92.7,165.23,11.61
2023-08-16,235.442,15.38,154.64,42.2,147.11,91.6,164.79,11.49
2023-08-17,234.922,15.35,153.48,42.14,146.81,88.0,164.34,11.46
2023-08-18,235.323,15.38,153.81,42.2,147.1,86.4,165.05,11.49
2023-08-21,234.804,15.35,153.98,42.12,146.66,85.8,164.39,11.45
2023-08-22,235.174,15.37,154.31,42.12,146.92,86.2,164.74,11.45
2023-08-23,236.095,15.45,155.2,42.32,147.74,87.0,166.48,11.59
2023-08-24,236.217,15.47,155.27,42.38,147.78,86.6,166.56,11.56
2023-08-25,235.724,15.45,154.91,42.33,147.48,86.6,166.3,11.53
2023-08-29,236.175,15.43,155.33,42.31,147.7,88.5,166.3,11.65
2023-08-30,235.927,15.45,155.16,42.36,147.65,88.2,166.53,11.64
2023-08-31,236.72,15.49,155.71,42.45,148.19,88.1,167.2,11.64
2023-09-01,236.466,15.51,155.3,42.45,147.91,88.0,166.5,11.6
2023-09-04,236.321,15.46,155.15,42.37,147.7,87.8,165.89,11.59
2023-09-05,236.141,15.45,154.88,42.34,147.57,87.4,165.51,11.45
2023-09-06,235.703,15.43,154.5,42.3,147.23,86.8,165.26,11.42
2023-09-07,236.058,15.41,154.77,42.29,147.42,86.0,165.42,11.43
2023-09-08,236.203,15.45,154.92,42.37,147.66,85.4,165.78,11.39
2023-09-11,236.263,15.44,154.89,42.39,147.62,85.6,165.21,11.44
2023-09-12,236.26,15.46,154.93,42.39,147.63,85.4,165.09,11.42
2023-09-13,236.146,15.44,154.84,42.36,147.46,85.1,164.97,11.44
2023-09-14,236.789,15.46,155.29,42.44,147.96,86.0,165.48,11.45
2023-09-15,236.527,15.46,155.03,42.44,147.72,86.3,164.67,11.42
2023-09-18,236.315,15.44,154.89,42.39,147.47,85.4,164.14,11.42
2023-09-19,236.107,15.44,154.75,42.36,147.39,84.6,164.06,11.37
2023-09-20,236.39,15.46,155.03,42.4,147.6,86.1,164.35,11.35
2023-09-21,236.062,15.43,154.64,42.32,147.42,84.8,163.83,11.29
2023-09-22,236.008,15.42,154.62,42.33,147.38,85.0,163.78,11.29
2023-09-25,235.71,15.4,154.31,42.29,147.22,84.0,163.14,11.21
2023-09-26,235.391,15.38,154.03,42.25,147.02,83.2,163.04,11.12
2023-09-27,234.988,15.4,153.66,42.22,146.81,83.0,163.01,11.04
2023-09-28,234.17,15.28,153.0,41.96,145.97,82.7,161.02,11.1
2023-09-29,235.21,15.37,153.76,42.18,146.95,83.6,162.63,11.12
2023-10-02,234.857,15.33,153.38,42.17,146.59,82.2,162.09,11.0
2023-10-03,234.406,15.32,152.91,42.11,146.34,81.6,161.35,10.92
2023-10-04,234.147,15.26,152.74,41.95,146.1,81.4,160.99,10.91
2023-10-05,234.446,15.28,152.91,42.03,146.47,81.7,161.48,10.94
2023-10-06,234.318,15.31,152.73,42.01,146.36,82.4,161.15,10.92
2023-10-09,234.933,15.33,153.26,42.1,146.98,81.6,161.86,10.91
2023-10-10,235.309,15.36,153.53,42.18,147.08,83.0,162.18,10.99
2023-10-11,235.783,15.43,153.97,42.31,147.36,83.0,163.47,11.04
2023-10-12,235.565,15.42,153.72,42.32,147.14,82.9,163.21,10.95
2023-10-13,235.708,15.42,153.88,42.32,147.27,81.2,163.25,10.96
2023-10-16,235.38,15.37,153.63,42.26,147.06,80.9,162.66,10.97
2023-10-17,234.611,15.33,152.98,42.13,146.52,80.3,161.74,10.92
2023-10-18,234.284,15.3,152.64,42.07,146.27,78.8,161.54,10.84
2023-10-19,233.967,15.29,152.37,41.98,146.1,79.2,161.58,10.8
2023-10-20,234.213,15.28,152.59,42.01,146.42,77.1,161.88,10.8
2023-10-23,234.347,15.29,152.66,42.02,146.44,76.1,161.79,10.82
2023-10-24,235.195,15.34,153.15,42.18,146.91,77.9,162.45,10.85
2023-10-25,234.981,15.34,152.97,42.18,146.78,77.0,161.89,10.79
2023-10-26,235.13,15.35,153.17,42.2,146.99,75.8,162.27,10.79
2023-10-27,235.496,15.37,153.36,42.26,147.2,75.4,162.46,10.82
2023-10-30,235.841,15.4,153.57,42.32,147.43,75.8,162.78,10.85
2023-10-31,236.269,15.44,153.73,42.43,147.69,76.6,163.31,10.76
2023-11-02,237.689,15.53,154.76,42.67,148.49,79.6,164.43,10.96
2023-11-03,238.329,15.56,155.36,42.74,148.83,81.5,165.07,11.15
2023-11-06,237.858,15.52,154.98,42.67,148.47,81.5,164.13,11.17
2023-11-07,238.237,15.54,155.33,42.69,148.69,80.8,164.83,11.14
2023-11-08,238.472,15.56,155.59,42.77,148.86,81.5,165.59,11.09
2023-11-09,238.531,15.57,155.48,42.79,148.88,83.3,165.42,11.02
2023-11-10,238.041,15.54,155.15,42.7,148.58,82.4,164.62,11.01
2023-11-13,238.174,15.53,155.29,42.69,148.62,82.7,164.32,11.0
2023-11-14,239.52,15.62,156.42,42.91,149.62,84.8,165.82,11.19
2023-11-15,239.57,15.68,156.44,43.01,149.64,86.2,165.75,11.2
2023-11-16,239.876,15.68,156.77,43.05,149.96,85.1,166.63,11.22
2023-11-17,239.836,15.67,156.79,43.08,149.86,86.0,166.62,11.29
2023-11-20,239.671,15.64,156.69,43.02,149.67,86.4,166.63,11.38
2023-11-21,240.089,15.67,156.99,43.06,149.98,86.1,167.08,11.37
2023-11-22,240.14,15.69,157.04,43.12,149.94,86.3,167.48,11.3
2023-11-23,239.852,15.67,156.83,43.01,149.68,86.3,166.49,11.31
2023-11-24,239.769,15.65,156.7,42.99,149.58,86.4,166.34,11.3
2023-11-27,240.594,15.69,157.36,43.1,150.21,86.5,167.17,11.38
2023-11-28,241.074,15.73,157.73,43.19,150.59,85.9,167.35,11.47
2023-11-29,242.03,15.8,158.51,43.42,151.3,86.0,168.85,11.5
2023-11-30,242.301,15.81,158.66,43.44,151.26,86.1,167.98,11.41
2023-12-01,243.29,15.88,159.51,43.57,152.06,86.4,169.2,11.51
2023-12-04,243.636,15.94,159.74,43.76,152.34,86.3,170.11,11.44
2023-12-05,244.532,16.0,160.49,43.85,152.92,86.95,171.15,11.45
2023-12-07,245.101,16.03,160.99,44.02,153.26,88.2,171.99,11.58
2023-12-08,244.48,15.99,160.46,43.9,152.8,88.6,171.01,11.47
2023-12-11,244.607,15.99,160.51,43.91,152.81,89.1,171.16,11.42
2023-12-12,244.95,16.0,160.79,43.95,152.99,89.5,171.55,11.43
2023-12-13,245.462,16.03,161.33,44.04,153.41,89.5,172.27,11.6
2023-12-14,247.191,16.17,162.64,44.36,154.67,91.7,173.14,11.78
2023-12-15,248.077,16.19,163.35,44.48,154.96,92.8,174.33,11.76
2023-12-18,247.759,16.22,163.08,44.49,154.68,91.7,173.88,11.76
2023-12-19,248.239,16.24,163.46,44.55,154.98,91.8,174.99,11.79
2023-12-20,248.738,16.26,163.84,44.64,155.31,93.0,175.51,11.79
2023-12-21,248.952,16.28,163.97,44.69,155.45,92.6,175.67,11.87
2023-12-22,249.034,16.3,164.03,44.72,155.54,91.4,175.92,11.88
2023-12-27,249.65,16.3,164.54,44.79,155.9,92.6,176.33,11.99
2023-12-28,249.503,16.3,164.42,44.78,155.87,92.2,175.72,11.99
2023-12-29,249.044,16.27,164.04,44.7,155.42,93.0,174.72,11.98
2024-01-02,248.726,16.23,163.72,44.63,155.21,92.1,174.5,11.86
2024-01-03,248.38,16.19,163.45,44.5,155.0,90.1,174.3,11.8
2024-01-04,247.512,16.15,162.73,44.39,154.44,89.7,173.1,11.74
2024-01-05,247.073,16.09,162.37,44.25,154.21,88.8,172.9,11.73
2024-01-08,247.357,16.08,162.54,44.28,154.23,89.2,172.91,11.74
2024-01-09,247.143,16.09,162.37,44.31,154.01,90.2,172.92,11.65
2024-01-10,247.317,16.1,162.37,44.33,153.97,90.2,172.79,11.63
2024-01-11,247.804,16.13,162.67,44.39,154.17,90.1,173.03,11.68
2024-01-12,248.538,16.17,163.2,44.49,154.63,90.5,173.41,11.72
2024-01-16,247.887,16.16,162.67,44.45,154.27,89.0,173.01,11.54
2024-01-17,247.004,16.09,162.05,44.26,153.7,87.8,171.87,11.47
2024-01-18,247.117,16.09,162.09,44.28,153.79,88.2,171.71,11.47
2024-01-19,247.207,16.08,162.2,44.3,153.9,88.1,171.79,11.48
2024-01-22,247.958,16.11,162.74,44.43,154.28,89.2,172.4,11.48
2024-01-23,247.572,16.12,162.47,44.4,154.1,89.7,171.75,11.46
2024-01-24,247.786,16.12,162.6,44.41,154.19,91.2,171.94,11.49
2024-01-25,248.509,16.14,163.14,44.5,154.73,91.3,172.25,11.49
2024-01-26,248.773,16.19,163.35,44.56,154.82,91.6,172.07,11.48
2024-01-29,249.524,16.25,163.9,44.69,155.3,91.6,172.9,11.51
2024-01-30,249.27,16.23,163.76,44.71,155.07,92.5,172.67,11.54
2024-01-31,249.993,16.26,164.36,44.81,155.71,92.7,173.46,11.58
2024-02-01,249.816,16.24,164.34,44.77,155.73,92.4,173.48,11.66
2024-02-02,249.087,16.23,163.73,44.7,155.05,92.2,173.17,11.52
2024-02-05,248.384,16.17,163.2,44.57,154.53,91.4,172.0,11.43
2024-02-06,248.622,16.14,163.35,44.53,154.69,92.3,172.0,11.49
2024-02-07,248.386,16.16,163.14,44.56,154.64,92.6,172.16,11.49
2024-02-08,248.139,16.12,162.86,44.47,154.31,94.0,171.6,11.38
2024-02-09,247.905,16.11,162.67,44.41,154.13,94.2,171.22,11.41
2024-02-12,248.262,16.11,162.93,44.45,154.33,94.7,171.53,11.42
2024-02-13,247.929,16.11,162.61,44.42,154.12,93.6,171.42,11.29
2024-02-14,248.462,16.1,163.63,44.44,154.43,94.6,171.66,11.32
2024-02-15,248.534,16.17,163.08,44.56,154.58,95.8,172.41,11.37
2024-02-16,248.305,16.11,162.9,44.46,154.34,96.5,171.63,11.35
2024-02-20,248.927,16.15,163.31,44.56,154.73,95.0,171.91,11.37
2024-02-21,248.477,16.15,162.92,44.54,154.42,95.3,171.56,11.35
2024-02-22,248.685,16.14,163.12,44.54,154.56,96.4,171.63,11.35
2024-02-23,249.463,16.15,163.69,44.63,154.94,96.7,172.25,11.35
2024-02-26,249.044,16.15,163.34,44.61,154.66,96.5,171.72,11.36
2024-02-27,248.792,16.13,163.14,44.55,154.5,96.6,171.43,11.35
2024-02-28,248.705,16.11,163.05,44.47,154.64,96.4,171.23,11.32
2024-02-29,249.012,16.09,163.26,44.48,154.59,96.4,171.86,11.36
2024-03-01,249.114,16.1,163.35,44.49,154.73,97.2,171.46,11.38
2024-03-04,249.335,16.13,163.46,44.59,154.78,96.6,172.2,11.37
2024-03-05,249.844,16.17,163.94,44.7,155.26,96.0,173.41,11.39
2024-03-06,249.822,16.2,163.99,44.7,155.17,96.8,173.41,11.47
2024-03-07,250.203,16.24,164.33,44.77,155.48,97.6,173.83,11.54
2024-03-08,250.907,16.29,164.82,44.91,155.96,97.2,174.41,11.53
2024-03-11,250.766,16.27,164.7,44.87,155.83,96.8,173.65,11.53
2024-03-12,250.761,16.27,164.68,44.87,155.82,97.5,173.64,11.5
2024-03-13,250.858,16.26,164.73,44.91,156.16,97.8,173.57,11.5
2024-03-14,250.401,16.23,164.4,44.84,155.57,97.5,172.89,11.43
2024-03-15,250.235,16.2,164.22,44.77,155.39,97.6,172.64,11.36
2024-03-18,250.197,16.2,164.21,44.77,155.36,97.3,172.59,11.33
2024-03-19,250.327,16.21,164.3,44.8,155.49,97.0,172.72,11.3
2024-03-20,250.238,16.22,164.33,44.79,155.42,97.0,172.71,11.35
2024-03-21,250.657,16.25,164.66,44.87,155.74,97.7,172.92,11.32
2024-03-22,251.174,16.3,165.11,44.98,156.16,97.9,173.56,11.3
2024-03-25,250.892,16.26,164.79,44.92,155.84,97.2,173.15,11.32
2024-03-26,250.998,16.28,164.92,44.93,155.96,98.5,173.36,11.32
2024-03-27,251.536,16.29,165.31,45.04,156.35,98.4,173.94,11.33
2024-03-28,251.63,16.31,165.39,45.06,156.45,98.6,173.81,11.3
2024-04-02,251.197,16.27,164.91,44.96,156.06,97.2,172.41,11.22
2024-04-03,251.335,16.27,164.96,44.98,156.12,97.9,172.49,11.24
2024-04-04,251.824,16.32,165.29,45.13,156.5,98.5,173.37,11.27
2024-04-05,251.517,16.3,165.06,45.09,156.23,98.0,173.05,11.26
2024-04-08,251.32,16.27,164.87,45.03,156.06,98.7,172.68,11.19
2024-04-09,251.881,16.3,165.3,45.1,156.46,98.35,173.36,11.23
2024-04-10,251.33,16.26,164.8,45.04,156.07,97.6,172.96,11.06
2024-04-11,251.017,16.26,164.5,44.97,155.71,97.6,172.52,11.02
2024-04-12,251.7,16.33,165.0,45.12,156.66,97.2,173.73,10.95
2024-04-15,250.924,16.25,164.28,44.95,155.79,97.45,172.64,10.85
2024-04-16,250.064,16.18,163.57,44.77,155.19,96.0,171.86,10.73
2024-04-17,250.369,16.19,163.82,44.81,155.45,95.7,172.26,10.79
2024-04-18,250.265,16.19,163.74,44.82,155.35,95.4,172.15,10.78
2024-04-19,250.15,16.17,163.72,44.75,155.2,94.9,171.97,10.81
2024-04-22,250.607,16.18,164.05,44.83,155.54,95.7,172.24,10.81
2024-04-23,250.762,16.2,164.14,44.9,155.6,96.8,172.44,10.86
2024-04-24,250.113,16.18,163.63,44.78,155.18,96.4,171.37,10.81
2024-04-25,249.591,16.13,163.24,44.66,154.86,94.8,170.71,10.77
2024-04-26,250.1,16.14,163.6,44.77,155.18,95.9,171.74,10.75
2024-04-29,250.565,16.19,163.98,44.84,155.57,95.5,172.16,10.84
2024-04-30,250.148,16.14,163.62,44.76,155.13,95.2,171.74,10.72
2024-05-02,250.561,16.18,163.99,44.81,155.4,95.1,171.97,10.91
2024-05-03,251.188,16.24,164.49,44.97,155.85,96.1,172.72,11.01
2024-05-07,252.012,16.29,165.17,45.09,156.44,97.8,173.26,11.03
2024-05-08,251.804,16.28,164.97,45.05,156.24,97.6,172.95,10.91
2024-05-10,251.497,16.26,164.14,45.01,155.98,99.0,172.45,10.89
2024-05-13,251.616,16.26,164.93,45.03,156.12,98.6,172.58,10.89
2024-05-14,251.319,16.23,164.72,44.99,155.89,99.5,172.28,10.93
2024-05-15,252.363,16.29,165.6,45.12,156.6,101.0,173.28,11.06
2024-05-16,252.165,16.29,165.49,45.13,156.53,100.8,173.37,11.08
2024-05-17,251.739,16.24,165.14,45.03,156.12,100.0,172.84,11.07
2024-05-21,252.049,16.25,165.34,45.08,156.26,100.0,172.98,11.04
2024-05-22,251.788,16.24,165.12,45.03,156.38,99.4,172.68,10.98
2024-05-23,251.359,16.2,164.75,44.93,155.66,99.4,172.23,10.94
2024-05-24,251.459,16.18,164.79,44.9,155.8,100.6,172.16,10.95
2024-05-28,251.669,16.23,164.84,45.01,155.96,100.6,172.35,10.95
2024-05-29,251.05,16.17,164.28,44.88,155.47,99.0,171.44,10.83
2024-05-30,251.289,16.15,164.51,44.85,155.56,99.4,171.36,10.86
2024-05-31,251.309,16.16,164.53,44.9,155.66,98.8,171.8,10.87
2024-06-03,252.068,16.2,165.19,45.0,156.11,99.6,172.49,10.93
2024-06-04,252.395,16.26,165.49,45.13,156.4,99.6,173.09,10.93
2024-06-05,252.563,16.27,165.62,45.15,156.54,101.0,173.03,10.93
2024-06-06,252.321,16.24,165.43,45.07,156.26,100.4,172.61,10.96
2024-06-07,251.755,16.2,164.92,44.96,155.82,99.6,172.04,10.83
2024-06-10,251.357,16.16,164.55,44.88,155.53,98.0,171.15,10.77
2024-06-11,251.568,16.18,164.68,44.92,155.78,97.3,171.08,10.74
2024-06-12,252.422,16.24,165.41,45.08,156.34,98.8,172.18,10.78
2024-06-13,252.754,16.28,165.71,45.11,156.45,98.1,172.06,10.78
2024-06-14,252.765,16.35,165.82,45.25,156.94,96.5,172.87,10.77
2024-06-17,252.232,16.28,165.33,45.12,156.51,96.0,172.56,10.74
2024-06-18,252.659,16.31,165.68,45.16,156.74,96.3,172.89,10.79
2024-06-20,252.613,16.3,165.55,45.15,156.59,97.0,172.43,10.74
2024-06-24,252.836,16.31,165.72,45.21,156.69,96.9,172.73,10.79
2024-06-25,252.995,16.33,165.84,45.25,156.81,96.2,172.73,10.77
2024-06-26,252.805,16.31,165.6,45.22,156.63,96.9,172.29,10.68
2024-06-27,252.889,16.3,165.67,45.21,156.7,96.1,172.01,10.67
2024-06-28,252.695,16.32,165.44,45.24,156.55,95.9,171.75,10.67
2024-07-01,252.47,16.27,165.17,45.14,156.27,95.6,171.31,10.59
2024-07-02,252.613,16.27,165.32,45.17,156.35,95.2,171.47,10.59
2024-07-03,253.144,16.29,165.82,45.21,156.84,96.0,171.83,10.65
2024-07-05,253.638,16.35,166.3,45.31,157.08,96.8,172.32,10.76
2024-07-08,253.877,16.37,166.55,45.39,157.26,96.5,173.06,10.72
2024-07-09,253.647,16.37,166.34,45.39,157.05,95.9,172.57,10.72
2024-07-10,253.957,16.39,166.59,45.41,157.24,96.2,173.18,10.75
2024-07-11,254.653,16.42,167.13,45.5,157.74,97.5,173.81,10.83
2024-07-12,254.479,16.41,166.97,45.48,157.55,97.6,173.6,10.9
2024-07-15,254.756,16.43,167.12,45.51,157.73,97.2,173.71,10.85
2024-07-16,255.003,16.46,167.36,45.57,157.88,97.0,174.37,10.87
2024-07-17,254.959,16.47,167.34,45.57,157.89,96.1,174.41,10.9
2024-07-18,255.028,16.46,167.36,45.62,158.07,96.0,174.65,10.81
2024-07-19,254.819,16.44,167.14,45.55,158.08,94.6,173.83,10.75
2024-07-22,254.692,16.45,167.01,45.55,157.72,95.3,174.01,10.76
2024-07-23,255.275,16.47,167.44,45.62,158.02,94.3,174.01,10.76
2024-07-24,255.434,16.49,167.52,45.66,158.15,93.1,173.75,10.75
2024-07-25,255.534,16.5,167.6,45.7,158.28,92.6,173.81,10.75
2024-07-26,255.73,16.49,167.74,45.73,158.36,94.2,174.02,10.77
2024-07-29,256.144,16.55,168.08,45.8,158.61,93.9,174.69,10.78
2024-07-30,256.432,16.57,168.3,45.85,158.8,94.9,174.84,10.8
2024-07-31,256.86,16.59,168.68,45.93,159.04,96.0,175.35,10.96
2024-08-01,257.332,16.62,169.09,45.99,159.44,95.3,175.78,10.97
2024-08-02,257.356,16.65,169.19,46.06,159.61,92.2,176.14,11.15
2024-08-05,256.184,16.64,168.41,45.97,159.35,90.1,175.88,11.2
2024-08-06,256.412,16.62,168.49,45.95,159.48,90.3,176.38,11.13
2024-08-07,256.397,16.57,168.38,45.86,159.02,91.5,175.46,11.09
2024-08-08,256.452,16.57,168.41,45.89,159.05,92.1,175.36,11.08
2024-08-09,256.801,16.61,168.7,45.95,159.29,92.1,176.02,11.15
2024-08-12,256.895,16.6,168.77,45.96,159.23,92.5,175.99,11.15
2024-08-13,257.271,16.62,169.08,46.01,159.59,92.2,176.49,11.23
2024-08-14,257.404,16.63,169.19,46.03,159.64,93.0,176.7,11.25
2024-08-16,257.232,16.64,169.04,46.01,159.39,94.2,176.1,11.26
2024-08-19,257.386,16.63,169.16,46.0,159.39,94.2,176.18,11.37
2024-08-20,257.725,16.65,169.42,46.05,159.71,94.7,176.44,11.39
2024-08-21,258.054,16.66,169.65,46.1,159.85,94.4,176.61,11.4
2024-08-22,257.712,16.65,169.35,46.09,159.6,94.7,176.59,11.3
2024-08-23,258.002,16.64,169.55,46.04,159.83,94.9,176.5,11.45
2024-08-27,257.723,16.62,169.36,46.02,159.56,92.7,175.51,11.44
2024-08-28,257.95,16.64,169.51,46.06,159.67,92.2,175.99,11.38
2024-08-29,257.93,16.64,169.48,46.08,159.65,92.1,175.91,11.36
2024-08-30,257.765,16.63,169.33,46.06,159.64,92.4,175.91,11.29
2024-09-03,258.006,16.64,169.52,46.06,159.73,92.3,176.09,11.25
2024-09-04,258.355,16.66,169.81,46.14,160.06,90.5,176.82,11.33
2024-09-05,258.581,16.69,169.98,46.2,160.1,89.1,177.0,11.39
2024-09-06,259.027,16.7,170.26,46.23,160.47,88.0,177.06,11.4
2024-09-09,259.217,16.71,170.38,46.28,160.53,89.3,177.02,11.31
2024-09-10,259.464,16.73,170.57,46.3,160.6,89.0,177.13,11.31
2024-09-11,259.325,16.74,170.48,46.36,160.74,89.0,177.97,11.35
2024-09-12,259.079,16.73,170.28,46.32,160.67,90.1,177.81,11.4
2024-09-13,259.271,16.72,170.43,46.31,160.5,90.9,177.74,11.48
2024-09-16,259.65,16.74,170.68,46.34,160.81,90.0,177.92,11.54
2024-09-17,259.582,16.76,170.64,46.39,160.73,92.0,178.02,11.54
2024-09-18,259.34,16.74,170.41,46.34,160.49,90.4,177.23,11.53
2024-09-19,259.887,16.75,170.74,46.42,160.85,92.3,177.06,11.56
2024-09-20,259.895,16.76,170.7,46.4,160.61,91.0,176.8,11.49
2024-09-23,260.464,16.78,171.06,46.48,161.04,90.0,177.08,11.49
2024-09-24,260.751,16.8,171.23,46.52,161.38,90.2,177.24,11.57
2024-09-25,260.462,16.79,170.96,46.5,161.03,90.6,177.04,11.48
2024-09-26,260.504,16.8,171.03,46.56,161.14,91.8,177.46,11.55
2024-09-27,260.956,16.82,171.38,46.59,161.34,92.6,177.88,11.61
2024-09-30,261.12,16.8,171.44,46.6,161.46,91.0,177.9,11.55
2024-10-01,261.863,16.89,172.02,46.78,162.01,90.3,179.38,11.52
2024-10-02,261.503,16.85,171.75,46.68,161.71,90.1,178.1,11.47
2024-10-03,261.171,16.83,171.51,46.65,161.62,90.7,177.58,11.38
2024-10-07,260.375,16.78,170.88,46.52,161.02,91.0,176.84,11.22
2024-10-08,260.436,16.77,170.93,46.49,161.04,89.6,176.73,11.14
2024-10-09,260.295,16.78,170.84,46.51,161.02,89.9,176.84,11.07
2024-10-10,260.47,16.76,170.98,46.5,161.06,89.6,176.87,11.07
2024-10-11,260.515,16.76,170.97,46.49,161.04,89.7,176.61,11.07
2024-10-14,260.6,16.77,170.96,46.52,161.15,89.6,176.8,11.03
2024-10-15,261.244,16.81,171.43,46.65,161.62,87.6,177.72,11.01
2024-10-16,261.67,16.84,171.79,46.75,161.91,88.5,178.48,10.98
2024-10-17,261.82,16.86,171.86,46.77,161.94,88.4,178.32,10.93
2024-10-18,262.213,16.87,172.13,46.85,162.24,88.2,178.78,10.93
2024-10-21,261.551,16.84,171.58,46.73,161.96,87.6,177.44,10.85
2024-10-22,261.232,16.81,171.33,46.69,161.56,87.4,177.07,10.81
2024-10-23,261.435,16.81,171.47,46.69,161.62,87.2,176.8,10.72
2024-10-24,261.823,16.85,171.78,46.79,162.12,87.2,177.67,10.78
2024-10-25,261.604,16.84,171.59,46.75,161.88,87.0,177.43,10.73
2024-10-28,261.813,16.85,171.67,46.8,161.94,87.5,177.71,10.68
2024-10-29,261.42,16.82,171.39,46.71,161.69,87.9,177.02,10.66
2024-10-30,260.714,16.79,170.89,46.61,161.24,87.2,176.61,10.66
2024-10-31,260.588,16.69,170.72,46.45,161.1,87.3,176.05,10.67
2024-11-04,260.804,16.74,170.84,46.53,161.25,87.4,176.56,10.66
2024-11-05,260.556,16.75,170.72,46.54,161.34,87.0,176.36,10.7
2024-11-06,261.402,16.79,171.23,46.66,161.92,86.8,175.86,10.55
2024-11-07,261.085,16.76,171.06,46.63,161.55,87.0,175.6,10.74
2024-11-08,261.67,16.8,171.53,46.72,161.87,86.3,176.46,10.62
2024-11-11,262.226,16.85,171.93,46.83,162.31,87.4,177.09,10.56
2024-11-12,262.076,16.87,171.71,46.88,162.24,86.15,177.33,10.45
2024-11-13,261.834,16.84,171.52,46.79,162.24,86.0,176.87,10.38
2024-11-14,262.338,16.85,171.91,46.84,162.27,87.4,177.36,10.35
2024-11-15,262.217,16.85,171.82,46.81,162.23,85.6,177.44,10.41
2024-11-18,262.029,16.82,171.63,46.76,162.04,84.6,177.15,10.46
2024-11-19,262.164,16.87,171.71,46.81,162.15,83.6,177.62,10.49
2024-11-20,262.086,16.83,171.65,46.78,162.03,83.2,177.3,10.46
2024-11-21,262.187,16.85,171.68,46.82,162.13,83.7,177.72,10.47
2024-11-22,262.822,16.87,172.08,46.9,162.5,84.4,178.21,10.45
2024-11-25,263.093,16.91,172.35,46.99,162.78,85.0,178.89,10.52
2024-11-26,263.246,16.91,173.15,46.98,162.72,85.2,178.87,10.49
2024-11-27,263.43,16.93,172.56,47.03,162.89,84.6,179.19,10.54
2024-11-29,264.346,16.99,173.24,47.2,163.56,85.1,180.41,10.59
2024-12-02,264.95,17.04,173.66,47.32,164.0,85.4,180.9,10.55
2024-12-03,264.919,17.06,173.66,47.36,163.96,86.5,181.16,10.56
2024-12-04,265.098,17.05,173.83,47.34,164.05,87.5,180.99,10.55
2024-12-05,264.912,17.04,173.74,47.32,163.87,87.0,181.2,10.59
2024-12-09,265.497,17.08,174.07,47.45,164.17,87.8,181.37,10.47
2024-12-10,265.705,17.08,174.16,47.47,164.24,86.8,181.38,10.46
2024-12-11,265.725,17.09,174.14,47.49,164.26,87.2,181.31,10.47
2024-12-12,265.106,17.06,173.68,47.39,163.93,87.6,179.98,10.41
2024-12-13,264.64,17.0,173.32,47.28,163.52,87.2,179.39,10.35
2024-12-16,264.798,17.0,173.4,47.27,163.83,86.7,179.16,10.3
2024-12-17,264.782,17.0,173.4,47.27,163.59,86.5,179.22,10.29
2024-12-18,264.733,16.98,173.31,47.24,163.48,86.2,178.9,10.14
2024-12-19,264.068,16.93,172.72,47.08,162.99,84.3,178.03,10.06
2024-12-20,264.203,16.94,172.84,47.13,163.14,84.1,178.3,10.12
2024-12-23,263.954,16.92,172.66,47.1,162.94,84.5,177.97,10.06
2024-12-27,263.495,16.89,172.33,47.02,162.64,85.5,177.39,9.98
2024-12-30,263.838,16.9,172.57,47.03,162.89,85.0,177.39,10.0
2025-01-02,263.808,16.92,172.51,47.1,162.86,85.6,177.45,10.02
2025-01-03,263.324,16.89,172.21,47.0,162.46,86.0,176.74,10.04
2025-01-07,262.905,16.84,171.78,46.91,162.19,86.8,176.2,10.06
2025-01-08,262.539,16.81,171.46,46.83,162.06,86.2,175.45,10.02
2025-01-10,261.887,16.75,170.96,46.73,161.66,86.6,174.64,9.88
2025-01-13,261.552,16.71,170.7,46.67,161.7,85.5,174.24,9.85
2025-01-14,261.325,16.71,170.52,46.64,161.3,86.2,173.9,9.9
2025-01-15,262.271,16.76,171.36,46.78,161.94,87.4,175.31,10.01
2025-01-16,262.592,16.77,171.62,46.8,162.11,88.5,175.01,10.0
2025-01-17,262.823,16.81,171.87,46.93,162.36,89.0,176.01,9.98
2025-01-21,263.246,16.85,172.23,46.99,162.57,89.7,176.34,10.08
2025-01-22,263.254,16.88,172.21,47.03,162.58,89.5,176.43,10.11
2025-01-23,263.122,16.85,172.06,46.98,162.4,89.5,175.75,10.12
2025-01-24,262.917,16.82,171.94,46.91,162.22,91.0,175.46,10.16
2025-01-27,263.18,16.85,172.16,46.97,162.42,90.4,175.95,10.17
2025-01-28,263.123,16.85,172.17,46.98,162.4,91.9,175.98,10.17
2025-01-29,263.184,16.87,172.23,47.02,162.45,94.5,175.97,10.19
2025-01-30,263.977,16.91,172.75,47.13,162.92,94.8,176.55,10.22
2025-01-31,264.85,16.97,173.33,47.29,163.51,95.3,176.98,10.17
2025-02-03,265.269,17.03,173.64,47.39,163.82,94.6,177.96,10.2
2025-02-04,265.412,17.02,173.4,47.38,163.84,94.1,177.73,10.25
2025-02-05,265.746,17.06,174.08,47.48,164.13,95.2,178.64,10.3
2025-02-06,265.796,17.05,174.12,47.48,164.12,95.8,178.54,10.34
2025-02-07,265.846,17.05,174.18,47.45,164.05,95.6,178.13,10.3
2025-02-10,266.063,17.07,174.26,47.52,164.25,95.3,178.41,10.23
2025-02-11,265.469,17.03,173.79,47.42,163.78,96.0,177.44,10.23
2025-02-12,265.04,16.99,173.46,47.31,163.47,96.0,176.96,10.14
2025-02-13,265.792,17.04,174.04,47.44,164.01,98.0,177.83,10.21
2025-02-14,265.808,17.05,174.01,47.45,164.04,99.5,177.77,10.3
2025-02-18,265.731,17.02,173.87,47.4,163.87,100.6,177.2,10.3
2025-02-19,265.245,16.99,173.47,47.31,163.54,101.6,176.41,10.29
2025-02-20,265.5,16.99,173.65,47.33,163.65,101.0,176.44,10.34
2025-02-21,266.055,17.05,174.1,47.46,164.08,99.3,177.21,10.38
2025-02-24,266.128,17.05,174.1,47.49,164.14,100.2,177.12,10.37
2025-02-25,266.217,17.05,174.24,47.48,164.14,100.2,177.39,10.41
2025-02-26,266.45,17.06,174.47,47.52,164.27,100.2,177.72,10.41
2025-02-27,266.65,17.09,174.55,47.56,164.43,99.7,177.79,10.37
2025-02-28,266.667,17.1,174.59,47.59,164.52,99.1,178.03,10.32
2025-03-03,266.256,17.04,174.27,47.45,164.01,98.9,176.91,10.36
2025-03-04,266.163,17.06,174.11,47.52,164.13,96.9,176.8,10.35
2025-03-05,263.983,16.9,172.53,47.14,162.49,99.5,173.93,10.43
2025-03-06,263.297,16.82,172.26,46.85,161.84,99.7,172.96,10.43
2025-03-07,263.401,16.85,172.24,46.99,162.27,98.9,173.59,10.44
2025-03-10,263.513,16.86,172.43,47.05,162.45,95.7,173.44,10.37
2025-03-11,263.007,16.8,171.98,46.95,162.07,94.5,173.09,10.39
2025-03-12,262.934,16.79,171.87,46.9,161.97,95.4,173.03,10.37
2025-03-13,262.611,16.8,171.66,46.85,161.9,95.2,172.92,10.39
2025-03-14,262.473,16.77,171.54,46.81,161.79,97.3,172.68,10.39
2025-03-17,262.924,16.81,171.92,46.92,162.23,97.8,173.71,10.43
2025-03-18,263.172,16.8,172.08,46.92,162.28,98.2,173.36,10.42
2025-03-19,263.244,16.83,172.18,46.98,162.37,97.8,173.74,10.43
2025-03-20,263.563,16.86,172.37,47.05,162.46,96.9,174.02,10.4
2025-03-21,263.664,16.86,172.45,47.05,162.61,96.2,173.92,10.4
2025-03-24,263.747,16.86,172.44,47.04,162.56,95.7,173.81,10.35
2025-03-25,263.587,16.85,172.35,47.02,162.52,96.2,173.66,10.38
2025-03-26,263.61,16.86,172.46,47.05,162.55,95.4,173.79,10.34
