date,PIMCO Commodity Fund,Invesco DB Commodity Index Fund,SPDR Gold Shares (GLD),iShares Gold Trust (IAU),United States Oil Fund (USO),Energy Select Sector SPDR ETF (XLE)
2016-04-01,18.63,13.06,116.93,23.62,74.6335,61.06
2016-04-04,18.45,12.88,116.15,23.44,72.64,60.6092
2016-04-05,18.39,12.85,117.66,23.76,73.04,60.2
2016-04-06,18.54,12.99,116.94,23.62,76.8,61.5
2016-04-07,18.48,12.95,118.61,23.96,76.08,61.14
2016-04-08,18.87,13.26,118.43,23.92,80.24,62.37
2016-04-11,18.93,13.36,120.03,24.24,82.24,62.11
2016-04-12,19.29,13.65,120.05,24.26,85.12,63.96
2016-04-13,19.35,13.72,118.77,24.0,84.08,64.26
2016-04-14,19.2,13.61,117.11,23.66,83.84,64.41
2016-04-15,19.14,13.56,117.92,23.82,82.0,63.5392
2016-04-18,19.2,13.62,117.74,23.74,81.36,64.59
2016-04-19,19.68,13.91,119.58,24.12,83.52,65.88
2016-04-20,20.04,14.18,118.97,24.0,86.08,66.47
2016-04-21,19.92,14.12,119.42,24.1,85.76,66.08
2016-04-22,19.8,14.06,117.89,23.82,86.08,67.04
2016-04-25,19.77,14.05,118.23,23.86,84.4,66.29
2016-04-26,19.98,14.23,118.7,23.98,86.48,67.35
2016-04-27,20.13,14.36,119.04,24.04,89.12,68.63
2016-04-28,20.34,14.44,121.29,24.46,89.76,67.61
2016-04-29,20.49,14.58,123.65,24.96,90.4,67.5
2016-05-02,20.28,14.38,123.24,24.9,88.4,67.43
2016-05-03,20.01,14.16,122.96,24.84,85.92,65.84
2016-05-04,19.95,14.17,122.21,24.72,86.32,64.89
2016-05-05,19.83,14.03,122.07,24.68,87.2,65.42
2016-05-06,19.98,14.12,123.18,24.88,87.68,65.27
2016-05-09,19.59,13.81,120.65,24.34,85.44,64.32
2016-05-10,19.98,14.15,120.98,24.44,87.92,65.45
2016-05-11,20.31,14.48,122.12,24.66,90.72,65.65
2016-05-12,20.31,14.5,121.16,24.46,91.6,65.8308
2016-05-13,20.25,14.48,121.71,24.56,90.96,64.99
2016-05-16,20.4,14.64,121.8,24.6,94.08,66.09
2016-05-17,20.55,14.75,122.22,24.68,95.36,66.4
2016-05-18,20.4,14.64,120.1,24.22,93.6,65.76
2016-05-19,20.22,14.6,119.87,24.18,94.32,65.77
2016-05-20,20.25,14.66,119.71,24.12,94.0,66.16
2016-05-23,20.13,14.58,119.37,24.1,93.28,65.99
2016-05-24,20.07,14.58,117.3,23.68,94.56,66.32
2016-05-25,20.34,14.75,116.98,23.62,96.24,67.37
2016-05-26,20.4,14.74,116.58,23.52,95.6,67.09
2016-05-27,20.4,14.8,115.62,23.36,95.84,67.13
2016-05-31,20.34,14.71,116.06,23.44,94.96,66.87
2016-06-01,20.49,14.86,115.94,23.38,95.44,66.89
2016-06-02,20.67,14.89,115.67,23.32,94.88,66.8
2016-06-03,20.85,14.99,118.88,23.96,94.56,66.54
2016-06-06,21.09,15.17,118.92,24.0,96.32,68.0108
2016-06-07,21.15,15.32,118.82,23.98,97.76,69.55
2016-06-08,21.57,15.58,120.58,24.36,99.44,69.39
2016-06-09,21.54,15.55,121.25,24.5,98.0,68.86
2016-06-10,21.33,15.36,121.74,24.6,94.96,67.37
2016-06-13,21.33,15.36,122.64,24.78,94.08,67.17
2016-06-14,21.21,15.26,122.77,24.8,93.84,67.13
2016-06-15,21.21,15.18,123.68,24.98,91.76,66.9708
2016-06-16,20.82,14.92,122.38,24.72,89.12,66.65
2016-06-17,21.18,15.27,123.95,25.04,93.28,66.89
2016-06-20,21.36,15.41,123.21,24.9,95.28,67.47
2016-06-21,21.12,15.29,120.84,24.42,95.12,68.27
2016-06-22,21.03,15.2,120.9,24.4,93.92,67.89
2016-06-23,21.12,15.32,120.11,24.24,95.84,69.01
2016-06-24,20.79,15.01,126.01,25.44,91.2,66.78
2016-06-27,20.7,14.98,126.68,25.6,89.52,64.64
2016-06-28,21.12,15.22,125.32,25.32,91.76,66.44
2016-06-29,21.36,15.44,125.84,25.4,94.32,67.7
2016-06-30,21.33,15.35,126.47,25.52,92.56,68.24
2016-07-01,21.63,15.54,128.41,25.94,94.24,68.6
2016-07-05,21.03,15.1,129.47,26.16,89.44,67.22
2016-07-06,21.09,15.16,130.23,26.32,90.64,67.5092
2016-07-07,20.58,14.73,129.74,26.22,86.56,66.8192
2016-07-08,20.79,14.88,130.52,26.36,86.64,67.71
2016-07-11,20.7,14.82,129.29,26.14,85.2,67.84
2016-07-12,21.06,15.1,127.15,25.7,89.52,69.52
2016-07-13,20.91,14.91,128.32,25.92,86.0,68.92
2016-07-14,20.97,14.97,127.33,25.72,86.96,69.27
2016-07-15,20.85,14.93,126.84,25.64,87.92,69.23
2016-07-18,20.82,14.86,127.04,25.68,86.56,69.28
2016-07-19,20.64,14.77,127.21,25.7,85.6,68.8892
2016-07-20,20.49,14.67,125.39,25.34,85.84,68.79
2016-07-21,20.46,14.59,127.3,25.72,83.92,68.11
2016-07-22,20.34,14.56,126.35,25.52,83.36,68.32
2016-07-25,20.16,14.4,125.47,25.36,81.04,66.96
2016-07-26,20.1,14.34,126.0,25.46,80.64,67.35
2016-07-27,19.98,14.2,128.03,25.88,79.2,66.69
2016-07-28,20.07,14.16,127.66,25.78,77.36,66.7
2016-07-29,20.28,14.28,128.98,26.04,78.08,67.38
2016-08-01,19.92,14.03,129.22,26.1,75.28,65.16
2016-08-02,19.86,14.01,130.27,26.32,74.64,65.75
2016-08-03,20.07,14.24,129.65,26.2,77.52,67.02
2016-08-04,20.19,14.3,129.87,26.24,78.72,66.92
2016-08-05,20.16,14.36,127.55,25.78,78.88,67.53
2016-08-08,20.28,14.44,127.44,25.76,80.8,68.43
2016-08-09,20.16,14.4,127.96,25.86,80.56,68.07
2016-08-10,20.04,14.23,128.56,25.98,78.16,67.33
2016-08-11,20.19,14.45,127.67,25.8,81.68,68.32
2016-08-12,20.22,14.56,127.4,25.72,84.0,68.7
2016-08-15,20.52,14.8,127.84,25.82,86.08,69.25
2016-08-16,20.58,14.92,128.47,25.96,87.36,69.36
2016-08-17,20.67,14.98,128.5,25.96,87.92,69.57
2016-08-18,20.91,15.17,129.11,26.08,90.4,71.0
2016-08-19,20.76,15.12,127.97,25.86,90.72,70.41
2016-08-22,20.61,14.98,127.78,25.82,87.76,69.6
2016-08-23,20.73,15.04,127.76,25.8,88.7265,70.0892
2016-08-24,20.49,14.86,126.34,25.54,86.56,69.81
2016-08-25,20.46,14.92,126.23,25.5,87.6,69.62
2016-08-26,20.43,14.87,126.05,25.46,87.6,69.38
2016-08-29,20.28,14.81,126.3,25.52,86.8,69.85
2016-08-30,20.1,14.67,125.03,25.28,85.84,69.61
2016-08-31,19.89,14.39,124.78,25.2,82.88,68.51
2016-09-01,19.74,14.23,125.29,25.3,80.48,68.31
2016-09-02,19.95,14.39,126.57,25.56,81.92,69.08
2016-09-06,20.1,14.49,128.71,26.02,83.12,70.12
2016-09-07,20.25,14.62,128.27,25.92,84.16,70.52
2016-09-08,20.52,14.88,127.59,25.76,87.68,71.84
2016-09-09,20.22,14.65,126.75,25.62,84.72,69.7
2016-09-12,20.25,14.65,126.59,25.56,85.12,70.39
2016-09-13,19.95,14.46,125.75,25.4,82.96,68.38
2016-09-14,19.86,14.35,126.18,25.48,80.72,67.57
2016-09-15,19.92,14.42,125.37,25.34,81.12,68.41
2016-09-16,19.98,14.44,125.06,25.28,80.0,67.45
2016-09-19,20.04,14.43,125.32,25.3,79.84,67.41
2016-09-20,20.22,14.48,125.44,25.34,80.56,66.92
2016-09-21,20.37,14.66,127.27,25.7,83.2,68.47
2016-09-22,20.55,14.74,127.57,25.78,84.24,68.55
2016-09-23,20.28,14.57,127.65,25.8,81.52,67.64
2016-09-26,20.43,14.67,127.55,25.76,83.44,67.34
2016-09-27,20.25,14.53,126.62,25.6,81.2,66.89
2016-09-28,20.52,14.87,126.22,25.52,85.2,69.78
2016-09-29,20.52,14.96,126.07,25.46,86.96,69.66
2016-09-30,20.58,15.01,125.64,25.38,87.44,70.61
2016-10-03,20.64,15.14,125.32,25.32,88.8,70.56
2016-10-04,20.49,15.1,120.97,24.48,88.72,69.84
2016-10-05,20.61,15.19,120.78,24.44,90.8,70.91
2016-10-06,20.58,15.22,119.66,24.18,92.08,71.02
2016-10-07,20.58,15.18,119.74,24.2,90.64,70.61
2016-10-10,20.82,15.35,120.16,24.28,93.36,71.72
2016-10-11,20.7,15.26,119.55,24.18,92.64,70.9
2016-10-12,20.58,15.15,119.74,24.2,91.44,70.6
2016-10-13,20.73,15.25,120.03,24.26,91.92,70.21
2016-10-14,20.76,15.26,119.36,24.12,91.52,69.8
2016-10-17,20.82,15.28,119.68,24.18,90.96,69.46
2016-10-18,20.85,15.31,120.42,24.32,91.6,69.74
2016-10-19,20.94,15.41,121.11,24.48,93.28,70.73
2016-10-20,20.73,15.27,120.74,24.38,91.44,70.65
2016-10-21,20.76,15.33,120.83,24.42,91.84,70.19
2016-10-24,20.76,15.34,120.56,24.36,91.44,69.98
2016-10-25,20.73,15.27,121.47,24.54,89.92,69.66
2016-10-26,20.61,15.17,120.79,24.42,88.72,69.82
2016-10-27,20.76,15.26,121.01,24.46,89.68,69.56
2016-10-28,20.7,15.16,121.58,24.58,88.08,69.37
2016-10-31,20.46,14.96,121.94,24.64,84.24,68.62
2016-11-01,20.37,15.03,122.73,24.78,84.56,68.63
2016-11-02,20.22,14.85,123.64,24.96,82.24,67.87
2016-11-03,20.13,14.8,124.3,25.1,80.64,68.14
2016-11-04,20.07,14.7,124.39,25.12,79.84,67.77
2016-11-07,20.22,14.76,122.15,24.68,81.28,69.23
2016-11-08,20.19,14.74,121.64,24.58,80.8,69.32
2016-11-09,20.22,14.81,121.56,24.56,82.24,70.45
2016-11-10,20.16,14.69,119.75,24.2,80.32,70.75
2016-11-11,19.8,14.41,117.1,23.66,78.16,69.46
2016-11-14,19.74,14.38,116.11,23.46,78.96,69.85
2016-11-15,19.98,14.7,117.12,23.66,82.72,71.82
2016-11-16,19.86,14.52,116.77,23.58,81.84,71.32
2016-11-17,19.86,14.55,116.17,23.48,81.04,70.84
2016-11-18,19.89,14.67,115.15,23.26,82.56,71.13
2016-11-21,20.37,15.08,115.58,23.36,86.16,72.82
2016-11-22,20.43,15.06,115.54,23.34,85.04,72.78
2016-11-23,20.46,15.12,113.25,22.86,85.36,73.08
2016-11-25,20.37,15.01,112.61,22.74,82.64,72.72
2016-11-28,20.61,15.06,113.8,23.0,83.52,71.71
2016-11-29,20.19,14.76,113.27,22.88,80.48,70.83
2016-11-30,20.61,15.21,111.75,22.58,87.44,74.43
2016-12-01,20.85,15.49,111.54,22.54,90.64,74.61
2016-12-02,20.91,15.6,112.14,22.64,91.84,74.83
2016-12-05,21.21,15.68,111.54,22.52,90.8,75.49
2016-12-06,21.15,15.61,111.43,22.52,90.32,75.35
2016-12-07,21.03,15.49,111.83,22.58,88.72,75.95
2016-12-08,21.06,15.52,111.57,22.54,90.48,76.36
2016-12-09,21.15,15.6,110.4,22.32,91.52,76.6
2016-12-12,21.21,15.7,110.82,22.38,92.96,76.96
2016-12-13,21.12,15.74,110.45,22.32,93.84,77.83
2016-12-14,20.94,15.59,108.83,22.0,90.56,76.27
2016-12-15,20.7,15.57,107.34,21.72,90.88,76.44
2016-12-16,20.79,15.64,108.05,21.82,92.4,76.51
2016-12-19,20.7,15.55,108.59,21.94,92.0,76.16
2016-12-20,20.61,15.62,107.79,21.78,92.96,75.99
2016-12-21,20.67,15.53,107.85,21.8,91.52,76.11
2016-12-22,20.7,15.51,107.59,21.72,91.68,76.42
2016-12-23,20.7,15.54,107.93,21.8,92.48,76.35
2016-12-27,20.97,15.78,108.56,21.94,93.84,76.52
2016-12-28,21.06,15.79,108.86,21.98,94.0,75.69
2016-12-29,21.06,15.81,110.29,22.28,93.76,75.54
2016-12-30,21.03,15.84,109.61,22.16,93.76,75.32
2017-01-03,20.7,15.65,110.47,22.32,91.52,76.17
2017-01-04,20.97,15.77,110.86,22.42,92.64,76.01
2017-01-05,21.06,15.85,112.58,22.76,93.6,75.82
2017-01-06,21.0,15.83,111.75,22.6,93.44,75.89
2017-01-09,20.79,15.59,112.67,22.76,90.48,74.79
2017-01-10,20.88,15.52,113.15,22.88,88.56,74.11
2017-01-11,21.0,15.69,113.5,22.92,90.96,74.91
2017-01-12,21.33,15.92,113.91,23.02,92.32,74.6
2017-01-13,21.33,15.89,114.21,23.1,91.28,74.38
2017-01-17,21.45,15.88,115.85,23.42,91.44,74.84
2017-01-18,21.24,15.74,114.87,23.2,89.28,74.67
2017-01-19,21.21,15.69,114.77,23.18,89.36,74.26
2017-01-20,21.3,15.87,115.05,23.24,91.12,74.54
2017-01-23,21.39,15.87,115.79,23.4,90.56,73.75
2017-01-24,21.42,15.91,115.27,23.3,90.96,74.56
2017-01-25,21.3,15.81,114.32,23.12,90.48,74.95
2017-01-26,21.3,15.88,113.26,22.88,92.24,75.01
2017-01-27,21.27,15.75,113.49,22.92,91.2,74.23
2017-01-30,21.03,15.66,113.97,23.04,90.24,72.87
2017-01-31,21.18,15.75,115.55,23.34,90.56,72.9
2017-02-01,21.42,15.92,115.2,23.28,91.84,72.36
2017-02-02,21.39,15.92,115.84,23.4,92.08,72.77
2017-02-03,21.27,15.91,116.13,23.48,92.32,73.4
2017-02-06,21.27,15.81,117.7,23.8,91.04,72.78
2017-02-07,21.27,15.74,117.46,23.74,89.52,71.75
2017-02-08,21.39,15.8,118.19,23.88,89.84,71.92
2017-02-09,21.39,15.88,117.29,23.72,90.8,72.73
2017-02-10,21.6,16.05,117.6,23.78,92.0,73.28
2017-02-13,21.39,15.87,116.8,23.62,90.56,73.42
2017-02-14,21.36,15.89,116.93,23.64,91.04,73.66
2017-02-15,21.48,15.91,117.45,23.74,90.88,73.37
2017-02-16,21.36,15.81,118.08,23.86,91.28,72.37
2017-02-17,21.3,15.78,117.68,23.78,91.12,71.97
2017-02-21,21.24,15.76,117.75,23.8,92.32,72.46
2017-02-22,21.18,15.68,117.91,23.82,90.88,71.36
2017-02-23,21.15,15.73,118.94,24.06,92.24,71.66
2017-02-24,21.21,15.7,119.7,24.18,91.68,70.99
2017-02-27,21.09,15.66,119.12,24.08,91.76,71.6
2017-02-28,21.21,15.72,119.23,24.08,91.6,71.38
2017-03-01,21.3,15.79,119.06,24.08,91.2,72.81
2017-03-02,20.94,15.54,117.58,23.78,89.36,72.12
2017-03-03,21.06,15.62,117.51,23.76,90.32,71.99
2017-03-06,21.03,15.6,116.72,23.6,90.24,72.15
2017-03-07,20.82,15.53,115.78,23.42,90.16,71.51
2017-03-08,20.52,15.18,115.06,23.26,85.36,69.65
2017-03-09,20.31,15.05,114.47,23.14,84.24,70.11
2017-03-10,20.25,14.91,114.72,23.18,82.32,70.01
2017-03-13,20.25,14.89,114.74,23.18,82.24,70.02
2017-03-14,20.13,14.83,114.12,23.08,81.52,69.23
2017-03-15,20.4,14.96,116.25,23.48,83.04,70.77
2017-03-16,20.31,14.94,116.73,23.62,82.88,70.27
2017-03-17,20.4,14.99,116.99,23.64,82.64,69.8
2017-03-20,20.43,14.9817,117.5645,23.7626,82.204,69.746
2017-03-21,20.37,14.9,118.54,23.96,80.88,69.21
2017-03-22,20.31,14.89,118.83,24.04,80.96,69.11
2017-03-23,20.28,14.86,118.67,23.98,80.08,68.83
2017-03-24,20.28,14.91,118.86,24.02,80.72,68.56
2017-03-27,20.25,14.89,119.53,24.16,80.32,68.24
2017-03-28,20.37,14.98,119.04,24.08,81.2,69.21
2017-03-29,20.52,15.12,119.33,24.14,82.96,70.16
2017-03-30,20.49,15.18,118.47,23.94,84.56,70.14
2017-03-31,20.52,15.21,118.72,24.02,85.12,69.9
2017-04-03,20.4,15.15,119.35,24.14,84.4,69.78
2017-04-04,20.52,15.3,119.62,24.18,85.68,70.29
2017-04-05,20.61,15.33,119.62,24.2,85.44,70.07
2017-04-06,20.61,15.37,119.18,24.1,86.88,70.63
2017-04-07,20.61,15.41,119.46,24.16,87.68,70.36
2017-04-10,20.61,15.53,119.46,24.16,89.12,70.89
2017-04-11,20.67,15.56,121.19,24.48,89.36,70.9
2017-04-12,20.67,15.56,122.02,24.68,88.88,70.6
2017-04-13,20.76,15.61,122.6,24.8,89.04,69.31
2017-04-17,20.67,15.52,122.24,24.7,88.48,69.46
2017-04-18,20.52,15.46,122.82,24.82,88.32,68.81
2017-04-19,20.31,15.19,121.73,24.62,84.96,67.8
2017-04-20,20.28,15.13,121.96,24.66,84.32,68.13
2017-04-21,20.16,14.98,122.31,24.74,82.56,67.79
2017-04-24,20.1,14.93,121.48,24.58,82.0,68.19
2017-04-25,20.19,15.0,120.25,24.32,82.88,68.77
2017-04-26,20.16,14.92,120.84,24.44,82.08,68.54
2017-04-27,20.1,14.84,120.39,24.36,81.92,67.79
2017-04-28,20.19,14.8,120.77,24.42,81.92,67.84
2017-05-01,20.19,14.83,119.67,24.18,81.2,67.65
2017-05-02,20.1,14.67,119.65,24.2,79.36,67.31
2017-05-03,20.04,14.61,117.98,23.84,79.44,67.5
2017-05-04,19.65,14.26,116.79,23.62,75.68,66.26
2017-05-05,19.77,14.46,117.01,23.64,77.28,67.31
2017-05-08,19.65,14.4,116.75,23.6,77.36,67.79
2017-05-09,19.59,14.33,116.05,23.46,76.56,67.23
2017-05-10,19.77,14.56,116.04,23.48,78.88,68.12
2017-05-11,19.89,14.62,116.5,23.54,79.52,67.98
2017-05-12,19.98,14.62,116.83,23.62,79.6,67.75
2017-05-15,20.01,14.7,117.14,23.7,81.36,68.28
2017-05-16,19.98,14.72,117.65,23.78,80.88,67.94
2017-05-17,20.13,14.82,119.79,24.24,81.52,67.27
2017-05-18,19.98,14.78,118.81,24.04,82.08,67.25
2017-05-19,20.31,15.07,119.4,24.16,83.84,68.08
2017-05-22,20.43,15.17,119.9,24.24,84.32,67.93
2017-05-23,20.31,15.12,119.14,24.1,85.12,68.09
2017-05-24,20.25,15.09,119.61,24.2,84.8,67.73
2017-05-25,20.07,14.76,119.48,24.18,80.32,66.5
2017-05-26,20.13,14.87,120.54,24.38,82.24,66.61
2017-05-30,19.95,14.75,120.14,24.28,81.92,65.72
2017-05-31,19.86,14.59,120.62,24.4,79.68,65.44
2017-06-01,19.8,14.49,120.72,24.42,79.28,65.85
2017-06-02,19.77,14.42,121.61,24.58,78.88,65.09
2017-06-05,19.68,14.34,121.73,24.62,78.4,65.21
2017-06-06,19.8,14.44,123.1,24.9,79.76,65.98
2017-06-07,19.65,14.24,122.45,24.78,75.68,65.05
2017-06-08,19.68,14.24,121.65,24.6,75.44,64.86
2017-06-09,19.74,14.32,120.54,24.4,75.92,66.42
2017-06-12,19.53,14.19,120.36,24.34,76.16,66.89
2017-06-13,19.53,14.25,120.48,24.38,76.8,67.39
2017-06-14,19.32,14.0,119.82,24.24,73.84,66.17
2017-06-15,18.72,14.06,119.32,24.14,73.44,65.67
2017-06-16,18.84,14.12,119.34,24.14,73.92,66.3
2017-06-19,18.69,14.03,118.43,23.96,72.96,65.88
2017-06-20,18.54,13.89,118.18,23.9,71.6,65.04
2017-06-21,18.42,13.74,118.52,23.96,69.68,63.99
2017-06-22,18.39,13.76,118.92,24.06,70.24,63.95
2017-06-23,18.48,13.82,119.43,24.16,70.88,64.38
2017-06-26,18.54,13.85,118.36,23.92,71.44,64.24
2017-06-27,18.66,14.01,118.81,24.04,72.8,64.14
2017-06-28,18.78,14.1,118.9,24.06,73.6,64.49
2017-06-29,18.87,14.16,118.32,23.92,73.68,64.63
2017-06-30,19.14,14.45,118.02,23.88,76.0,64.92
2017-07-03,19.23,14.6,116.09,23.46,76.96,66.17
2017-07-05,19.05,14.38,116.52,23.58,74.0,64.83
2017-07-06,19.08,14.39,116.47,23.54,74.48,64.11
2017-07-07,18.9,14.25,115.28,23.3,72.8,64.01
2017-07-10,19.02,14.31,115.47,23.34,73.04,64.22
2017-07-11,19.2,14.45,115.62,23.38,74.16,64.57
2017-07-12,19.17,14.38,116.03,23.46,74.64,64.75
2017-07-13,18.99,14.37,115.82,23.42,75.76,65.01
2017-07-14,19.17,14.53,116.77,23.62,76.72,65.4
2017-07-17,19.2,14.48,117.29,23.72,75.6,65.32
2017-07-18,19.32,14.54,118.11,23.9,76.32,65.01
2017-07-19,19.44,14.67,118.08,23.86,77.52,65.96
2017-07-20,19.41,14.65,118.24,23.9,76.88,65.76
2017-07-21,19.26,14.45,119.26,24.12,74.72,65.11
2017-07-24,19.2,14.48,119.31,24.16,76.0,64.99
2017-07-25,19.29,14.64,118.92,24.06,78.48,65.81
2017-07-26,19.47,14.78,119.88,24.24,79.68,65.88
2017-07-27,19.59,14.87,119.79,24.22,80.48,66.55
2017-07-28,19.65,14.95,120.69,24.42,81.36,66.47
2017-07-31,19.65,15.04,120.75,24.44,82.24,66.62
2017-08-01,19.44,14.87,120.65,24.42,80.72,66.61
2017-08-02,19.53,14.9,120.4,24.34,81.12,66.36
2017-08-03,19.41,14.79,120.59,24.4,80.16,65.43
2017-08-04,19.41,14.82,119.65,24.22,81.04,65.64
2017-08-07,19.5,14.85,119.51,24.2,80.8,65.14
2017-08-08,19.56,14.86,119.86,24.24,80.48,64.99
2017-08-09,19.68,14.96,121.31,24.52,81.2,65.05
2017-08-10,19.5,14.73,122.21,24.72,79.28,64.36
2017-08-11,19.53,14.78,122.79,24.82,79.92,63.94
2017-08-14,19.35,14.65,121.92,24.64,77.76,63.75
2017-08-15,19.17,14.58,120.98,24.46,78.0,63.51
2017-08-16,19.2,14.54,121.87,24.66,76.56,62.9
2017-08-17,19.26,14.58,122.49,24.78,76.96,62.01
2017-08-18,19.38,14.84,122.3,24.74,79.76,62.32
2017-08-21,19.32,14.66,122.76,24.82,77.68,62.0
2017-08-22,19.32,14.7,122.21,24.72,78.16,62.41
2017-08-23,19.41,14.83,122.67,24.8,79.04,62.68
2017-08-24,19.44,14.82,122.29,24.72,77.68,62.72
2017-08-25,19.41,14.79,122.74,24.84,78.0,63.0
2017-08-28,19.44,14.8,124.69,25.2,76.24,62.72
2017-08-29,19.47,14.8,124.42,25.16,75.68,62.64
2017-08-30,19.38,14.69,124.36,25.16,75.04,62.67
2017-08-31,19.77,15.1,125.82,25.44,77.04,62.97
2017-09-01,19.83,15.12,126.06,25.5,77.36,63.58
2017-09-05,19.98,15.15,127.46,25.78,79.36,63.93
2017-09-06,20.07,15.3,126.81,25.66,80.32,64.97
2017-09-07,20.07,15.29,128.13,25.92,80.24,65.09
2017-09-08,19.86,15.12,127.97,25.9,77.84,64.4
2017-09-11,19.86,15.15,126.19,25.52,78.56,65.01
2017-09-12,19.83,15.19,126.56,25.6,78.96,65.41
2017-09-13,19.89,15.26,125.61,25.42,80.56,66.23
2017-09-14,19.47,15.27,126.16,25.52,81.04,66.55
2017-09-15,19.5,15.34,125.53,25.4,81.6,65.84
2017-09-18,19.47,15.32,124.36,25.14,81.36,66.12
2017-09-19,19.41,15.29,124.62,25.2,80.88,66.39
2017-09-20,19.53,15.42,123.62,25.0,81.92,66.84
2017-09-21,19.32,15.36,122.68,24.82,82.0,66.86
2017-09-22,19.38,15.42,123.24,24.94,81.92,67.2
2017-09-25,19.53,15.68,124.53,25.2,84.4,68.17
2017-09-26,19.38,15.54,123.14,24.92,83.92,68.14
2017-09-27,19.38,15.48,121.98,24.66,84.16,68.43
2017-09-28,19.35,15.48,122.21,24.72,83.44,68.49
2017-09-29,19.26,15.4,121.58,24.62,83.44,68.48
2017-10-02,19.08,15.27,120.77,24.42,81.68,68.46
2017-10-03,19.11,15.28,120.83,24.44,81.44,68.39
2017-10-04,19.14,15.3,121.17,24.5,80.64,68.34
2017-10-05,19.29,15.47,120.52,24.38,82.0,68.65
2017-10-06,19.14,15.23,121.09,24.48,79.76,68.07
2017-10-09,19.17,15.24,122.08,24.7,80.0,68.21
2017-10-10,19.35,15.42,122.4,24.78,82.24,68.27
2017-10-11,19.38,15.45,122.79,24.86,82.88,68.43
2017-10-12,19.47,15.43,122.89,24.86,81.84,68.18
2017-10-13,19.62,15.58,123.82,25.08,82.96,68.14
2017-10-16,19.62,15.62,122.97,24.9,83.68,68.29
2017-10-17,19.5,15.6,122.13,24.72,83.92,68.33
2017-10-18,19.47,15.59,121.67,24.62,83.84,67.85
2017-10-19,19.47,15.52,122.39,24.78,82.8,67.64
2017-10-20,19.47,15.6,121.61,24.6,83.44,67.77
2017-10-23,19.53,15.6,121.8,24.66,83.36,67.42
2017-10-24,19.65,15.76,121.33,24.54,84.32,67.55
2017-10-25,19.62,15.78,121.35,24.58,83.84,67.08
2017-10-26,19.62,15.85,120.33,24.36,84.56,67.22
2017-10-27,19.65,15.93,120.9,24.46,86.72,67.34
2017-10-30,19.74,15.97,121.13,24.52,86.96,67.69
2017-10-31,19.74,16.01,120.67,24.42,87.44,67.91
2017-11-01,19.83,16.02,121.11,24.5,87.2,68.68
2017-11-02,19.89,16.12,121.19,24.54,87.92,68.48
2017-11-03,19.95,16.22,120.62,24.42,89.44,68.68
2017-11-06,20.25,16.53,121.65,24.62,92.08,70.25
2017-11-07,20.13,16.43,121.21,24.52,91.92,70.16
2017-11-08,20.13,16.4,121.63,24.62,91.28,69.82
2017-11-09,20.1,16.43,122.13,24.7,91.68,70.03
2017-11-10,20.04,16.4,121.13,24.52,91.36,69.66
2017-11-13,20.01,16.35,121.31,24.56,91.04,69.26
2017-11-14,19.77,16.13,121.56,24.62,89.04,68.14
2017-11-15,19.74,16.11,121.41,24.56,88.72,67.37
2017-11-16,19.65,16.06,121.4,24.58,88.56,67.1
2017-11-17,19.92,16.32,122.86,24.86,90.8,67.43
2017-11-20,19.77,16.19,121.31,24.56,90.24,67.27
2017-11-21,19.83,16.3,121.51,24.6,91.2,67.42
2017-11-22,19.98,16.39,122.63,24.84,92.8,67.69
2017-11-24,19.98,16.44,122.32,24.76,94.32,67.88
2017-11-27,19.95,16.41,122.83,24.88,92.72,67.19
2017-11-28,19.89,16.34,122.81,24.86,92.64,67.71
2017-11-29,19.8,16.23,122.04,24.7,91.76,68.08
2017-11-30,19.62,16.16,121.1,24.5,91.76,69.1
2017-12-01,19.83,16.3,121.59,24.6,93.36,69.68
2017-12-04,19.65,16.1,121.18,24.54,91.92,69.65
2017-12-05,19.5,16.1,120.32,24.34,92.32,69.35
2017-12-06,19.29,15.83,120.07,24.3,89.6,68.45
2017-12-07,19.26,15.88,118.49,23.98,90.64,68.65
2017-12-08,19.29,15.96,118.48,23.98,91.92,69.28
2017-12-11,19.35,16.0,118.01,23.88,92.8,69.78
2017-12-12,19.17,15.86,118.15,23.92,91.52,69.59
2017-12-13,19.17,15.79,119.17,24.12,90.64,69.49
2017-12-14,19.23,15.84,118.93,24.08,91.44,69.24
2017-12-15,19.26,15.84,119.18,24.12,91.68,68.72
2017-12-18,19.38,15.91,119.73,24.22,91.52,69.25
2017-12-19,19.38,16.03,119.82,24.24,92.08,69.35
2017-12-20,19.5,16.12,120.14,24.3,92.88,70.33
2017-12-21,19.56,16.13,120.31,24.36,93.12,71.82
2017-12-22,19.68,16.2,120.94,24.5,93.28,71.97
2017-12-26,19.89,16.44,121.77,24.64,95.6,72.6
2017-12-27,19.56,16.48,122.23,24.76,95.36,72.36
2017-12-28,19.71,16.56,122.85,24.88,95.76,72.47
2017-12-29,19.86,16.61,123.65,25.02,96.08,72.26
2018-01-02,19.89,16.69,125.15,25.34,96.56,73.45
2018-01-03,19.95,16.79,124.82,25.28,98.72,74.55
2018-01-04,19.95,16.77,125.46,25.42,98.96,75.0
2018-01-05,19.8,16.71,125.33,25.38,98.48,74.97
2018-01-08,19.77,16.7,125.31,25.38,99.04,75.42
2018-01-09,19.86,16.81,124.73,25.26,100.56,75.23
2018-01-10,19.89,16.87,125.03,25.32,101.44,75.14
2018-01-11,19.89,16.86,125.44,25.38,101.6,76.68
2018-01-12,20.01,16.97,126.96,25.72,102.96,77.42
2018-01-16,19.95,16.89,127.17,25.72,102.08,76.44
2018-01-17,20.01,16.91,126.14,25.54,102.24,77.11
2018-01-18,19.98,16.91,125.86,25.5,102.08,76.48
2018-01-19,19.95,16.88,126.42,25.56,101.76,76.38
2018-01-22,20.01,16.92,126.65,25.62,102.24,78.03
2018-01-23,20.1,17.04,127.28,25.76,103.76,77.91
2018-01-24,20.4,17.22,128.83,26.1,105.76,77.7
2018-01-25,20.4,17.12,127.97,25.88,104.48,77.09
2018-01-26,20.46,17.25,128.07,25.94,105.92,77.51
2018-01-29,20.4,17.2,127.35,25.76,104.88,76.34
2018-01-30,20.28,17.08,126.8,25.66,103.2,74.8
2018-01-31,20.22,17.1,127.65,25.84,103.84,74.85
2018-02-01,20.22,17.27,128.07,25.94,105.92,75.62
2018-02-02,20.04,16.99,126.39,25.6,104.32,72.46
2018-02-05,19.95,16.83,126.71,25.7,102.16,69.42
2018-02-06,19.83,16.73,125.38,25.38,101.6,69.97
2018-02-07,19.56,16.54,124.79,25.24,98.96,68.8
2018-02-08,19.53,16.37,124.98,25.3,96.72,66.72
2018-02-09,19.17,16.13,124.77,25.26,94.88,66.67
2018-02-12,19.32,16.23,125.37,25.36,95.12,67.76
2018-02-13,19.44,16.26,126.08,25.52,94.96,67.48
2018-02-14,19.71,16.51,128.23,25.96,97.44,68.46
2018-02-15,19.77,16.54,128.38,25.98,98.64,68.29
2018-02-16,19.8,16.57,127.96,25.9,99.04,68.12
2018-02-20,19.74,16.62,126.24,25.54,99.12,67.75
2018-02-21,19.8,16.6,125.66,25.42,98.32,66.61
2018-02-22,19.89,16.75,126.3,25.58,100.72,67.34
2018-02-23,19.95,16.86,126.14,25.54,102.16,68.8
2018-02-26,20.04,16.95,126.45,25.58,102.88,69.21
2018-02-27,19.89,16.78,125.13,25.3,101.2,68.31
2018-02-28,19.77,16.6,125.0,25.32,98.96,66.74
2018-03-01,19.77,16.63,124.72,25.24,98.8,66.64
2018-03-02,19.77,16.63,125.39,25.36,98.96,66.95
2018-03-05,19.92,16.73,125.18,25.32,100.72,67.66
2018-03-06,19.98,16.79,126.53,25.6,100.56,67.7
2018-03-07,19.77,16.61,125.72,25.42,98.8,67.19
2018-03-08,19.65,16.51,125.42,25.38,97.2,67.17
2018-03-09,19.74,16.67,125.54,25.4,99.76,68.45
2018-03-12,19.68,16.64,125.54,25.4,98.96,68.43
2018-03-13,19.74,16.59,125.78,25.46,97.92,67.94
2018-03-14,19.71,16.59,125.7,25.44,98.24,67.54
2018-03-15,19.62,16.58,124.9,25.28,98.72,67.19
2018-03-16,19.65,16.64,124.6,25.22,100.4,67.31
2018-03-19,19.44,16.53,124.87,25.28,100.4,66.27
2018-03-20,19.5,16.64,124.31,25.16,102.48,66.83
2018-03-21,19.71,16.94,126.48,25.6,105.44,68.58
2018-03-22,19.65,16.81,125.98,25.5,103.6,67.18
2018-03-23,19.74,16.96,127.61,25.86,106.24,66.77
2018-03-26,19.68,16.97,128.28,25.98,105.68,67.97
2018-03-27,19.71,16.9,127.49,25.82,104.64,67.33
2018-03-28,19.59,16.83,125.73,25.46,104.32,66.02
2018-03-29,19.77,16.98,125.79,25.46,104.72,67.41
2018-04-02,19.59,16.75,127.26,25.78,101.92,66.06
2018-04-03,19.65,16.84,126.3,25.58,102.48,67.47
2018-04-04,19.56,16.77,126.45,25.62,102.56,67.38
2018-04-05,19.68,16.85,125.8,25.48,102.64,68.59
2018-04-06,19.62,16.73,126.39,25.62,100.08,67.35
2018-04-09,19.86,16.94,126.82,25.68,102.16,67.67
2018-04-10,20.04,17.23,127.12,25.76,106.0,69.91
2018-04-11,20.19,17.36,128.11,25.94,107.6,70.64
2018-04-12,20.13,17.29,126.62,25.64,108.16,70.63
2018-04-13,20.19,17.3,127.45,25.82,108.4,71.41
2018-04-16,20.1,17.24,127.63,25.86,107.04,72.14
2018-04-17,20.1,17.25,127.75,25.88,107.28,72.42
2018-04-18,20.43,17.57,127.85,25.88,111.04,73.56
2018-04-19,20.31,17.5,127.6,25.86,110.16,73.65
2018-04-20,20.28,17.47,126.63,25.64,110.0,73.3
2018-04-23,20.16,17.46,125.62,25.44,111.36,73.75
2018-04-24,20.1,17.37,126.23,25.58,109.44,72.96
2018-04-25,20.13,17.4,125.41,25.38,109.76,73.54
2018-04-26,20.19,17.49,124.97,25.3,110.16,74.61
2018-04-27,20.19,17.48,125.5,25.42,109.84,73.82
2018-04-30,20.25,17.56,124.59,25.24,110.4,73.81
2018-05-01,20.16,17.46,123.71,25.06,108.88,73.36
2018-05-02,20.19,17.46,123.65,25.06,109.36,73.66
2018-05-03,20.22,17.57,124.28,25.18,110.56,73.49
2018-05-04,20.31,17.69,124.54,25.24,112.72,73.85
2018-05-07,20.28,17.68,124.57,25.24,112.8,73.95
2018-05-08,20.19,17.73,124.59,25.24,112.48,74.53
2018-05-09,20.34,17.89,124.33,25.2,114.96,76.05
2018-05-10,20.46,17.98,125.18,25.34,115.28,76.62
2018-05-11,20.34,17.87,125.0,25.3,114.0,76.73
2018-05-14,20.4,18.0,124.49,25.22,115.04,77.26
2018-05-15,20.37,18.02,122.48,24.8,115.2,77.28
2018-05-16,20.37,18.12,122.29,24.78,115.68,77.55
2018-05-17,20.4,18.14,122.36,24.76,115.92,78.72
2018-05-18,20.43,18.15,122.41,24.8,115.44,78.11
2018-05-21,20.58,18.29,122.48,24.82,117.36,78.91
2018-05-22,20.67,18.31,122.41,24.8,116.48,77.86
2018-05-23,20.73,18.41,122.54,24.82,116.08,77.85
2018-05-24,20.73,18.29,123.59,25.02,114.32,76.57
2018-05-25,20.58,18.02,123.21,24.96,109.44,74.58
2018-05-29,20.46,17.85,123.19,24.96,108.08,74.35
2018-05-30,20.52,18.08,123.37,24.98,110.64,76.6
2018-05-31,20.52,18.03,123.1,24.92,108.4,76.02
2018-06-01,20.46,17.91,122.49,24.82,106.0,76.38
2018-06-04,20.19,17.7,122.37,24.78,104.96,75.72
2018-06-05,20.28,17.73,122.85,24.88,105.76,75.54
2018-06-06,20.28,17.79,122.92,24.88,105.28,75.9
2018-06-07,20.37,17.86,122.86,24.88,106.8,77.05
2018-06-08,20.31,17.85,123.01,24.92,106.16,76.9
2018-06-11,20.25,17.84,123.23,24.94,106.88,77.3
2018-06-12,20.31,17.83,122.82,24.86,107.2,76.71
2018-06-13,20.31,17.9,123.19,24.94,107.76,76.42
2018-06-14,19.77,17.7,123.38,25.0,108.16,76.31
2018-06-15,19.41,17.27,121.34,24.58,104.4,74.17
2018-06-18,19.44,17.42,121.11,24.52,106.32,74.91
2018-06-19,19.23,17.24,120.8,24.46,105.12,74.74
2018-06-20,19.23,17.22,120.26,24.36,106.24,75.07
2018-06-21,19.17,17.09,120.05,24.3,106.48,73.68
2018-06-22,19.41,17.43,120.34,24.36,112.16,75.15
2018-06-25,19.17,17.23,119.89,24.28,110.16,73.64
2018-06-26,19.26,17.4,119.26,24.14,114.16,74.57
2018-06-27,19.44,17.49,118.58,24.0,117.2,75.57
2018-06-28,19.35,17.48,118.22,23.94,118.88,75.47
2018-06-29,19.47,17.68,118.65,24.04,120.48,75.94
2018-07-02,19.11,17.31,117.46,23.8,119.68,74.82
2018-07-03,19.17,17.29,118.65,24.02,119.36,75.29
2018-07-05,19.08,17.39,119.05,24.1,118.24,75.21
2018-07-06,19.23,17.47,118.86,24.06,119.68,75.67
2018-07-09,19.2,17.56,119.15,24.12,120.24,76.8
2018-07-10,19.11,17.52,118.93,24.08,120.56,77.37
2018-07-11,18.6,16.91,117.64,23.8,114.48,75.73
2018-07-12,18.72,17.0,118.13,23.9,115.12,75.86
2018-07-13,18.69,17.03,117.61,23.8,115.76,76.26
2018-07-16,18.45,16.67,117.55,23.82,111.52,75.38
2018-07-17,18.42,16.69,116.28,23.54,111.6,75.08
2018-07-18,18.48,16.84,116.31,23.54,112.8,75.13
2018-07-19,18.48,16.82,115.81,23.46,113.04,75.15
2018-07-20,18.6,16.94,116.56,23.62,113.2,74.89
2018-07-23,18.57,17.0,116.0,23.5,112.72,74.56
2018-07-24,18.66,17.09,116.04,23.5,113.84,75.5
2018-07-25,18.84,17.32,116.68,23.64,115.36,76.13
2018-07-26,18.87,17.32,115.77,23.46,115.76,76.96
2018-07-27,18.87,17.25,115.83,23.46,114.56,76.63
2018-07-30,18.99,17.35,115.65,23.44,116.32,77.26
2018-07-31,18.99,17.25,115.99,23.48,114.24,77.12
2018-08-01,18.72,17.0,115.14,23.32,112.72,76.05
2018-08-02,18.81,17.1,114.52,23.18,114.88,75.63
2018-08-03,18.9,17.16,114.92,23.28,114.16,75.24
2018-08-06,18.93,17.19,114.33,23.16,114.48,75.52
2018-08-07,19.02,17.32,114.59,23.2,114.88,76.08
2018-08-08,18.93,17.11,114.91,23.26,111.2,75.53
2018-08-09,18.9,17.04,114.74,23.24,111.04,74.83
2018-08-10,18.75,17.04,114.69,23.22,112.64,75.29
2018-08-13,18.63,16.95,112.96,22.9,112.08,74.33
2018-08-14,18.66,16.98,113.07,22.92,111.92,74.51
2018-08-15,18.3,16.61,111.19,22.54,108.08,71.91
2018-08-16,18.51,16.74,111.1,22.52,109.04,72.43
2018-08-17,18.57,16.81,112.13,22.7,109.52,72.61
2018-08-20,18.6,16.84,112.69,22.82,110.08,73.1
2018-08-21,18.63,16.87,113.02,22.9,110.64,73.47
2018-08-22,18.69,17.11,113.27,22.94,114.16,74.35
2018-08-23,18.57,17.08,112.2,22.74,114.16,74.0
2018-08-24,18.69,17.21,114.16,23.12,115.44,74.54
2018-08-27,18.72,17.27,114.59,23.2,116.0,75.09
2018-08-28,18.6,17.2,113.68,23.04,115.44,74.77
2018-08-29,18.69,17.39,114.2,23.14,117.28,75.23
2018-08-30,18.66,17.36,113.64,23.02,118.0,75.02
2018-08-31,18.69,17.38,113.51,23.0,117.68,74.44
2018-09-04,18.54,17.28,112.93,22.9,116.64,74.28
2018-09-05,18.45,17.21,113.32,22.96,115.92,74.18
2018-09-06,18.39,17.11,113.54,23.02,114.4,72.81
2018-09-07,18.39,17.15,113.23,22.92,114.24,72.8
2018-09-10,18.45,17.21,113.15,22.92,113.68,72.77
2018-09-11,18.48,17.38,113.22,22.96,116.8,73.46
2018-09-12,18.63,17.5,114.17,23.12,118.24,73.84
2018-09-13,18.15,17.31,113.76,23.04,115.92,73.87
2018-09-14,18.06,17.2,113.02,22.92,116.0,74.26
2018-09-17,18.0,17.18,113.61,23.0,115.76,74.38
2018-09-18,18.15,17.34,113.44,22.98,117.52,74.87
2018-09-19,18.27,17.45,113.88,23.06,119.52,75.1
2018-09-20,18.39,17.45,114.27,23.14,118.4,75.12
2018-09-21,18.51,17.49,113.49,22.98,119.68,75.1
2018-09-24,18.6,17.75,113.47,22.98,122.0,76.2
2018-09-25,18.66,17.79,113.65,23.04,122.16,76.69
2018-09-26,18.57,17.71,113.05,22.9,120.88,75.95
2018-09-27,18.63,17.79,112.05,22.72,122.08,75.95
2018-09-28,18.72,17.97,112.76,22.86,124.16,75.74
2018-10-01,18.99,18.31,112.57,22.8,127.6,76.79
2018-10-02,19.17,18.37,113.87,23.06,126.96,76.87
2018-10-03,19.26,18.54,113.42,23.0,128.64,77.49
2018-10-04,19.02,18.34,113.48,22.98,125.92,77.17
2018-10-05,19.02,18.3,113.8,23.06,125.52,77.16
2018-10-08,19.05,18.25,112.54,22.78,125.44,77.1
2018-10-09,19.14,18.38,112.6,22.84,126.56,77.79
2018-10-10,18.96,18.02,112.88,22.88,123.04,75.35
2018-10-11,18.81,17.75,115.78,23.44,119.6,72.8
2018-10-12,18.84,17.89,115.23,23.36,120.96,73.0
2018-10-15,19.05,17.93,116.0,23.5,121.04,72.39
2018-10-16,19.02,18.01,115.8,23.5,121.52,72.99
2018-10-17,18.93,17.85,115.79,23.44,118.56,72.53
2018-10-18,18.72,17.65,115.92,23.5,116.48,72.17
2018-10-19,18.75,17.75,116.01,23.5,117.76,71.53
2018-10-22,18.72,17.77,115.71,23.44,117.92,70.74
2018-10-23,18.54,17.38,116.39,23.58,112.32,68.89
2018-10-24,18.48,17.26,116.66,23.62,112.4,66.17
2018-10-25,18.42,17.33,116.4,23.6,113.68,66.98
2018-10-26,18.54,17.46,116.77,23.64,114.64,66.48
2018-10-29,18.39,17.28,116.31,23.56,112.88,65.24
2018-10-30,18.18,17.19,115.8,23.46,112.24,66.75
2018-10-31,18.06,16.96,115.15,23.34,110.32,67.16
2018-11-01,18.12,16.84,116.63,23.64,107.68,67.73
2018-11-02,18.15,16.8,116.65,23.64,106.48,67.56
2018-11-05,18.21,16.79,116.37,23.6,106.4,68.69
2018-11-06,18.09,16.72,116.04,23.5,105.44,69.01
2018-11-07,18.09,16.68,116.03,23.5,104.48,70.14
2018-11-08,17.97,16.58,115.78,23.44,102.72,68.62
2018-11-09,17.88,16.4,114.48,23.2,101.6,68.5
2018-11-12,17.94,16.36,113.66,23.02,99.84,67.08
2018-11-13,17.76,15.91,113.7,23.02,93.52,65.54
2018-11-14,18.21,16.05,114.64,23.22,95.6,65.43
2018-11-15,17.85,16.02,114.77,23.24,95.84,66.39
2018-11-16,18.12,16.12,115.62,23.4,96.56,67.18
2018-11-19,18.27,16.12,115.67,23.46,97.12,67.16
2018-11-20,17.82,15.63,115.67,23.44,90.16,64.96
2018-11-21,17.91,15.76,115.86,23.5,92.16,65.98
2018-11-23,17.43,15.3,115.77,23.44,86.64,63.91
2018-11-26,17.43,15.37,115.64,23.44,87.52,64.87
2018-11-27,17.34,15.31,114.95,23.28,87.6,64.69
2018-11-28,17.58,15.26,115.38,23.4,85.28,65.8
2018-11-29,17.7,15.36,115.74,23.46,86.96,66.23
2018-11-30,17.64,15.29,115.54,23.42,85.84,66.11
2018-12-03,17.76,15.64,116.41,23.58,90.16,67.58
2018-12-04,17.85,15.65,117.12,23.74,89.44,65.64
2018-12-06,17.61,15.52,117.14,23.72,87.52,64.43
2018-12-07,17.91,15.7,118.09,23.92,88.88,64.07
2018-12-10,17.67,15.45,117.68,23.84,86.0,63.07
2018-12-11,17.61,15.54,117.54,23.82,87.6,63.09
2018-12-12,17.52,15.49,117.79,23.88,86.56,63.34
2018-12-13,17.64,15.69,117.53,23.84,89.68,63.54
2018-12-14,17.37,15.45,117.06,23.74,86.56,62.09
2018-12-17,17.19,15.27,117.87,23.88,83.6,60.96
2018-12-18,17.01,14.95,118.15,23.92,78.32,59.52
2018-12-19,17.1,15.01,117.43,23.82,80.16,58.82
2018-12-20,16.8,14.87,119.24,24.18,77.76,57.19
2018-12-21,16.77,14.74,118.72,24.06,76.56,56.11
2018-12-24,16.44,14.39,120.02,24.3,74.32,53.84
2018-12-26,16.41,14.71,119.66,24.28,79.2,57.19
2018-12-27,16.32,14.57,120.57,24.42,76.96,57.49
2018-12-28,16.32,14.45,121.06,24.54,76.24,57.05
2018-12-31,16.2,14.49,121.25,24.58,77.28,57.35
2019-01-02,16.26,14.53,121.33,24.6,78.8,58.48
2019-01-03,16.41,14.65,122.43,24.82,79.6,57.9
2019-01-04,16.59,14.85,121.44,24.64,81.44,59.87
2019-01-07,16.65,14.96,121.86,24.7,82.32,60.76
2019-01-08,16.74,15.11,121.53,24.64,84.0,61.23
2019-01-09,17.01,15.41,122.31,24.78,88.4,62.2
2019-01-10,16.92,15.37,121.59,24.64,88.8,62.38
2019-01-11,16.95,15.32,121.8,24.68,87.2,62.01
2019-01-14,16.95,15.19,122.09,24.74,85.52,61.86
2019-01-15,17.01,15.31,121.88,24.7,88.0,62.08
2019-01-16,17.07,15.39,122.27,24.78,88.48,62.0
2019-01-17,17.1,15.4,122.11,24.76,88.24,62.57
2019-01-18,17.28,15.56,121.02,24.54,90.48,63.84
2019-01-22,17.04,15.45,121.45,24.6,88.96,62.45
2019-01-23,17.01,15.43,121.28,24.58,88.4,61.81
2019-01-24,17.04,15.47,121.09,24.52,89.36,62.14
2019-01-25,17.22,15.55,122.86,24.9,90.0,62.93
2019-01-28,16.95,15.34,123.29,24.96,87.6,62.3
2019-01-29,17.13,15.49,123.98,25.14,89.28,62.49
2019-01-30,17.28,15.6,124.69,25.26,91.2,63.37
2019-01-31,17.28,15.52,124.75,25.28,90.8,63.78
2019-02-01,17.34,15.66,124.5,25.24,93.04,64.89
2019-02-04,17.34,15.67,123.96,25.12,92.0,65.04
2019-02-05,17.31,15.6,124.28,25.18,90.32,65.14
2019-02-06,17.34,15.62,123.44,25.02,90.56,64.66
2019-02-07,17.16,15.47,123.74,25.1,88.56,63.23
2019-02-08,17.16,15.49,124.21,25.18,88.64,62.94
2019-02-11,17.04,15.4,123.6,25.06,88.08,63.24
2019-02-12,17.16,15.49,123.86,25.12,89.28,64.04
2019-02-13,17.19,15.58,123.37,25.02,90.72,64.84
2019-02-14,17.19,15.62,124.06,25.16,91.84,65.07
2019-02-15,17.43,15.91,124.8,25.32,93.68,66.12
2019-02-19,17.52,15.95,126.7,25.68,94.24,66.32
2019-02-20,17.64,16.0,126.48,25.66,95.44,66.6
2019-02-21,17.64,16.05,125.05,25.34,95.04,65.57
2019-02-22,17.73,16.09,125.5,25.46,95.6,65.76
2019-02-25,17.55,15.85,125.37,25.44,92.56,65.87
2019-02-26,17.52,15.92,125.58,25.46,93.04,65.66
2019-02-27,17.64,16.0,124.69,25.3,95.12,65.91
2019-02-28,17.58,15.96,123.99,25.16,95.6,65.25
2019-03-01,17.46,15.78,121.88,24.72,93.28,66.45
2019-03-04,17.46,15.83,121.56,24.66,94.4,66.57
2019-03-05,17.55,15.91,121.72,24.68,94.56,66.35
2019-03-06,17.46,15.82,121.61,24.64,94.0,65.51
2019-03-07,17.46,15.78,121.51,24.62,94.48,65.12
2019-03-08,17.43,15.77,122.84,24.9,93.84,63.9
2019-03-11,17.4,15.79,122.24,24.78,94.88,64.9
2019-03-12,17.52,15.89,122.98,24.94,95.12,65.32
2019-03-13,17.7,15.99,123.84,25.12,97.52,65.98
2019-03-14,17.58,15.92,122.41,24.82,97.76,66.05
2019-03-15,17.67,15.92,122.97,24.92,97.6,65.51
2019-03-18,17.73,16.0,123.04,24.96,98.48,66.42
2019-03-19,17.76,16.04,123.38,25.02,98.24,66.24
2019-03-20,17.88,16.16,124.18,25.18,100.0,66.82
2019-03-21,17.85,16.08,123.68,25.08,99.52,67.29
2019-03-22,17.73,15.94,123.97,25.14,97.84,65.47
2019-03-25,17.79,16.0,124.92,25.34,98.0,65.5
2019-03-26,17.79,16.03,124.3,25.22,99.76,66.44
2019-03-27,17.67,15.94,123.65,25.08,98.72,65.97
2019-03-28,17.58,15.89,121.9,24.72,98.8,66.22
2019-03-29,17.61,15.9,122.01,24.76,100.0,66.12
2019-04-01,17.73,16.05,121.53,24.64,102.56,66.99
2019-04-02,17.79,16.09,121.98,24.74,104.08,66.53
2019-04-03,17.85,16.11,121.8,24.7,103.92,65.89
2019-04-04,17.85,16.12,122.11,24.76,103.36,66.44
2019-04-05,17.88,16.17,121.98,24.74,105.2,67.61
2019-04-08,18.0,16.23,122.51,24.86,107.2,67.91
2019-04-09,17.97,16.2,123.15,24.96,106.64,67.08
2019-04-10,18.12,16.34,123.53,25.04,107.28,67.33
2019-04-11,17.94,16.26,121.95,24.74,106.16,67.38
2019-04-12,18.0,16.31,121.83,24.7,106.4,67.56
2019-04-15,17.94,16.28,121.6,24.66,105.92,67.16
2019-04-16,17.88,16.22,120.51,24.46,106.96,67.6
2019-04-17,17.82,16.16,120.28,24.42,106.24,67.51
2019-04-18,17.82,16.21,120.37,24.44,106.56,67.19
2019-04-22,17.94,16.29,120.37,24.42,109.36,68.61
2019-04-23,17.88,16.31,120.12,24.36,110.32,68.5
2019-04-24,17.85,16.25,120.47,24.44,109.44,67.3
2019-04-25,17.82,16.22,120.57,24.46,108.24,67.09
2019-04-26,17.7,16.03,121.37,24.6,104.72,66.22
2019-04-29,17.64,16.04,120.83,24.5,105.84,66.16
2019-04-30,17.67,16.09,121.2,24.58,106.32,66.11
2019-05-01,17.61,16.04,120.4,24.42,105.76,64.79
2019-05-02,17.37,15.86,119.94,24.34,102.56,63.66
2019-05-03,17.43,15.87,120.65,24.46,102.96,64.25
2019-05-06,17.37,15.92,120.81,24.5,104.56,64.31
2019-05-07,17.25,15.72,121.21,24.58,101.84,63.75
2019-05-08,17.25,15.74,120.91,24.52,103.12,63.75
2019-05-09,17.16,15.66,121.2,24.6,102.48,63.75
2019-05-10,17.19,15.69,121.43,24.64,102.72,64.05
2019-05-13,17.16,15.61,122.67,24.88,101.44,62.95
2019-05-14,17.37,15.82,122.46,24.84,102.96,63.72
2019-05-15,17.49,15.96,122.39,24.8,103.76,64.05
2019-05-16,17.61,16.05,121.51,24.64,105.12,64.4
2019-05-17,17.46,15.9,120.65,24.44,104.64,63.75
2019-05-20,17.49,15.97,120.64,24.44,105.2,63.78
2019-05-21,17.46,15.98,120.36,24.38,105.04,64.52
2019-05-22,17.25,15.75,120.24,24.38,101.92,63.52
2019-05-23,16.98,15.42,121.17,24.56,96.72,61.39
2019-05-24,17.16,15.63,121.3,24.58,97.84,61.62
2019-05-28,17.34,15.76,120.83,24.48,97.84,60.98
2019-05-29,17.31,15.7,120.87,24.5,97.92,60.59
2019-05-30,17.25,15.54,121.69,24.66,94.08,59.82
2019-05-31,16.95,15.13,123.33,25.02,88.8,58.77
2019-06-03,16.92,15.08,125.11,25.36,87.92,59.52
2019-06-04,16.98,15.17,125.15,25.4,89.28,60.55
2019-06-05,16.71,14.86,125.47,25.46,86.16,59.88
2019-06-06,16.83,15.12,125.88,25.52,88.48,60.99
2019-06-07,16.89,15.17,126.59,25.66,89.84,61.27
2019-06-10,16.83,15.13,125.33,25.44,88.88,61.45
2019-06-11,16.92,15.23,125.18,25.38,88.88,61.57
2019-06-12,16.8,15.02,125.83,25.52,85.12,60.7
2019-06-13,16.68,15.21,126.6,25.66,87.04,61.41
2019-06-14,16.71,15.27,126.56,25.66,87.52,61.01
2019-06-17,16.68,15.2,126.48,25.64,86.48,61.52
2019-06-18,16.8,15.38,127.12,25.76,90.0,62.37
2019-06-19,16.77,15.35,127.89,25.94,90.64,62.3
2019-06-20,17.16,15.66,131.11,26.58,94.8,63.68
2019-06-21,17.07,15.7,131.98,26.78,95.76,63.56
2019-06-24,17.19,15.77,133.94,27.18,96.08,62.99
2019-06-25,17.25,15.82,134.2,27.24,96.0,62.49
2019-06-26,17.37,15.9,132.97,26.96,98.32,63.45
2019-06-27,17.37,15.9,132.84,26.96,98.32,62.98
2019-06-28,17.28,15.73,133.2,27.0,96.32,63.71
2019-07-01,17.16,15.72,130.62,26.5,98.24,63.77
2019-07-02,16.89,15.46,133.41,27.06,93.6,62.75
2019-07-03,17.13,15.61,133.63,27.12,94.16,63.0
2019-07-05,17.1,15.64,132.14,26.8,95.6,63.09
2019-07-08,17.07,15.62,131.29,26.64,95.44,63.18
2019-07-09,17.1,15.67,131.75,26.72,96.32,63.23
2019-07-10,17.49,16.01,133.83,27.14,100.24,64.04
2019-07-11,17.49,16.02,132.7,26.92,100.4,64.17
2019-07-12,17.58,16.06,133.53,27.08,100.16,64.44
2019-07-15,17.49,15.89,133.53,27.08,98.4,63.86
2019-07-16,17.25,15.72,132.4,26.86,96.56,63.18
2019-07-17,17.25,15.58,134.58,27.28,94.0,62.46
2019-07-18,17.13,15.47,136.48,27.66,92.48,62.47
2019-07-19,17.19,15.56,134.47,27.3,93.36,62.76
2019-07-22,17.19,15.51,134.45,27.26,93.44,63.05
2019-07-23,17.22,15.61,133.69,27.12,94.48,63.22
2019-07-24,17.22,15.54,134.37,27.24,92.72,63.49
2019-07-25,17.13,15.48,133.42,27.06,92.8,62.77
2019-07-26,17.07,15.5,133.64,27.1,93.2,62.45
2019-07-29,17.13,15.56,134.53,27.28,94.56,62.2
2019-07-30,17.16,15.65,134.98,27.38,96.64,62.9
2019-07-31,17.13,15.55,133.21,27.04,96.32,62.7
2019-08-01,16.68,15.12,136.41,27.66,90.48,61.28
2019-08-02,16.74,15.14,135.89,27.58,91.84,60.4
2019-08-05,16.62,15.01,137.79,27.96,90.96,58.6
2019-08-06,16.56,14.93,138.91,28.2,89.12,58.53
2019-08-07,16.41,14.74,141.02,28.6,86.72,58.09
2019-08-08,16.65,14.82,141.73,28.78,87.68,59.76
2019-08-09,16.74,14.95,141.26,28.66,90.24,59.1
2019-08-12,16.62,14.84,142.63,28.92,90.88,58.35
2019-08-13,16.8,15.19,141.78,28.76,94.96,58.94
2019-08-14,16.59,14.96,142.75,28.96,91.52,56.63
2019-08-15,16.56,14.84,143.7,29.16,90.8,56.28
2019-08-16,16.59,14.83,142.78,28.98,91.2,57.02
2019-08-19,16.56,14.9,141.11,28.64,93.28,58.28
2019-08-20,16.59,14.94,142.21,28.84,93.04,57.79
2019-08-21,16.59,14.99,141.76,28.72,92.88,58.16
2019-08-22,16.5,14.92,141.4,28.68,92.24,57.9
2019-08-23,16.47,14.81,144.17,29.24,89.52,55.96
2019-08-26,16.5,14.8,144.19,29.26,89.44,56.2
2019-08-27,16.56,14.9,145.57,29.52,91.36,55.85
2019-08-28,16.71,15.03,145.16,29.46,93.12,56.65
2019-08-29,16.77,15.07,144.12,29.24,94.24,57.48
2019-08-30,16.65,14.83,143.75,29.12,91.68,57.48
2019-09-03,16.62,14.75,145.75,29.58,89.76,57.2
2019-09-04,16.98,15.1,146.66,29.76,93.68,58.0
2019-09-05,16.89,15.08,143.14,29.06,93.6,58.72
2019-09-06,16.86,15.12,141.92,28.82,94.16,59.03
2019-09-09,16.98,15.26,141.39,28.68,96.64,60.21
2019-09-10,17.01,15.28,140.18,28.44,95.84,60.92
2019-09-11,16.86,15.17,141.03,28.62,93.44,60.98
2019-09-12,16.68,15.11,141.32,28.66,91.76,60.6
2019-09-13,16.68,15.11,140.15,28.44,91.52,61.08
2019-09-16,17.34,15.78,141.32,28.68,102.64,63.13
2019-09-17,17.01,15.48,141.6,28.72,98.32,62.25
2019-09-18,16.86,15.38,140.71,28.54,96.8,61.95
2019-09-19,16.86,15.46,141.28,28.68,97.52,61.79
2019-09-20,16.86,15.48,142.95,29.02,97.6,61.28
2019-09-23,17.01,15.52,143.75,29.18,97.68,61.3
2019-09-24,16.89,15.34,144.51,29.32,95.2,60.33
2019-09-25,16.77,15.25,141.83,28.78,94.4,60.43
2019-09-26,16.71,15.25,141.79,28.78,94.4,59.64
2019-09-27,16.65,15.19,141.06,28.64,93.28,59.63
2019-09-30,16.5,15.04,138.87,28.2,90.72,59.2
2019-10-01,16.56,15.03,139.63,28.34,89.52,57.83
2019-10-02,16.5,14.9,141.26,28.68,87.84,56.41
2019-10-03,16.56,14.88,141.9,28.82,87.44,57.02
2019-10-04,16.62,15.0,141.9,28.82,88.32,57.38
2019-10-07,16.56,14.98,140.69,28.56,88.32,56.87
2019-10-08,16.59,14.97,141.92,28.82,87.12,55.9
2019-10-09,16.59,15.01,142.05,28.84,87.92,56.41
2019-10-10,16.59,15.11,140.81,28.58,89.52,57.12
2019-10-11,16.8,15.29,140.03,28.42,91.36,57.89
2019-10-14,16.74,15.22,140.59,28.52,89.44,57.86
2019-10-15,16.65,15.18,139.61,28.36,88.48,58.1
2019-10-16,16.68,15.2,140.41,28.5,89.12,57.29
2019-10-17,16.74,15.26,140.61,28.54,90.24,57.33
2019-10-18,16.77,15.25,140.46,28.5,89.76,57.03
2019-10-21,16.68,15.23,139.79,28.36,89.68,58.05
2019-10-22,16.74,15.25,140.2,28.46,90.72,58.8
2019-10-23,16.89,15.44,140.53,28.54,93.2,59.29
2019-10-24,16.98,15.52,141.53,28.74,93.84,59.04
2019-10-25,17.01,15.61,141.86,28.8,94.64,59.52
2019-10-28,16.98,15.55,140.64,28.54,93.2,59.18
2019-10-29,16.98,15.52,140.25,28.44,92.64,59.42
2019-10-30,16.98,15.42,141.02,28.64,91.76,58.21
2019-10-31,16.89,15.33,142.43,28.92,90.4,57.96
2019-11-01,17.16,15.61,142.56,28.92,93.52,59.28
2019-11-04,17.25,15.71,142.15,28.86,94.48,61.21
2019-11-05,17.25,15.75,139.85,28.38,95.44,61.29
2019-11-06,17.13,15.58,140.45,28.52,94.48,60.04
2019-11-07,17.1,15.57,138.27,28.06,95.04,60.94
2019-11-08,17.07,15.61,137.39,27.9,95.92,60.69
2019-11-11,16.89,15.51,137.06,27.8,95.12,60.35
2019-11-12,16.89,15.52,137.43,27.9,94.96,60.04
2019-11-13,16.89,15.55,137.98,28.0,95.68,59.78
2019-11-14,16.89,15.5,138.56,28.12,95.28,59.62
2019-11-15,16.92,15.58,138.21,28.06,96.64,60.08
2019-11-18,16.77,15.42,138.62,28.16,95.2,59.35
2019-11-19,16.68,15.28,138.69,28.16,92.56,58.47
2019-11-20,16.77,15.48,138.76,28.16,95.2,59.06
2019-11-21,16.86,15.62,138.0,28.0,97.6,60.03
2019-11-22,16.86,15.61,137.74,27.96,96.88,59.83
2019-11-25,16.86,15.61,137.08,27.82,96.88,59.89
2019-11-26,16.89,15.7,137.74,27.96,97.52,59.34
2019-11-27,16.8,15.62,137.01,27.82,97.12,59.49
2019-11-29,16.5,15.31,137.86,27.96,92.96,58.89
2019-12-02,16.5,15.29,137.79,27.96,93.36,58.89
2019-12-03,16.59,15.3,139.11,28.24,94.08,58.01
2019-12-04,16.71,15.54,138.92,28.18,97.52,58.88
2019-12-05,16.77,15.57,139.0,28.22,97.52,58.6
2019-12-06,16.83,15.67,137.62,27.92,98.56,59.72
2019-12-09,16.83,15.65,137.58,27.94,98.64,59.65
2019-12-10,16.89,15.72,137.97,28.0,99.12,59.77
2019-12-11,16.86,15.65,138.92,28.22,98.4,59.67
2019-12-12,17.01,15.79,138.43,28.1,98.96,60.77
2019-12-13,17.13,15.87,139.05,28.24,99.92,60.31
2019-12-16,17.31,15.98,139.04,28.24,100.72,61.12
2019-12-17,17.34,16.05,139.01,28.2,101.76,61.16
2019-12-18,17.31,16.06,139.02,28.2,101.92,61.39
2019-12-19,17.37,16.13,139.38,28.26,102.24,61.37
2019-12-20,17.37,16.11,139.52,28.24,101.04,61.36
2019-12-23,17.34,15.86,139.95,28.4,101.6,61.99
2019-12-24,17.46,15.93,141.27,28.66,102.16,61.96
2019-12-26,17.49,16.05,142.38,28.9,103.12,61.94
2019-12-27,17.52,16.08,142.33,28.88,103.28,61.68
2019-12-30,17.52,16.05,142.63,28.98,103.12,59.7
2019-12-31,17.43,15.95,142.9,29.0,102.48,60.04
2020-01-02,17.49,15.97,143.95,29.22,102.48,60.58
2020-01-03,17.58,16.16,145.86,29.62,105.44,60.4
2020-01-06,17.64,16.19,147.39,29.92,105.28,60.87
2020-01-07,17.61,16.18,147.97,30.04,105.04,60.71
2020-01-08,17.34,15.94,146.86,29.82,101.28,59.71
2020-01-09,17.31,15.87,146.03,29.64,99.92,60.15
2020-01-10,17.37,15.87,146.91,29.84,99.28,59.81
2020-01-13,17.28,15.75,145.82,29.6,97.6,59.83
2020-01-14,17.31,15.82,145.69,29.56,98.24,59.84
2020-01-15,17.25,15.74,146.54,29.76,97.44,59.4
2020-01-16,17.16,15.72,146.31,29.7,98.32,59.5
2020-01-17,17.22,15.77,146.58,29.78,98.64,59.12
2020-01-21,17.1,15.68,146.74,29.8,97.92,58.06
2020-01-22,16.95,15.47,146.79,29.8,95.2,57.5
2020-01-23,16.83,15.34,147.12,29.88,93.28,57.28
2020-01-24,16.62,15.11,147.98,30.04,91.44,56.62
2020-01-27,16.35,14.83,148.99,30.26,88.8,55.05
2020-01-28,16.38,14.9,147.66,29.98,90.0,55.3
2020-01-29,16.32,14.83,148.46,30.12,89.28,54.72
2020-01-30,16.14,14.7,148.47,30.14,88.64,55.16
2020-01-31,16.11,14.58,149.33,30.34,86.72,53.44
2020-02-03,15.9,14.31,148.36,30.12,83.92,52.74
2020-02-04,15.9,14.33,146.43,29.72,83.52,52.93
2020-02-05,16.05,14.55,146.61,29.76,85.6,54.92
2020-02-06,16.11,14.61,147.4,29.94,85.92,54.36
2020-02-07,16.08,14.53,147.79,30.0,84.64,53.98
2020-02-10,15.96,14.4,148.17,30.06,83.36,53.71
2020-02-11,16.02,14.45,147.66,29.96,84.0,54.31
2020-02-12,16.2,14.65,147.54,29.94,86.48,55.04
2020-02-13,16.23,14.66,148.38,30.14,86.72,54.87
2020-02-14,16.26,14.65,149.0,30.26,87.6,54.58
2020-02-18,16.41,14.76,150.91,30.64,87.6,54.13
2020-02-19,16.53,14.9,151.79,30.82,89.44,54.85
2020-02-20,16.47,14.84,152.41,30.96,90.24,54.79
2020-02-21,16.47,14.78,154.7,31.42,89.28,54.14
2020-02-24,16.2,14.5,156.09,31.7,85.92,51.64
2020-02-25,15.99,14.23,153.3,31.12,83.2,49.36
2020-02-26,15.84,14.09,153.97,31.26,81.52,47.87
2020-02-27,15.63,13.85,154.0,31.24,78.24,45.31
2020-02-28,15.27,13.61,148.38,30.14,75.6,45.27
2020-03-02,15.63,13.92,149.2,30.3,79.36,47.1
2020-03-03,15.84,13.95,153.89,31.24,79.12,45.66
2020-03-04,15.87,13.96,154.16,31.32,78.88,46.74
2020-03-05,15.75,13.81,157.49,31.98,76.88,45.03
2020-03-06,15.27,13.36,157.55,32.0,69.84,42.5
2020-03-09,14.34,12.32,157.81,32.08,52.16,33.94
2020-03-10,14.49,12.71,154.48,31.36,57.92,35.55
2020-03-11,14.13,12.48,153.93,31.24,55.52,33.67
2020-03-12,13.53,11.98,147.79,29.98,52.32,29.47
2020-03-13,13.2,12.11,143.28,29.1,55.68,32.19
2020-03-16,12.45,11.38,141.64,28.8,48.4,27.81
2020-03-17,12.12,11.2,143.56,29.2,45.68,28.0
2020-03-18,11.46,10.83,140.7,28.52,37.68,23.98
2020-03-19,11.82,11.06,138.04,28.06,42.96,25.61
2020-03-20,11.85,10.94,140.11,28.46,39.52,25.86
2020-03-23,12.12,11.07,146.3,29.7,39.04,23.57
2020-03-24,12.6,11.31,153.4,31.04,39.84,27.35
2020-03-25,12.75,11.5,151.3,30.7,40.64,28.64
2020-03-26,12.66,11.46,153.24,31.14,38.64,30.39
2020-03-27,12.6,11.42,152.25,30.9,35.76,28.33
2020-03-30,12.45,11.39,152.92,30.98,33.84,28.62
2020-03-31,12.45,11.25,148.05,30.14,33.68,29.06
2020-04-01,12.15,10.93,149.45,30.34,35.04,27.62
2020-04-02,12.57,11.14,151.9,30.84,40.88,30.15
2020-04-03,12.75,11.42,152.65,31.06,47.2,29.83
2020-04-06,12.9,11.48,156.88,31.88,43.84,31.41
2020-04-07,12.96,11.56,156.04,31.76,40.72,32.08
2020-04-08,13.02,11.53,154.65,31.38,42.96,34.22
2020-04-09,13.11,11.56,158.69,32.18,39.84,33.91
2020-04-13,13.14,11.76,161.41,32.76,39.44,33.8
2020-04-14,13.11,11.66,162.68,33.08,37.28,33.64
2020-04-15,12.9,11.42,161.85,32.98,35.44,32.06
2020-04-16,12.84,11.39,161.71,32.82,34.88,30.69
2020-04-17,12.84,11.44,158.57,32.16,33.68,33.95
2020-04-20,12.75,11.25,159.7,32.46,30.0,32.89
2020-04-21,12.18,10.72,158.61,32.22,22.48,32.31
2020-04-22,12.48,10.87,161.73,32.8,20.08,33.46
2020-04-23,12.51,10.84,163.34,33.14,21.12,34.54
2020-04-24,12.42,10.7,162.64,33.0,20.56,34.62
2020-04-27,12.3,10.5,161.56,32.86,17.52,35.37
2020-04-28,12.33,10.51,160.84,32.68,17.04,36.18
2020-04-29,12.42,10.7,161.73,32.86,18.0,38.86
2020-04-30,12.6,10.9,158.8,32.22,19.12,38.0
2020-05-01,12.54,10.76,159.78,32.44,18.86,35.85
2020-05-04,12.63,10.89,160.34,32.54,19.67,37.09
2020-05-05,12.93,11.17,161.02,32.62,21.51,37.12
2020-05-06,12.75,10.95,158.95,32.28,20.85,36.15
2020-05-07,12.9,11.02,161.39,32.84,20.47,37.09
2020-05-08,12.99,11.25,160.42,32.62,21.47,38.78
2020-05-11,12.87,11.1,159.42,32.42,21.17,38.1
2020-05-12,12.84,11.01,160.04,32.56,20.97,37.43
2020-05-13,12.63,10.9,161.58,32.8,20.6,35.73
2020-05-14,12.81,11.09,163.01,33.14,21.45,36.13
2020-05-15,12.9,11.2,163.93,33.34,22.39,35.99
2020-05-18,13.23,11.52,162.69,33.1,24.31,38.93
2020-05-19,13.29,11.49,164.26,33.36,24.44,37.84
2020-05-20,13.38,11.69,164.65,33.46,25.34,39.35
2020-05-21,13.26,11.64,162.25,32.96,26.6,38.72
2020-05-22,13.2,11.55,163.21,33.16,25.57,38.48
2020-05-26,13.35,11.67,160.89,32.72,25.66,39.55
2020-05-27,13.2,11.52,161.18,32.76,25.0,40.06
2020-05-28,13.26,11.58,161.72,32.84,25.03,38.94
2020-05-29,13.41,11.78,162.91,33.06,25.88,38.76
2020-06-01,13.44,11.85,163.66,33.28,26.22,39.44
2020-06-02,13.47,11.98,162.6,33.04,27.07,40.54
2020-06-03,13.5,11.98,159.6,32.44,27.12,41.73
2020-06-04,13.59,12.08,161.28,32.78,27.5,41.74
2020-06-05,13.71,12.32,158.01,32.12,28.87,44.84
2020-06-08,13.74,12.24,159.72,32.44,28.37,46.86
2020-06-09,13.77,12.28,161.26,32.76,28.42,45.1
2020-06-10,13.89,12.36,163.57,33.22,28.43,42.88
2020-06-11,13.56,11.96,162.39,32.98,26.36,38.84
2020-06-12,13.47,12.01,162.62,33.06,26.43,39.82
2020-06-15,13.47,12.12,162.33,32.96,26.98,39.94
2020-06-16,13.56,12.22,162.25,33.0,27.64,41.09
2020-06-17,13.59,12.16,162.56,33.04,27.28,39.69
2020-06-18,13.62,12.23,162.24,32.94,27.89,40.18
2020-06-19,13.71,12.33,164.03,33.32,28.23,39.57
2020-06-22,13.8,12.46,165.09,33.56,28.98,39.25
2020-06-23,13.77,12.4,166.48,33.82,28.72,39.29
2020-06-24,13.53,12.09,165.9,33.74,27.25,37.11
2020-06-25,13.5,12.2,165.8,33.7,27.94,37.82
2020-06-26,13.44,12.05,166.54,33.86,27.36,36.51
2020-06-29,13.68,12.25,166.63,33.86,28.27,37.0
2020-06-30,13.83,12.31,167.37,33.98,28.06,37.85
2020-07-01,13.86,12.41,166.62,33.84,28.35,36.93
2020-07-02,13.98,12.46,166.98,33.92,28.75,37.34
2020-07-06,14.13,12.56,167.98,34.12,28.96,37.45
2020-07-07,14.22,12.57,169.04,34.34,28.79,36.26
2020-07-08,14.25,12.73,170.09,34.54,29.18,36.23
2020-07-09,14.16,12.58,169.63,34.48,28.41,34.44
2020-07-10,14.22,12.66,169.19,34.36,29.03,35.54
2020-07-13,14.22,12.53,169.4,34.42,28.5,35.35
2020-07-14,14.13,12.59,170.19,34.58,28.88,36.59
2020-07-15,14.25,12.74,170.34,34.66,29.29,37.38
2020-07-16,14.22,12.64,168.73,34.3,29.16,37.21
2020-07-17,14.25,12.66,170.12,34.58,29.1,36.69
2020-07-20,14.22,12.65,170.94,34.74,29.12,36.08
2020-07-21,14.43,12.83,173.0,35.18,29.72,38.26
2020-07-22,14.55,12.91,175.63,35.7,29.75,37.79
2020-07-23,14.61,12.88,177.18,36.04,29.41,37.72
2020-07-24,14.61,12.9,178.7,36.32,29.44,37.51
2020-07-27,14.7,13.02,182.23,37.02,29.72,37.55
2020-07-28,14.73,12.95,183.75,37.36,29.35,36.91
2020-07-29,14.85,13.02,185.13,37.62,29.57,37.68
2020-07-30,14.67,12.87,183.76,37.32,28.93,36.2
2020-07-31,14.79,12.94,185.43,37.72,29.07,36.03
2020-08-03,15.09,13.07,185.64,37.7,29.34,36.16
2020-08-04,15.21,13.14,189.59,38.54,29.78,37.04
2020-08-05,15.39,13.25,191.35,38.9,30.23,37.43
2020-08-06,15.42,13.35,193.89,39.42,30.18,37.13
2020-08-07,15.24,13.17,190.81,38.74,29.85,37.18
2020-08-10,15.33,13.24,190.15,38.62,30.16,38.33
2020-08-11,15.12,13.03,179.94,36.56,29.82,38.2
2020-08-12,15.24,13.17,179.1,36.4,30.56,38.58
2020-08-13,15.33,13.24,183.33,37.24,30.4,37.83
2020-08-14,15.36,13.24,182.54,37.1,30.33,38.19
2020-08-17,15.63,13.46,186.5,37.86,30.77,37.97
2020-08-18,15.75,13.49,188.18,38.24,30.6,37.49
2020-08-19,15.72,13.45,182.24,37.06,30.66,37.06
2020-08-20,15.57,13.43,183.5,37.28,30.52,36.26
2020-08-21,15.51,13.3,182.03,36.96,30.18,36.03
2020-08-24,15.57,13.37,181.0,36.8,30.35,37.02
2020-08-25,15.66,13.48,181.22,36.84,30.92,36.5
2020-08-26,15.72,13.51,183.36,37.26,30.93,35.73
2020-08-27,15.78,13.46,181.24,36.8,30.67,35.8
2020-08-28,15.93,13.55,184.39,37.46,30.72,36.44
2020-08-31,15.99,13.54,184.83,37.54,30.58,35.65
2020-09-01,16.05,13.56,185.05,37.6,30.61,35.41
2020-09-02,15.87,13.38,182.62,37.14,29.86,35.24
2020-09-03,15.69,13.26,181.14,36.8,29.64,34.98
2020-09-04,15.72,13.14,181.64,36.92,28.51,34.87
2020-09-08,15.51,12.82,181.29,36.82,26.75,33.6
2020-09-09,15.57,12.94,183.05,37.2,27.41,33.83
2020-09-10,15.48,12.81,182.46,37.06,26.79,32.59
2020-09-11,15.48,12.9,182.45,37.1,27.04,32.62
2020-09-14,15.51,12.91,183.89,37.38,26.94,32.87
2020-09-15,15.57,12.98,183.45,37.3,27.52,32.63
2020-09-16,15.69,13.22,183.97,37.4,28.7,33.94
2020-09-17,15.69,13.37,182.96,37.18,29.23,33.99
2020-09-18,15.84,13.43,183.2,37.24,29.06,33.61
2020-09-21,15.39,13.1,179.52,36.44,28.29,31.97
2020-09-22,15.36,13.04,178.65,36.3,28.17,31.64
2020-09-23,15.3,12.89,174.79,35.5,28.03,30.21
2020-09-24,15.3,12.95,175.44,35.64,28.5,30.2
2020-09-25,15.27,12.95,174.94,35.54,28.35,30.18
2020-09-28,15.36,13.06,176.7,35.88,28.69,30.89
2020-09-29,15.24,12.91,178.19,36.22,27.7,30.04
2020-09-30,15.36,13.06,177.12,35.98,28.29,29.95
2020-10-01,15.24,12.9,178.7,36.28,27.51,29.03
2020-10-02,15.12,12.74,178.54,36.26,26.35,29.31
2020-10-05,15.39,13.07,179.41,36.48,27.93,30.19
2020-10-06,15.48,13.12,177.3,36.0,28.39,29.74
2020-10-07,15.57,13.17,177.22,35.98,28.39,30.16
2020-10-08,15.66,13.3,177.85,36.16,29.14,31.29
2020-10-09,15.9,13.34,181.08,36.82,28.69,30.79
2020-10-12,15.81,13.2,180.56,36.72,28.07,30.87
2020-10-13,15.75,13.23,177.72,36.1,28.46,30.39
2020-10-14,15.81,13.32,178.27,36.22,28.98,30.52
2020-10-15,15.9,13.36,178.92,36.36,28.94,30.89
2020-10-16,15.9,13.27,178.3,36.22,28.72,30.19
2020-10-19,15.93,13.28,178.39,36.26,28.59,29.55
2020-10-20,16.02,13.43,179.25,36.44,29.05,29.9
2020-10-21,16.05,13.32,180.6,36.74,28.1,29.33
2020-10-22,16.02,13.36,178.83,36.34,28.51,30.54
2020-10-23,15.96,13.26,178.64,36.32,27.88,30.39
2020-10-26,15.87,13.07,178.55,36.3,27.11,29.3
2020-10-27,15.96,13.16,179.02,36.4,27.69,28.92
2020-10-28,15.63,12.81,176.13,35.78,26.31,27.71
2020-10-29,15.48,12.65,175.4,35.64,25.6,28.56
2020-10-30,15.51,12.65,176.2,35.78,25.25,28.72
2020-11-02,15.57,12.88,177.91,36.14,26.26,29.7
2020-11-03,15.63,12.96,178.92,36.34,26.72,29.53
2020-11-04,15.72,13.1,178.82,36.36,27.44,29.57
2020-11-05,15.84,13.16,182.93,37.16,27.16,29.57
2020-11-06,15.75,13.11,183.19,37.22,26.47,28.93
2020-11-09,15.78,13.27,175.08,35.6,28.07,33.06
2020-11-10,16.05,13.53,175.66,35.7,28.91,34.13
2020-11-11,16.08,13.52,174.9,35.54,29.04,33.78
2020-11-12,16.02,13.41,175.96,35.78,28.66,32.69
2020-11-13,16.02,13.35,177.16,36.0,28.13,33.88
2020-11-16,16.05,13.47,177.15,36.0,28.81,36.11
2020-11-17,16.08,13.51,176.5,35.88,28.87,36.48
2020-11-18,16.14,13.53,175.49,35.68,29.0,35.42
2020-11-19,15.99,13.53,175.16,35.62,29.09,36.0
2020-11-20,16.14,13.6,175.69,35.74,29.27,35.81
2020-11-23,16.14,13.64,172.23,35.0,29.52,38.34
2020-11-24,16.29,13.93,169.59,34.48,30.8,40.31
2020-11-25,16.29,14.05,169.51,34.46,31.37,39.37
2020-11-27,16.32,14.02,167.79,34.08,31.22,38.91
2020-11-30,16.23,13.94,166.67,33.9,30.97,36.76
2020-12-01,16.29,13.9,170.18,34.58,30.62,36.93
2020-12-02,16.29,13.96,171.46,34.84,30.97,38.13
2020-12-03,16.23,13.98,172.81,35.12,31.25,38.53
2020-12-04,16.29,14.04,172.32,35.04,31.56,40.63
2020-12-07,16.26,14.04,174.89,35.54,31.4,39.68
2020-12-08,16.2,14.06,175.5,35.66,31.41,40.27
2020-12-09,16.26,14.07,172.5,35.1,31.34,40.36
2020-12-10,16.44,14.28,172.17,35.0,32.11,41.6
2020-12-11,16.44,14.24,172.49,35.08,31.94,41.12
2020-12-14,16.53,14.28,171.54,34.88,32.17,39.68
2020-12-15,16.65,14.39,173.94,35.38,32.54,40.46
2020-12-16,16.74,14.47,174.9,35.56,32.74,40.26
2020-12-17,16.95,14.64,176.74,35.94,33.16,40.07
2020-12-18,17.07,14.69,176.44,35.86,33.48,39.4
2020-12-21,16.98,14.54,175.88,35.78,32.64,38.13
2020-12-22,16.89,14.38,174.49,35.52,32.09,37.49
2020-12-23,17.04,14.56,175.65,35.72,32.75,38.32
2020-12-24,17.04,14.6,176.35,35.84,32.92,38.12
2020-12-28,16.89,14.51,175.71,35.74,32.59,37.88
2020-12-29,17.04,14.55,176.35,35.82,32.78,37.63
2020-12-30,17.13,14.64,177.7,36.1,32.91,38.22
2020-12-31,17.25,14.7,178.36,36.26,33.01,37.9
2021-01-04,17.4,14.62,182.33,37.1,32.38,37.96
2021-01-05,17.79,15.03,182.87,37.18,33.94,39.66
2021-01-06,17.79,15.05,179.9,36.6,34.11,40.87
2021-01-07,17.82,15.12,179.48,36.48,34.53,41.47
2021-01-08,17.64,15.24,173.34,35.26,35.43,41.42
2021-01-11,17.61,15.13,173.0,35.16,35.26,42.07
2021-01-12,17.88,15.42,174.12,35.36,35.9,43.54
2021-01-13,17.88,15.38,173.37,35.24,35.8,43.2
2021-01-14,18.03,15.52,173.28,35.22,36.24,44.48
2021-01-15,17.85,15.3,171.13,34.8,35.34,42.75
2021-01-19,17.79,15.35,172.58,35.1,35.75,43.61
2021-01-20,17.88,15.36,175.39,35.66,35.79,43.77
2021-01-21,17.91,15.35,175.28,35.64,35.76,42.29
2021-01-22,17.64,15.09,173.9,35.38,35.23,42.07
2021-01-25,17.82,15.25,174.05,35.38,35.59,41.64
2021-01-26,17.91,15.28,173.62,35.3,35.45,40.75
2021-01-27,17.91,15.24,172.52,35.1,35.5,40.2
2021-01-28,17.82,15.17,172.68,35.1,35.25,40.67
2021-01-29,17.85,15.19,172.61,35.1,35.18,39.32
2021-02-01,18.18,15.48,174.23,35.42,36.12,39.6
2021-02-02,18.09,15.6,172.11,34.98,36.82,40.03
2021-02-03,18.24,15.71,171.85,34.92,37.44,41.74
2021-02-04,18.27,15.79,168.15,34.18,37.81,42.2
2021-02-05,18.42,15.87,169.81,34.54,38.19,42.56
2021-02-08,18.66,16.12,171.52,34.9,38.94,44.34
2021-02-09,18.72,16.18,172.08,34.98,39.17,43.87
2021-02-10,18.69,16.15,172.71,35.14,39.28,44.71
2021-02-11,18.69,16.12,171.21,34.82,38.97,44.02
2021-02-12,18.81,16.32,170.69,34.72,39.94,44.67
2021-02-16,19.02,16.54,168.24,34.2,40.45,45.79
2021-02-17,19.05,16.59,166.33,33.84,40.89,46.47
2021-02-18,19.05,16.53,166.32,33.82,40.27,45.42
2021-02-19,19.05,16.52,167.01,33.96,39.68,46.18
2021-02-22,19.38,16.89,169.51,34.46,41.28,47.78
2021-02-23,19.38,16.97,169.12,34.4,41.62,48.57
2021-02-24,19.62,17.23,169.0,34.36,42.5,50.29
2021-02-25,19.38,17.09,165.82,33.72,42.46,49.32
2021-02-26,19.02,16.73,161.81,32.88,41.31,48.15
2021-03-01,18.93,16.59,161.53,32.84,40.6,49.4
2021-03-02,19.11,16.66,162.41,33.02,40.07,49.13
2021-03-03,19.02,16.76,160.62,32.68,41.14,49.85
2021-03-04,18.96,17.02,159.04,32.34,43.07,51.04
2021-03-05,19.2,17.37,159.14,32.36,44.44,52.95
2021-03-08,19.05,17.13,157.49,32.04,43.5,53.05
2021-03-09,19.08,17.13,160.84,32.72,43.11,52.12
2021-03-10,19.08,17.24,161.66,32.86,43.74,53.44
2021-03-11,19.35,17.5,161.52,32.86,44.6,53.46
2021-03-12,19.26,17.42,161.49,32.88,44.35,53.57
2021-03-15,19.29,17.36,162.2,32.98,44.26,52.96
2021-03-16,19.32,17.29,162.35,33.02,43.83,51.45
2021-03-17,19.26,17.29,163.51,33.24,43.82,51.85
2021-03-18,18.75,16.47,162.56,33.06,40.47,49.52
2021-03-19,18.93,16.83,163.24,33.22,41.77,49.53
2021-03-22,18.96,16.8,163.0,33.14,41.71,48.54
2021-03-23,18.63,16.33,161.81,32.88,39.37,47.83
2021-03-24,18.93,16.76,162.37,33.0,41.45,49.03
2021-03-25,18.63,16.38,161.78,32.88,39.89,49.21
2021-03-26,18.9,16.77,162.24,33.0,41.53,50.43
2021-03-29,18.84,16.79,160.31,32.6,41.92,49.83
2021-03-30,18.54,16.52,157.57,32.04,41.17,49.4
2021-03-31,18.72,16.61,159.96,32.52,40.53,49.06
2021-04-01,18.81,16.89,161.98,32.92,41.84,50.31
2021-04-05,18.6,16.64,161.92,32.9,40.28,49.11
2021-04-06,18.78,16.7,163.22,33.22,40.7,48.98
2021-04-07,18.81,16.75,162.76,33.1,40.86,49.15
2021-04-08,18.96,16.84,164.51,33.46,40.82,48.51
2021-04-09,18.87,16.78,163.27,33.22,40.64,48.19
2021-04-12,18.78,16.79,162.28,33.0,40.9,47.81
2021-04-13,18.96,16.97,163.43,33.22,41.4,47.86
2021-04-14,19.32,17.36,162.72,33.1,43.04,49.19
2021-04-15,19.5,17.47,165.35,33.64,43.27,48.79
2021-04-16,19.5,17.44,166.35,33.82,43.18,48.4
2021-04-19,19.56,17.46,165.89,33.74,43.32,48.35
2021-04-20,19.59,17.43,166.48,33.86,42.74,47.07
2021-04-21,19.65,17.36,168.13,34.2,41.77,47.67
2021-04-22,19.8,17.5,167.04,34.0,42.09,47.11
2021-04-23,19.92,17.64,166.4,33.82,42.46,47.54
2021-04-26,20.16,17.76,166.84,33.94,42.33,47.86
2021-04-27,20.28,17.91,166.42,33.84,43.11,48.44
2021-04-28,20.37,17.94,166.91,33.94,43.53,50.11
2021-04-29,20.37,18.06,166.22,33.8,44.26,50.67
2021-04-30,20.4,17.91,165.66,33.7,43.27,49.39
2021-05-03,20.58,18.11,167.81,34.14,43.98,50.75
2021-05-04,20.76,18.39,166.58,33.88,44.87,50.78
2021-05-05,20.94,18.46,167.27,34.04,44.66,52.42
2021-05-06,21.09,18.55,170.06,34.6,44.41,52.69
2021-05-07,21.33,18.73,171.59,34.9,44.43,53.63
2021-05-10,21.24,18.6,172.11,35.04,44.48,53.65
2021-05-11,21.39,18.8,172.14,35.04,44.87,52.27
2021-05-12,21.39,18.78,170.43,34.68,45.22,52.52
2021-05-13,20.88,18.26,171.13,34.84,43.81,51.88
2021-05-14,20.97,18.41,172.69,35.12,44.71,53.49
2021-05-17,21.27,18.64,174.7,35.56,45.39,54.73
2021-05-18,21.27,18.55,175.04,35.6,44.84,53.46
2021-05-19,20.79,18.17,175.16,35.64,43.43,52.13
2021-05-20,20.64,17.98,175.96,35.8,42.48,52.05
2021-05-21,20.64,18.15,176.04,35.84,43.7,52.16
2021-05-24,20.85,18.4,176.35,35.88,45.02,52.68
2021-05-25,20.82,18.34,177.95,36.2,44.92,51.61
2021-05-26,20.85,18.37,177.64,36.14,45.2,52.07
2021-05-27,21.12,18.66,177.71,36.16,45.55,52.11
2021-05-28,21.15,18.6,178.38,36.26,45.42,52.21
2021-06-01,21.45,18.93,177.9,36.2,46.33,54.22
2021-06-02,21.54,19.03,178.77,36.37,46.9,55.23
2021-06-03,21.21,18.87,175.27,35.64,46.97,55.38
2021-06-04,21.57,19.08,177.16,36.04,47.26,55.75
2021-06-07,17.58,19.11,177.87,36.19,47.27,55.51
2021-06-08,17.67,19.3,177.32,36.07,47.88,55.99
2021-06-09,17.67,19.21,176.98,36.01,47.58,55.64
2021-06-10,17.7,19.28,177.74,36.16,47.83,55.57
2021-06-11,17.67,19.22,175.74,35.76,48.07,55.38
2021-06-14,17.55,19.11,174.71,35.55,48.32,55.14
2021-06-15,17.43,19.03,174.05,35.41,48.98,56.19
2021-06-16,17.31,18.92,171.11,34.82,48.75,55.89
2021-06-17,16.68,18.43,165.85,33.75,48.04,53.99
2021-06-18,16.8,18.62,164.93,33.56,48.36,52.39
2021-06-21,16.92,18.85,166.95,33.97,49.36,54.07
2021-06-22,16.98,18.88,166.25,33.83,49.42,54.43
2021-06-23,17.13,19.0,166.14,33.8,49.72,54.58
2021-06-24,17.13,19.07,166.04,33.77,49.84,55.05
2021-06-25,17.16,18.99,166.59,33.88,50.25,55.34
2021-06-28,17.28,18.98,166.58,33.88,49.54,53.47
2021-06-29,17.31,19.07,164.83,33.53,49.89,53.21
2021-06-30,17.58,19.25,165.63,33.71,49.88,53.87
2021-07-01,17.61,19.32,166.2,33.81,50.62,54.81
2021-07-02,17.7,19.5,167.29,34.04,50.93,54.69
2021-07-06,17.28,18.97,168.12,34.22,49.9,52.91
2021-07-07,17.22,18.74,168.76,34.34,48.66,52.05
2021-07-08,17.25,18.9,168.65,34.33,49.52,51.75
2021-07-09,17.43,19.12,169.21,34.43,50.41,52.85
2021-07-12,17.52,19.15,169.0,34.4,50.31,52.77
2021-07-13,17.64,19.31,169.22,34.45,51.15,52.37
2021-07-14,17.64,19.12,171.04,34.8,49.7,50.81
2021-07-15,17.58,19.02,171.07,34.81,49.04,50.1
2021-07-16,17.64,19.02,169.41,34.48,49.14,48.68
2021-07-19,17.16,18.26,169.61,34.5,45.84,46.96
2021-07-20,17.4,18.53,169.39,34.47,46.51,47.59
2021-07-21,17.67,18.9,168.76,34.34,48.27,49.25
2021-07-22,17.82,19.05,169.09,34.41,49.17,48.7
2021-07-23,17.91,19.15,168.56,34.29,49.47,48.52
2021-07-26,18.12,19.29,168.16,34.23,49.67,49.72
2021-07-27,17.97,19.18,168.44,34.29,49.47,49.26
2021-07-28,18.06,19.27,169.29,34.44,49.72,49.71
2021-07-29,18.3,19.61,171.17,34.83,50.64,50.19
2021-07-30,18.09,19.5,169.82,34.56,50.66,49.39
2021-08-02,17.97,19.29,169.61,34.53,49.18,49.02
2021-08-03,17.88,19.2,169.49,34.49,48.85,49.86
2021-08-04,17.76,18.89,169.53,34.51,47.2,48.51
2021-08-05,17.82,19.17,168.86,34.35,48.1,49.06
2021-08-06,17.7,19.01,164.64,33.52,47.57,49.51
2021-08-09,17.4,18.74,161.72,32.91,46.6,48.81
2021-08-10,17.64,19.08,161.77,32.93,47.68,49.67
2021-08-11,17.79,19.25,164.0,33.38,48.3,50.06
2021-08-12,17.76,19.18,164.04,33.39,48.1,50.01
2021-08-13,17.82,19.07,166.39,33.87,47.43,49.42
2021-08-16,17.79,19.02,167.22,34.03,47.04,48.51
2021-08-17,17.58,18.81,166.97,33.98,46.58,48.01
2021-08-18,17.46,18.59,167.1,34.02,45.4,47.01
2021-08-19,17.16,18.33,166.61,33.91,44.77,45.79
2021-08-20,16.98,17.9,166.7,33.92,43.43,45.89
2021-08-23,17.37,18.55,168.73,34.33,45.85,47.61
2021-08-24,17.64,18.94,168.65,34.32,47.37,48.4
2021-08-25,17.73,19.11,167.48,34.09,47.81,48.77
2021-08-26,17.76,18.96,167.67,34.13,47.48,48.03
2021-08-27,18.09,19.2,170.19,34.62,48.15,49.31
2021-08-30,18.06,19.27,169.35,34.46,48.4,48.73
2021-08-31,18.0,19.18,169.69,34.53,48.04,48.4
2021-09-01,18.03,19.09,169.7,34.55,47.93,47.69
2021-09-02,18.15,19.31,169.25,34.45,48.95,48.9
2021-09-03,18.24,19.33,171.06,34.82,48.66,48.62
2021-09-07,17.97,19.11,167.71,34.13,48.04,48.33
2021-09-08,18.15,19.25,167.29,34.04,48.59,47.71
2021-09-09,17.82,19.11,168.03,34.18,47.75,47.81
2021-09-10,17.94,19.36,167.18,34.04,48.8,47.79
2021-09-13,18.03,19.51,167.74,34.14,49.48,49.16
2021-09-14,18.03,19.5,168.82,34.37,49.31,48.45
2021-09-15,18.33,19.82,167.83,34.16,50.69,50.26
2021-09-16,18.15,19.68,164.03,33.39,50.7,49.69
2021-09-17,17.94,19.52,163.77,33.34,50.32,49.32
2021-09-20,17.64,19.29,164.94,33.58,49.6,47.24
2021-09-21,17.58,19.31,166.04,33.79,49.58,47.35
2021-09-22,17.82,19.53,165.42,33.65,50.48,48.81
2021-09-23,18.0,19.83,163.51,33.27,51.38,50.52
2021-09-24,18.15,19.92,163.3,33.25,51.82,50.9
2021-09-27,18.48,20.19,163.64,33.32,52.91,52.71
2021-09-28,18.51,20.03,162.05,32.98,52.4,52.89
2021-09-29,18.27,20.05,161.32,32.85,52.32,52.89
2021-09-30,18.48,20.18,164.22,33.41,52.56,52.09
2021-10-01,18.54,20.45,164.59,33.49,53.26,53.84
2021-10-04,18.75,20.78,165.36,33.65,54.49,54.72
2021-10-05,19.11,21.04,164.59,33.5,55.63,55.04
2021-10-06,18.69,20.69,165.03,33.59,54.16,54.46
2021-10-07,18.81,20.95,164.16,33.4,55.36,54.88
2021-10-08,18.87,21.02,164.23,33.42,55.47,56.57
2021-10-11,18.93,21.16,163.92,33.36,56.18,56.36
2021-10-12,18.93,21.16,164.66,33.52,56.11,56.41
2021-10-13,19.02,21.28,167.59,34.11,56.16,56.36
2021-10-14,19.26,21.5,168.0,34.2,56.81,57.05
2021-10-15,19.29,21.68,165.33,33.66,57.15,57.33
2021-10-18,19.05,21.55,164.92,33.57,56.96,57.37
2021-10-19,19.14,21.6,165.45,33.68,57.42,58.02
2021-10-20,19.41,21.84,166.9,33.98,58.12,58.49
2021-10-21,19.05,21.51,166.75,33.95,57.41,57.41
2021-10-22,19.14,21.61,167.77,34.15,58.03,57.95
2021-10-25,19.56,21.72,168.93,34.39,57.83,58.8
2021-10-26,19.56,21.75,167.68,34.13,58.45,59.14
2021-10-27,19.41,21.35,168.12,34.22,56.9,57.44
2021-10-28,19.2,21.46,168.08,34.22,57.4,57.85
2021-10-29,19.02,21.35,166.65,33.93,57.15,57.47
2021-11-01,19.05,21.51,167.52,34.1,57.53,58.46
2021-11-02,19.17,21.57,167.16,34.03,57.53,57.91
2021-11-03,18.99,21.02,165.77,33.75,55.34,57.43
2021-11-04,18.93,20.89,167.65,34.1,54.92,57.51
2021-11-05,18.99,21.18,169.84,34.56,56.55,58.26
2021-11-08,18.99,21.31,170.45,34.7,57.09,58.79
2021-11-09,18.96,21.48,171.29,34.87,57.97,59.03
2021-11-10,18.9,21.21,173.15,35.26,56.32,57.47
2021-11-11,19.14,21.36,174.12,35.45,56.22,57.69
2021-11-12,19.05,21.33,174.45,35.5,55.98,57.55
2021-11-15,19.17,21.34,174.18,35.45,56.07,58.03
2021-11-16,19.2,21.31,172.92,35.21,56.2,58.12
2021-11-17,19.05,21.12,174.5,35.53,55.0,57.23
2021-11-18,19.05,21.19,173.94,35.41,55.55,56.89
2021-11-19,18.93,20.85,172.61,35.15,53.78,54.67
2021-11-22,18.81,21.0,168.74,34.34,54.45,55.64
2021-11-23,19.02,21.38,167.28,34.07,56.2,57.35
2021-11-24,19.11,21.3,167.12,34.03,55.88,57.91
2021-11-26,18.42,20.03,166.85,33.96,49.63,55.58
2021-11-29,18.21,20.03,166.62,33.94,50.17,55.9
2021-11-30,17.61,19.48,165.5,33.68,47.91,54.59
2021-12-01,17.43,19.31,166.16,33.84,47.04,54.01
2021-12-02,17.4,19.48,165.24,33.64,48.29,55.58
2021-12-03,17.55,19.5,166.63,33.93,48.0,55.14
2021-12-06,17.58,19.84,166.22,33.83,50.51,55.96
2021-12-07,17.76,20.14,166.81,33.96,51.59,57.27
2021-12-08,17.91,20.41,166.9,33.97,52.42,57.26
2021-12-09,17.73,20.1,165.88,33.76,51.02,56.82
2021-12-10,17.79,20.33,166.58,33.91,52.03,57.24
2021-12-13,17.73,20.23,167.0,34.0,51.44,55.65
2021-12-14,17.58,20.05,165.44,33.7,50.92,55.42
2021-12-15,17.52,20.15,166.15,33.82,51.62,55.15
2021-12-16,17.85,20.27,168.16,34.22,51.87,55.5
2021-12-17,17.73,20.03,167.8,34.16,50.78,54.37
2021-12-20,17.52,19.89,167.09,34.01,49.9,53.01
2021-12-21,17.85,20.31,167.02,34.01,51.57,54.52
2021-12-22,18.18,20.55,168.59,34.33,52.48,54.87
2021-12-23,18.21,20.66,168.97,34.41,53.13,54.9
2021-12-27,18.51,20.92,169.37,34.48,54.52,56.1
2021-12-28,18.45,20.88,168.64,34.34,54.67,56.06
2021-12-29,18.48,20.98,168.59,34.33,55.08,55.7
2021-12-30,18.39,20.88,169.8,34.57,55.1,55.36
2021-12-31,18.36,20.78,170.96,34.81,54.36,55.5
2022-01-03,18.42,20.86,168.33,34.26,54.83,57.22
2022-01-04,18.6,21.11,169.57,34.52,55.59,59.2
2022-01-05,18.66,21.02,169.06,34.41,55.43,59.19
2022-01-06,18.51,21.2,166.99,34.0,56.89,60.51
2022-01-07,18.6,21.24,167.75,34.15,56.67,61.34
2022-01-10,18.51,21.15,168.26,34.25,56.16,61.15
2022-01-11,18.93,21.56,170.29,34.68,58.16,63.23
2022-01-12,19.2,21.73,170.74,34.75,58.91,63.35
2022-01-13,18.93,21.5,170.16,34.65,58.27,63.03
2022-01-14,18.99,21.78,169.67,34.54,59.97,64.51
2022-01-18,19.05,21.95,169.39,34.5,60.97,64.77
2022-01-19,19.29,22.07,172.08,35.05,61.05,64.3
2022-01-20,19.35,21.99,171.65,34.96,60.66,63.71
2022-01-21,19.29,22.01,171.09,34.84,60.78,62.45
2022-01-24,19.14,21.96,172.03,35.01,60.11,62.87
2022-01-25,19.35,22.16,172.58,35.13,60.97,65.31
2022-01-26,19.47,22.21,169.79,34.56,61.68,65.2
2022-01-27,19.38,22.32,167.6,34.14,61.86,65.91
2022-01-28,19.59,22.34,167.1,34.03,61.97,65.63
2022-01-31,19.74,22.42,168.09,34.22,62.48,65.92
2022-02-01,19.83,22.51,168.23,34.27,62.53,68.27
2022-02-02,20.16,22.6,168.84,34.38,62.52,68.49
2022-02-03,19.98,22.65,168.6,34.36,63.51,67.84
2022-02-04,19.95,22.83,168.86,34.39,64.91,68.9
2022-02-07,19.92,22.88,170.11,34.66,64.68,69.78
2022-02-08,19.8,22.68,170.63,34.73,63.62,68.28
2022-02-09,19.95,22.91,171.21,34.87,64.17,68.85
2022-02-10,19.83,22.79,170.56,34.73,63.96,68.42
2022-02-11,20.01,23.13,173.81,35.41,65.74,70.41
2022-02-14,20.25,23.25,174.74,35.58,66.36,68.75
2022-02-15,20.01,22.87,173.08,35.23,64.28,68.03
2022-02-16,20.34,22.9,174.86,35.61,63.54,68.58
2022-02-17,20.34,23.09,177.25,36.1,64.17,68.47
2022-02-18,20.34,23.18,177.12,36.06,64.74,68.05
2022-02-22,20.7,23.51,177.49,36.15,65.54,66.95
2022-02-23,20.91,23.73,178.29,36.31,66.24,67.64
2022-02-24,21.12,23.83,177.14,36.08,66.34,67.11
2022-02-25,20.58,23.47,176.55,35.96,65.8,68.88
2022-02-28,21.09,23.87,178.38,36.31,67.48,70.58
2022-03-01,22.05,24.83,181.62,36.99,71.82,71.29
2022-03-02,22.47,25.64,179.73,36.61,75.42,72.92
2022-03-03,22.77,25.92,180.8,36.82,74.53,73.12
2022-03-04,23.43,27.01,183.68,37.4,79.46,75.23
2022-03-07,24.12,27.6,186.41,37.95,82.37,76.34
2022-03-08,24.6,28.07,191.51,38.98,85.43,77.54
2022-03-09,23.25,25.84,185.82,37.84,75.47,75.17
2022-03-10,21.75,25.53,186.4,37.97,74.06,77.47
2022-03-11,22.05,25.97,185.09,37.68,76.4,76.85
2022-03-14,21.42,25.21,182.3,37.11,72.84,74.55
2022-03-15,20.91,24.59,178.89,36.45,68.63,71.82
2022-03-16,20.61,24.38,180.01,36.65,68.28,71.49
2022-03-17,21.51,25.55,180.89,36.85,73.68,73.95
2022-03-18,21.42,25.67,179.3,36.5,74.64,73.88
2022-03-21,21.72,26.63,180.67,36.78,79.54,76.13
2022-03-22,21.69,26.57,179.36,36.54,78.56,75.57
2022-03-23,22.32,27.23,181.81,36.99,81.95,76.87
2022-03-24,22.38,26.96,183.13,37.29,79.75,77.06
2022-03-25,22.44,27.16,182.38,37.16,80.74,78.75
2022-03-28,21.78,25.98,179.06,36.48,74.53,76.8
2022-03-29,21.3,26.08,179.14,36.5,76.15,76.6
2022-03-30,21.81,26.55,180.58,36.76,77.91,77.49
2022-03-31,21.39,26.06,180.65,36.83,74.12,76.44
2022-04-01,21.18,26.23,179.5,36.54,74.17,77.06
2022-04-04,21.51,26.73,180.37,36.73,76.86,77.16
2022-04-05,21.54,26.51,179.24,36.49,74.8,75.95
2022-04-06,21.24,26.3,179.66,36.58,73.05,76.4
2022-04-07,21.36,26.39,180.34,36.7,73.11,77.4
2022-04-08,21.66,26.72,181.47,36.97,74.11,79.53
2022-04-11,21.6,26.5,182.37,37.14,72.3,77.14
2022-04-12,22.14,27.29,183.77,37.42,75.98,78.42
2022-04-13,22.5,27.89,184.65,37.62,78.42,79.59
2022-04-14,22.77,28.1,184.04,37.47,79.57,79.85
2022-04-18,23.19,28.42,184.61,37.59,80.41,81.02
2022-04-19,22.5,27.69,181.82,37.01,76.86,80.36
2022-04-20,22.5,27.72,182.71,37.22,77.24,80.67
2022-04-21,22.62,27.68,182.06,37.09,78.12,78.11
2022-04-22,22.2,27.15,180.29,36.72,76.31,76.2
2022-04-25,21.78,26.95,177.05,36.06,74.65,73.68
2022-04-26,22.05,27.32,177.32,36.11,76.46,73.78
2022-04-27,22.29,27.51,175.98,35.84,76.37,74.86
2022-04-28,22.26,27.74,176.93,36.04,78.08,77.13
2022-04-29,22.23,27.53,176.91,36.04,77.16,75.15
2022-05-02,21.99,27.95,173.63,35.37,78.38,76.35
2022-05-03,21.93,27.56,174.09,35.47,76.69,78.49
2022-05-04,22.53,28.42,175.8,35.82,80.22,81.75
2022-05-05,22.62,28.27,175.13,35.67,80.48,80.52
2022-05-06,22.29,28.3,175.42,35.74,82.13,82.92
2022-05-09,21.27,27.02,172.88,35.21,76.57,76.06
2022-05-10,21.15,26.86,171.42,34.91,74.53,76.75
2022-05-11,21.69,27.52,172.82,35.2,78.18,77.78
2022-05-12,21.6,27.65,170.17,34.66,79.23,78.11
2022-05-13,21.9,28.03,168.79,34.39,81.28,80.78
2022-05-16,22.38,28.49,170.4,34.71,83.11,82.91
2022-05-17,22.47,28.18,169.33,34.51,81.11,83.87
2022-05-18,22.17,27.57,169.42,34.51,79.29,81.72
2022-05-19,22.38,27.92,171.91,35.03,80.58,81.42
2022-05-20,22.29,27.96,172.03,35.04,81.65,81.77
2022-05-23,22.59,28.17,172.83,35.23,81.97,83.93
2022-05-24,22.59,28.15,174.13,35.48,82.0,84.25
2022-05-25,22.68,28.35,173.08,35.26,82.48,85.99
2022-05-26,22.95,28.66,172.76,35.2,84.59,86.94
2022-05-27,23.07,29.0,172.85,35.23,85.46,88.53
2022-05-31,22.62,28.8,171.14,34.87,85.47,87.2
2022-06-01,22.83,28.94,172.23,35.09,85.54,88.62
2022-06-02,23.04,29.6,174.35,35.52,87.25,88.34
2022-06-03,23.1,29.88,172.58,35.15,89.47,89.51
2022-06-06,23.49,30.01,171.82,34.98,88.39,89.41
2022-06-07,23.52,30.21,172.94,35.21,90.04,92.08
2022-06-08,23.49,30.48,172.78,35.2,91.99,92.28
2022-06-09,21.48,30.53,172.23,35.09,91.08,90.24
2022-06-10,21.24,30.23,174.54,35.56,90.13,88.71
2022-06-13,20.73,29.89,169.93,34.62,90.36,84.08
2022-06-14,19.86,29.56,168.57,34.34,88.45,84.24
2022-06-15,20.1,29.58,170.77,34.8,86.93,82.38
2022-06-16,20.13,29.71,172.69,35.19,87.66,77.74
2022-06-17,19.53,28.65,171.27,34.89,83.34,73.49
2022-06-21,19.5,28.58,170.63,34.76,84.05,76.44
2022-06-22,19.26,28.07,171.31,34.92,80.88,73.38
2022-06-23,18.69,27.44,170.26,34.68,78.98,70.66
2022-06-24,18.78,27.7,170.09,34.66,81.27,71.59
2022-06-27,18.81,27.64,169.9,34.63,82.93,73.69
2022-06-28,18.93,27.97,169.62,34.56,84.72,75.68
2022-06-29,18.81,27.49,169.49,34.55,82.95,73.05
2022-06-30,18.0,26.64,168.46,34.31,80.35,71.51
2022-07-01,18.15,26.77,168.32,34.3,81.67,72.58
2022-07-05,17.28,24.97,164.75,33.58,74.78,69.7
2022-07-06,16.98,24.6,162.14,33.05,73.67,68.51
2022-07-07,17.67,25.62,162.23,33.07,76.55,70.98
2022-07-08,17.82,26.07,162.3,33.09,78.54,70.95
2022-07-11,17.88,26.02,161.43,32.88,78.23,70.27
2022-07-12,17.16,24.84,160.83,32.77,72.81,68.9
2022-07-13,17.43,24.98,161.6,32.94,73.19,68.79
2022-07-14,17.13,24.75,159.33,32.45,72.85,67.49
2022-07-15,17.46,25.07,159.01,32.4,73.74,68.59
2022-07-18,18.06,25.54,159.16,32.42,76.81,70.16
2022-07-19,17.91,25.64,159.54,32.51,78.05,72.32
2022-07-20,18.12,25.62,158.04,32.21,77.64,73.02
2022-07-21,17.91,25.19,160.27,32.66,75.49,71.74
2022-07-22,18.06,24.89,160.67,32.75,74.53,71.15
2022-07-25,18.33,25.34,160.23,32.65,76.22,73.76
2022-07-26,18.48,25.39,160.04,32.61,75.16,73.09
2022-07-27,18.69,25.97,161.67,32.95,77.87,74.74
2022-07-28,18.84,25.99,163.64,33.35,77.13,75.16
2022-07-29,19.11,26.11,164.1,33.45,78.05,78.42
2022-08-01,18.75,25.58,165.03,33.63,75.13,76.8
2022-08-02,18.36,25.45,164.05,33.42,75.93,76.62
2022-08-03,18.39,25.23,164.45,33.52,73.53,74.42
2022-08-04,18.42,24.96,167.17,34.05,71.53,71.66
2022-08-05,18.24,24.87,165.29,33.68,71.54,73.08
2022-08-08,18.24,25.17,166.69,33.97,73.54,73.46
2022-08-09,18.42,25.38,167.2,34.07,73.45,74.75
2022-08-10,18.75,25.73,166.78,34.01,74.32,75.29
2022-08-11,19.2,26.23,166.34,33.9,76.28,77.88
2022-08-12,19.14,26.09,167.87,34.21,74.98,78.47
2022-08-15,18.87,25.77,165.71,33.78,72.88,76.94
2022-08-16,18.87,25.48,165.42,33.71,71.24,76.76
2022-08-17,18.81,25.58,164.35,33.5,72.05,77.4
2022-08-18,18.9,25.97,163.92,33.41,74.21,79.48
2022-08-19,19.02,25.96,162.72,33.15,74.06,79.46
2022-08-22,19.17,26.19,161.64,32.93,74.68,79.31
2022-08-23,19.32,26.62,162.77,33.18,76.83,82.17
2022-08-24,19.47,26.9,163.25,33.27,78.04,83.18
2022-08-25,19.35,26.52,163.75,33.38,76.5,83.82
2022-08-26,19.38,26.63,161.76,32.98,75.85,82.84
2022-08-29,19.47,27.02,161.86,32.99,78.69,84.09
2022-08-30,18.96,26.27,160.51,32.71,75.47,81.24
2022-08-31,18.69,25.72,159.27,32.46,73.11,80.5
2022-09-01,18.3,25.17,157.87,32.16,70.95,78.52
2022-09-02,18.33,25.34,159.26,32.47,71.43,79.96
2022-09-06,18.0,25.19,158.33,32.27,71.42,79.22
2022-09-07,17.73,24.59,159.94,32.61,67.62,78.3
2022-09-08,15.9,24.69,158.98,32.4,68.09,78.64
2022-09-09,16.23,25.39,159.82,32.58,71.1,80.6
2022-09-12,16.56,25.74,160.63,32.75,72.37,82.08
2022-09-13,16.44,25.61,158.54,32.31,72.01,80.01
2022-09-14,16.59,25.72,157.93,32.19,72.73,82.27
2022-09-15,16.05,24.97,154.98,31.58,69.76,80.15
2022-09-16,15.9,24.88,155.84,31.75,69.9,78.44
2022-09-19,15.87,24.96,155.96,31.78,70.05,77.64
2022-09-20,15.9,24.93,155.07,31.61,69.22,77.1
2022-09-21,15.84,24.78,155.79,31.74,68.68,75.97
2022-09-22,15.63,24.85,155.7,31.73,68.97,75.7
2022-09-23,15.03,24.01,153.01,31.18,65.32,70.48
2022-09-26,14.67,23.45,151.23,30.82,63.2,68.75
2022-09-27,14.64,23.7,151.54,30.88,64.42,69.52
2022-09-28,15.09,24.36,154.69,31.52,67.13,72.6
2022-09-29,14.94,24.21,154.66,31.52,66.77,72.6
2022-09-30,14.76,23.91,154.67,31.53,65.28,72.02
2022-10-03,15.03,24.45,158.43,32.28,67.89,76.09
2022-10-04,15.48,25.11,160.7,32.75,70.28,79.36
2022-10-05,15.54,25.56,159.81,32.58,71.94,81.0
2022-10-06,15.57,25.72,159.63,32.55,72.99,82.44
2022-10-07,15.63,25.99,157.88,32.19,75.1,81.8
2022-10-10,15.48,25.7,155.48,31.69,73.78,80.12
2022-10-11,15.42,25.33,155.16,31.62,71.75,79.48
2022-10-12,15.33,25.33,155.99,31.81,70.93,80.12
2022-10-13,15.48,25.68,154.91,31.57,72.52,83.39
2022-10-14,15.18,25.17,152.98,31.17,70.17,80.28
2022-10-17,15.15,25.11,153.42,31.28,70.13,81.28
2022-10-18,14.97,24.84,153.75,31.34,68.7,81.99
2022-10-19,14.88,24.83,151.69,30.92,70.04,84.41
2022-10-20,14.88,24.85,151.45,30.88,70.18,84.49
2022-10-21,14.94,24.88,154.15,31.43,70.57,86.93
2022-10-24,15.0,24.95,153.65,31.32,70.38,87.34
2022-10-25,15.15,25.09,154.0,31.39,70.61,87.43
2022-10-26,15.27,25.56,154.98,31.6,72.97,88.62
2022-10-27,15.27,25.6,154.74,31.56,73.62,88.94
2022-10-28,15.06,25.3,153.16,31.22,72.82,89.25
2022-10-31,15.24,25.12,151.91,30.98,71.53,90.0
2022-11-01,15.27,25.5,153.46,31.29,73.12,90.87
2022-11-02,15.48,25.73,152.39,31.06,74.08,88.68
2022-11-03,15.18,25.71,151.81,30.96,73.29,90.32
2022-11-04,15.75,26.58,156.47,31.91,76.82,91.42
2022-11-07,15.84,26.35,155.85,31.77,76.56,92.99
2022-11-08,15.6,26.03,159.45,32.49,74.47,93.08
2022-11-09,15.33,25.43,158.65,32.34,71.67,88.53
2022-11-10,15.6,25.66,163.48,33.33,72.24,90.5
2022-11-11,15.75,26.15,164.56,33.56,74.38,93.13
2022-11-14,15.66,25.76,164.92,33.64,71.91,93.1
2022-11-15,15.81,26.06,165.5,33.74,73.25,94.08
2022-11-16,15.69,25.77,165.12,33.66,72.04,92.16
2022-11-17,15.39,25.34,163.92,33.41,70.14,92.36
2022-11-18,15.3,25.16,162.79,33.19,69.03,91.63
2022-11-21,15.42,25.07,161.88,33.01,69.03,90.39
2022-11-22,15.57,25.33,162.07,33.03,69.98,93.22
2022-11-23,15.6,24.98,163.08,33.24,67.41,92.21
2022-11-25,15.39,24.76,163.22,33.28,66.96,91.87
2022-11-28,15.3,24.61,161.93,33.01,66.88,89.35
2022-11-29,15.39,24.93,162.73,33.19,68.34,90.7
2022-11-30,15.66,25.49,164.81,33.6,70.23,91.15
2022-12-01,15.72,25.36,167.84,34.23,70.45,90.85
2022-12-02,15.54,25.09,167.26,34.12,69.84,90.31
2022-12-05,15.03,24.44,164.39,33.51,67.72,87.63
2022-12-06,14.82,24.05,164.84,33.62,65.23,85.32
2022-12-07,14.94,23.93,166.33,33.91,63.65,85.12
2022-12-08,14.97,23.89,166.47,33.94,62.71,84.74
2022-12-09,15.03,23.92,167.06,34.05,62.85,82.68
2022-12-12,15.15,24.18,165.68,33.76,64.41,84.85
2022-12-13,15.48,24.58,168.51,34.36,65.86,86.46
2022-12-14,15.45,24.77,168.1,34.28,67.36,85.93
2022-12-15,15.36,24.47,165.35,33.72,66.15,85.41
2022-12-16,15.18,24.16,166.79,34.0,64.9,84.36
2022-12-19,15.03,23.97,166.32,33.91,66.07,83.49
2022-12-20,15.09,24.08,169.08,34.49,66.22,84.75
2022-12-21,15.3,24.39,168.8,34.43,68.06,86.36
2022-12-22,15.03,24.08,166.76,33.99,67.7,84.37
2022-12-23,15.21,24.52,167.26,34.11,69.32,87.06
2022-12-27,13.98,24.74,168.67,34.38,69.53,87.99
2022-12-28,13.89,24.46,167.91,34.22,68.58,86.02
2022-12-29,13.86,24.43,168.85,34.44,68.53,86.92
2022-12-30,13.92,24.65,169.64,34.59,70.11,87.47
2023-01-03,13.59,24.06,171.06,34.88,67.64,84.4
2023-01-04,13.35,23.63,172.67,35.21,64.3,84.39
2023-01-05,13.2,23.51,170.52,34.79,64.78,85.93
2023-01-06,13.32,23.64,173.71,35.43,64.83,87.56
2023-01-09,13.47,23.92,174.1,35.5,65.88,87.25
2023-01-10,13.41,23.92,174.74,35.62,65.9,87.87
2023-01-11,13.56,24.35,174.62,35.61,68.05,88.14
2023-01-12,13.8,24.55,176.64,36.02,68.61,89.82
2023-01-13,13.83,24.79,178.76,36.45,70.05,89.95
2023-01-17,13.86,24.96,177.59,36.21,70.86,90.14
2023-01-18,13.83,24.69,177.08,36.11,69.51,88.49
2023-01-19,13.89,24.94,179.89,36.69,70.59,89.59
2023-01-20,13.92,25.09,179.29,36.55,71.55,90.48
2023-01-23,13.98,25.15,179.63,36.62,71.5,90.6
2023-01-24,13.92,25.01,180.28,36.75,70.22,90.25
2023-01-25,13.92,24.94,181.11,36.94,70.51,90.26
2023-01-26,14.01,25.05,179.47,36.59,70.93,93.11
2023-01-27,13.89,24.77,179.22,36.55,69.5,91.23
2023-01-30,13.77,24.45,178.76,36.44,68.1,89.14
2023-01-31,13.89,24.87,179.41,36.59,69.32,89.93
2023-02-01,13.71,24.4,181.67,37.07,67.36,88.16
2023-02-02,13.65,24.22,177.9,36.26,66.57,86.15
2023-02-03,13.32,23.61,173.46,35.37,64.4,85.96
2023-02-06,13.23,23.68,173.82,35.45,65.5,85.57
2023-02-07,13.44,24.13,173.98,35.48,67.76,88.35
2023-02-08,13.5,24.18,174.41,35.58,68.68,87.56
2023-02-09,13.44,23.99,173.03,35.29,67.92,86.81
2023-02-10,13.56,24.33,173.36,35.35,69.87,90.21
2023-02-13,13.53,24.28,172.48,35.18,69.5,89.98
2023-02-14,13.53,24.36,172.61,35.2,69.4,90.01
2023-02-15,13.38,24.1,170.89,34.84,69.02,88.48
2023-02-16,13.38,24.03,170.75,34.84,68.45,87.61
2023-02-17,13.26,23.85,171.26,34.93,67.02,84.49
2023-02-21,13.29,23.88,170.62,34.79,66.69,84.07
2023-02-22,13.17,23.57,169.66,34.61,64.92,83.51
2023-02-23,13.2,23.75,169.57,34.58,66.38,84.77
2023-02-24,13.08,23.67,168.35,34.33,67.1,84.66
2023-02-27,13.14,23.69,169.01,34.45,66.25,84.91
2023-02-28,13.2,23.76,169.78,34.62,67.21,83.69
2023-03-01,13.32,24.17,170.76,34.84,68.07,85.34
2023-03-02,13.32,24.08,170.66,34.83,68.3,86.09
2023-03-03,13.53,24.46,172.49,35.19,69.86,87.26
2023-03-06,13.41,24.34,171.62,35.02,70.49,87.3
2023-03-07,13.14,23.84,168.62,34.38,67.85,85.78
2023-03-08,13.02,23.71,168.54,34.39,67.1,84.9
2023-03-09,12.33,23.42,170.2,34.7,66.24,83.7
2023-03-10,12.42,23.67,173.87,35.46,67.14,82.63
2023-03-13,12.54,23.52,177.86,36.29,65.25,80.95
2023-03-14,12.42,23.22,176.83,36.07,62.93,81.75
2023-03-15,12.21,22.68,178.21,36.34,60.02,77.36
2023-03-16,12.21,22.75,178.57,36.43,60.05,78.2
2023-03-17,12.18,22.68,183.77,37.49,58.66,76.97
2023-03-20,12.18,22.77,183.84,37.5,59.79,77.7
2023-03-21,12.21,22.85,180.37,36.8,61.23,80.39
2023-03-22,12.3,22.91,183.44,37.42,61.61,78.68
2023-03-23,12.33,22.85,185.74,37.9,60.99,77.59
2023-03-24,12.33,22.96,183.65,37.46,60.96,77.89
2023-03-27,12.4,23.39,181.95,37.12,64.15,79.55
2023-03-28,12.5,23.5,183.44,37.43,64.55,80.78
2023-03-29,12.49,23.35,182.53,37.24,64.15,81.9
2023-03-30,12.54,23.52,184.18,37.57,65.32,82.26
2023-03-31,12.69,23.74,183.22,37.37,66.44,82.83
2023-04-03,12.87,24.13,184.54,37.65,70.27,86.58
2023-04-04,12.89,24.1,187.98,38.35,70.27,85.01
2023-04-05,12.9,24.19,187.83,38.32,70.24,86.29
2023-04-06,12.87,24.12,186.49,38.05,70.26,84.98
2023-04-10,12.82,24.12,185.11,37.77,69.76,85.66
2023-04-11,12.94,24.25,186.28,37.99,71.07,86.47
2023-04-12,13.0,24.44,187.19,38.19,72.43,86.53
2023-04-13,12.99,24.44,189.72,38.7,71.8,87.07
2023-04-14,12.99,24.47,186.36,38.01,72.09,87.23
2023-04-17,13.0,24.37,185.53,37.86,70.84,86.2
2023-04-18,13.07,24.42,186.25,37.99,70.73,86.54
2023-04-19,12.9,24.08,185.36,37.8,69.3,86.24
2023-04-20,12.8,23.87,186.09,37.98,67.6,85.48
2023-04-21,12.71,23.82,184.25,37.59,68.21,84.98
2023-04-24,12.8,24.01,184.81,37.71,69.25,86.28
2023-04-25,12.67,23.67,185.75,37.89,67.62,84.66
2023-04-26,12.51,23.31,184.74,37.68,65.36,83.53
2023-04-27,12.46,23.34,184.75,37.69,65.81,83.83
2023-04-28,12.59,23.56,184.8,37.71,67.5,85.13
2023-05-01,12.47,23.36,183.97,37.52,66.55,84.17
2023-05-02,12.33,22.83,187.52,38.25,63.05,80.51
2023-05-03,12.26,22.54,189.11,38.57,60.31,78.99
2023-05-04,12.28,22.63,190.44,38.86,60.7,78.11
2023-05-05,12.43,23.14,187.46,38.24,63.03,80.23
2023-05-08,12.51,23.25,187.69,38.29,64.26,80.23
2023-05-09,12.49,23.32,189.02,38.55,64.87,80.26
2023-05-10,12.41,23.25,188.75,38.51,64.39,79.35
2023-05-11,12.22,22.85,187.13,38.19,63.25,78.4
2023-05-12,12.18,22.67,186.81,38.11,62.07,78.52
2023-05-15,12.33,22.93,187.21,38.19,62.99,78.92
2023-05-16,12.18,22.68,184.87,37.72,62.54,76.98
2023-05-17,12.22,22.95,184.23,37.59,64.6,78.46
2023-05-18,12.14,22.74,181.84,37.09,64.04,79.03
2023-05-19,12.12,22.71,183.64,37.45,63.9,79.64
2023-05-22,12.1,22.73,183.21,37.39,63.91,79.31
2023-05-23,12.1,22.82,183.43,37.42,64.87,80.16
2023-05-24,12.08,22.83,181.95,37.13,65.66,80.51
2023-05-25,11.85,22.47,180.2,36.76,64.09,79.08
2023-05-26,11.95,22.83,180.92,36.92,64.8,78.77
2023-05-30,11.76,22.3,182.04,37.14,62.3,77.96
2023-05-31,11.71,22.05,182.32,37.2,60.63,76.59
2023-06-01,11.88,22.41,183.76,37.49,62.55,77.54
2023-06-02,11.93,22.7,181.05,36.94,64.15,79.9
2023-06-05,11.99,22.64,182.14,37.16,64.03,79.37
2023-06-06,12.02,22.67,182.34,37.2,63.79,80.01
2023-06-07,12.03,22.76,180.15,36.76,64.71,82.13
2023-06-08,12.13,22.8,182.53,37.25,63.46,81.78
2023-06-09,12.04,22.66,182.04,37.14,62.93,81.33
2023-06-12,11.93,22.35,181.88,37.11,60.24,80.55
2023-06-13,12.04,22.65,180.54,36.83,62.14,80.93
2023-06-14,12.06,22.7,180.64,36.86,61.83,80.1
2023-06-15,12.38,23.18,181.91,37.11,63.41,80.98
2023-06-16,12.54,23.47,181.63,37.06,64.35,80.86
2023-06-20,12.37,23.26,179.75,36.68,63.92,78.36
2023-06-21,12.52,23.6,179.49,36.63,65.04,78.98
2023-06-22,12.31,23.16,177.71,36.26,62.52,77.92
2023-06-23,12.22,22.91,178.2,36.35,62.42,77.36
2023-06-26,12.24,22.94,178.51,36.42,62.73,78.75
2023-06-27,12.06,22.57,177.69,36.25,61.3,78.93
2023-06-28,11.98,22.5,177.28,36.17,62.52,79.73
2023-06-29,11.94,22.51,177.09,36.15,62.96,80.65
2023-06-30,12.11,22.7,178.27,36.39,63.55,81.17
2023-07-03,12.08,22.7,178.47,36.41,63.39,81.36
2023-07-05,12.16,22.84,177.84,36.29,64.63,80.91
2023-07-06,12.04,22.79,177.31,36.18,64.44,79.09
2023-07-07,12.12,22.98,178.64,36.46,65.85,80.79
2023-07-10,12.17,23.03,178.78,36.48,65.54,81.42
2023-07-11,12.29,23.3,179.45,36.62,67.03,83.21
2023-07-12,12.39,23.47,181.88,37.12,67.87,83.98
2023-07-13,12.56,23.8,182.01,37.14,69.09,83.66
2023-07-14,12.53,23.64,181.43,37.02,67.47,81.45
2023-07-17,12.43,23.45,181.56,37.04,66.58,81.29
2023-07-18,12.57,23.76,183.64,37.46,67.96,82.11
2023-07-19,12.65,23.89,183.67,37.48,67.69,82.59
2023-07-20,12.71,23.96,182.74,37.29,68.05,83.56
2023-07-21,12.73,24.09,182.18,37.17,68.99,84.3
2023-07-24,12.9,24.52,181.4,37.02,70.69,85.66
2023-07-25,12.97,24.61,182.41,37.22,71.16,86.11
2023-07-26,12.91,24.49,183.3,37.42,70.66,86.14
2023-07-27,12.82,24.43,180.42,36.84,71.43,85.59
2023-07-28,12.9,24.58,181.86,37.12,72.09,85.85
2023-07-31,12.93,24.68,182.35,37.2,73.17,87.48
2023-08-01,12.83,24.55,180.46,36.84,72.96,87.07
2023-08-02,12.62,24.18,179.6,36.67,71.48,85.93
2023-08-03,12.67,24.41,179.54,36.65,73.14,86.8
2023-08-04,12.79,24.45,180.19,36.77,73.79,86.92
2023-08-07,12.78,24.46,179.78,36.69,73.82,87.02
2023-08-08,12.77,24.43,178.64,36.46,74.06,87.45
2023-08-09,12.87,24.6,177.79,36.28,75.1,88.55
2023-08-10,12.75,24.47,177.6,36.24,74.2,88.54
2023-08-11,12.71,24.43,177.6,36.24,74.25,89.9
2023-08-14,12.63,24.31,177.06,36.14,73.81,89.52
2023-08-15,12.46,24.02,176.59,36.03,72.62,87.66
2023-08-16,12.39,23.92,175.57,35.83,71.37,86.9
2023-08-17,12.44,23.98,175.3,35.77,71.98,87.94
2023-08-18,12.51,24.15,175.33,35.78,72.79,88.81
2023-08-21,12.5,24.09,175.81,35.87,72.58,88.25
2023-08-22,12.46,24.1,176.1,35.94,72.28,87.57
2023-08-23,12.58,24.15,177.89,36.31,71.36,87.35
2023-08-24,12.59,24.17,177.85,36.3,71.41,86.75
2023-08-25,12.66,24.41,177.62,36.26,72.45,87.59
2023-08-28,12.69,24.37,178.13,36.37,72.41,88.18
2023-08-29,12.75,24.46,179.87,36.7,73.32,88.42
2023-08-30,12.8,24.49,180.32,36.81,73.66,88.86
2023-08-31,12.8,24.59,180.02,36.75,75.06,88.92
2023-09-01,12.88,24.88,180.11,36.76,76.92,90.74
2023-09-05,12.89,25.0,178.64,36.48,77.76,91.22
2023-09-06,12.85,25.06,177.83,36.29,78.52,91.26
2023-09-07,12.83,25.01,178.02,36.34,77.95,91.17
2023-09-08,12.85,25.06,178.08,36.35,78.3,92.05
2023-09-11,12.93,25.21,178.41,36.41,78.37,90.84
2023-09-12,12.96,25.3,177.49,36.23,79.7,92.98
2023-09-13,12.98,25.38,177.08,36.15,79.68,92.28
2023-09-14,13.08,25.59,177.17,36.17,81.12,93.36
2023-09-15,13.04,25.53,178.34,36.42,81.29,92.01
2023-09-18,13.04,25.52,179.39,36.62,81.45,92.11
2023-09-19,13.02,25.54,179.22,36.58,81.5,91.25
2023-09-20,12.97,25.33,179.35,36.61,80.14,90.4
2023-09-21,12.82,25.25,178.05,36.34,80.41,89.16
2023-09-22,12.85,25.27,178.62,36.46,80.63,89.31
2023-09-25,12.77,25.15,177.7,36.27,80.39,90.43
2023-09-27,12.75,25.26,174.1,35.54,82.9,92.15
2023-09-28,12.79,25.23,173.23,35.35,81.57,92.25
2023-09-29,12.64,24.96,171.45,34.99,80.86,90.39
2023-10-02,12.49,24.77,169.65,34.64,79.39,88.59
2023-10-03,12.42,24.66,169.16,34.53,79.93,88.53
2023-10-04,12.19,23.97,169.14,34.52,75.59,85.75
2023-10-05,12.19,23.83,168.83,34.47,73.99,85.22
2023-10-06,12.27,23.92,169.7,34.64,74.16,85.73
2023-10-09,12.45,24.42,172.82,35.29,77.13,88.59
2023-10-10,12.47,24.36,172.53,35.22,76.71,88.7
2023-10-11,12.4,24.22,173.79,35.48,75.67,87.56
2023-10-12,12.43,24.21,173.26,35.37,75.42,87.66
2023-10-13,12.69,24.85,178.83,36.5,78.99,89.59
2023-10-16,12.64,24.77,177.96,36.34,78.39,90.19
2023-10-17,12.61,24.84,178.29,36.39,78.8,91.13
2023-10-18,12.73,25.06,180.87,36.92,79.84,91.96
2023-10-19,12.77,25.32,183.09,37.37,81.68,91.8
2023-10-20,12.76,25.13,183.59,37.47,80.7,90.26
2023-10-23,12.64,24.97,182.97,37.35,78.89,88.8
2023-10-24,12.6,24.7,182.95,37.34,76.93,87.55
2023-10-25,12.67,24.88,183.72,37.51,78.46,87.39
2023-10-26,12.63,24.67,184.01,37.57,76.89,86.71
2023-10-27,12.79,25.0,186.15,38.01,78.36,84.63
2023-10-30,12.62,24.6,185.1,37.79,76.05,84.91
2023-10-31,12.62,24.51,184.09,37.59,75.02,85.19
2023-11-01,12.63,24.55,183.51,37.46,74.75,84.99
2023-11-02,12.75,24.81,184.12,37.6,76.18,87.56
2023-11-03,12.81,24.68,184.79,37.73,74.85,86.68
2023-11-06,12.77,24.78,183.35,37.43,74.91,85.7
2023-11-07,12.53,24.25,182.59,37.27,71.8,83.8
2023-11-08,12.43,23.98,180.77,36.9,70.19,82.75
2023-11-09,12.37,23.92,181.49,37.04,70.25,82.5
2023-11-10,12.32,24.04,179.51,36.64,71.79,83.41
2023-11-13,12.52,24.39,180.51,36.86,72.92,84.01
2023-11-14,12.61,24.35,182.12,37.18,72.69,84.76
2023-11-15,12.56,24.19,181.64,37.08,71.34,84.6
2023-11-16,12.39,23.61,183.69,37.5,68.05,82.95
2023-11-17,12.43,23.95,183.67,37.5,70.75,84.69
2023-11-20,12.54,24.25,183.37,37.43,72.3,84.81
2023-11-21,12.57,24.39,185.35,37.83,72.53,84.62
2023-11-22,12.48,24.18,184.56,37.67,71.61,84.58
2023-11-24,12.36,24.02,185.52,37.87,70.82,84.93
2023-11-27,12.33,23.86,186.77,38.14,69.96,84.63
2023-11-28,12.5,24.15,189.26,38.64,71.26,84.65
2023-11-29,12.58,24.32,189.54,38.71,72.52,84.02
2023-11-30,12.46,23.91,188.75,38.54,70.14,84.58
2023-12-01,12.46,23.8,192.01,39.21,69.24,85.02
2023-12-04,12.26,23.64,187.86,38.37,68.47,84.63
2023-12-05,12.21,23.43,187.15,38.22,67.58,83.15
2023-12-06,11.95,22.86,187.84,38.36,64.76,81.91
2023-12-07,12.0,22.9,188.15,38.42,65.11,81.35
2023-12-08,12.0,23.0,185.64,37.9,66.53,82.23
2023-12-11,11.94,22.92,183.59,37.5,66.8,82.33
2023-12-12,11.81,22.57,183.49,37.47,64.25,81.2
2023-12-13,11.91,22.83,187.63,38.32,65.33,82.33
2023-12-14,12.24,23.21,188.73,38.55,67.16,84.75
2023-12-15,12.25,23.25,187.0,38.18,67.15,84.3
2023-12-18,12.28,22.32,187.85,38.36,68.09,84.18
2023-12-19,12.34,22.49,189.13,38.62,69.36,85.19
2023-12-20,12.31,22.23,188.1,38.41,68.79,84.4
2023-12-21,12.29,22.27,189.43,38.68,69.03,84.73
2023-12-22,12.32,22.23,190.27,38.86,68.69,84.98
2023-12-26,12.4,22.45,191.72,39.14,70.21,85.71
2023-12-27,12.43,22.35,192.59,39.34,68.92,85.33
2023-12-28,12.32,22.16,191.47,39.1,67.18,84.03
2023-12-29,12.22,22.04,191.17,39.03,66.65,83.84
2024-01-02,12.14,21.86,190.72,38.94,65.77,84.74
2024-01-03,12.2,22.14,189.13,38.64,68.19,86.12
2024-01-04,12.17,22.02,189.32,38.67,67.57,84.61
2024-01-05,12.2,22.13,189.35,38.66,69.03,84.68
2024-01-08,12.05,21.81,187.87,38.37,66.4,83.7
2024-01-09,12.16,21.97,187.93,38.38,67.39,82.36
2024-01-10,12.06,21.82,187.5,38.3,66.56,81.55
2024-01-11,12.13,21.98,187.87,38.37,67.65,81.76
2024-01-12,12.2,22.06,189.71,38.75,68.02,82.68
2024-01-16,12.13,21.87,187.91,38.39,67.25,80.71
2024-01-17,12.01,21.84,185.84,37.95,67.94,80.04
2024-01-18,12.09,21.98,187.37,38.27,69.06,79.91
2024-01-19,12.04,21.94,187.93,38.39,68.82,80.17
2024-01-22,12.07,22.03,187.22,38.24,69.69,80.47
2024-01-23,12.13,22.15,187.95,38.39,69.66,80.64
2024-01-24,12.24,22.34,186.4,38.08,70.54,81.79
2024-01-25,12.3,22.51,187.14,38.23,72.23,83.63
2024-01-26,12.31,22.61,187.01,38.18,73.1,84.25
2024-01-29,12.23,22.42,188.33,38.46,72.05,84.13
2024-01-30,12.33,22.57,188.59,38.51,72.81,85.0
2024-01-31,12.3,22.33,188.45,38.49,70.92,83.41
2024-02-01,12.18,22.06,190.41,38.89,69.07,83.4
2024-02-02,12.01,21.81,188.61,38.51,67.51,83.52
2024-02-05,11.97,21.9,187.57,38.3,68.18,83.31
2024-02-06,12.03,21.98,188.55,38.52,68.81,83.58
2024-02-07,12.03,22.08,188.5,38.49,69.42,83.75
2024-02-08,12.08,22.2,188.33,38.45,71.52,84.61
2024-02-09,12.07,22.26,187.6,38.32,71.67,83.31
2024-02-12,12.05,22.27,187.11,38.23,72.11,84.23
2024-02-13,11.96,22.14,184.53,37.69,72.65,83.38
2024-02-14,11.88,21.93,184.42,37.66,71.55,83.3
2024-02-15,11.93,21.98,185.66,37.93,72.84,85.62
2024-02-16,11.99,22.03,186.34,38.07,73.41,85.57
2024-02-20,11.95,21.91,187.47,38.31,72.42,84.79
2024-02-21,12.01,22.0,187.48,38.3,73.2,86.38
2024-02-22,11.99,22.06,187.56,38.3,73.6,86.53
2024-02-23,11.87,21.74,188.62,38.52,71.92,85.96
2024-02-26,11.92,21.94,188.2,38.44,72.79,86.26
2024-02-27,12.02,22.11,188.0,38.4,73.85,85.89
2024-02-28,12.04,22.02,188.34,38.48,73.62,85.72
2024-02-29,12.05,21.99,189.31,38.65,73.36,86.14
2024-03-01,12.15,22.1,192.89,39.4,74.96,87.14
2024-03-04,12.19,22.17,196.01,40.05,74.01,86.21
2024-03-05,12.17,22.0,197.19,40.29,73.45,86.85
2024-03-06,12.24,22.18,198.81,40.61,74.34,87.12
2024-03-07,12.3,22.24,199.94,40.83,74.23,87.86
2024-03-08,12.28,22.17,201.63,41.18,73.36,88.17
2024-03-11,12.3,22.36,202.0,41.25,73.62,89.08
2024-03-12,12.28,22.3,199.79,40.81,73.35,88.94
2024-03-13,12.37,22.61,201.19,41.1,75.09,90.36
2024-03-14,12.28,22.68,200.35,40.92,76.3,91.29
2024-03-15,12.29,22.76,199.71,40.8,76.33,91.56
2024-03-18,12.36,22.97,200.03,40.85,77.98,91.14
2024-03-19,12.37,22.96,199.8,40.82,78.43,92.18
2024-03-20,12.37,22.9,202.18,41.3,77.25,92.05
2024-03-21,12.4,22.87,201.97,41.26,76.82,92.6
2024-03-22,12.33,22.71,200.35,40.93,76.68,92.4
2024-03-25,12.39,22.9,200.99,41.05,77.76,93.26
2024-03-26,12.31,22.72,201.64,41.2,77.29,92.54
2024-03-27,12.28,22.7,203.1,41.49,77.51,93.4
2024-03-28,12.41,22.97,205.72,42.01,78.73,94.41
2024-04-01,12.44,23.08,207.82,42.46,79.67,95.11
2024-04-02,12.55,23.29,210.89,43.09,80.79,96.44
2024-04-03,12.7,23.57,212.74,43.46,81.25,97.1
2024-04-04,12.76,23.63,211.52,43.22,82.27,97.04
2024-04-05,12.82,23.75,215.14,43.95,82.4,98.08
2024-04-08,12.8,23.74,216.48,44.23,82.2,97.46
2024-04-09,12.81,23.61,217.67,44.47,81.15,97.49
2024-04-10,12.76,23.73,215.61,44.04,82.09,97.79
2024-04-11,12.7,23.69,219.8,44.89,81.55,97.72
2024-04-12,12.79,23.72,216.89,44.3,81.53,96.13
2024-04-15,12.77,23.75,220.95,45.13,81.65,95.23
2024-04-16,12.75,23.71,221.22,45.18,81.33,94.4
2024-04-17,12.68,23.34,219.59,44.86,78.91,94.13
2024-04-18,12.65,23.33,220.34,45.0,78.78,93.84
2024-04-19,12.77,23.44,221.03,45.14,78.85,94.97
2024-04-22,12.75,23.44,215.57,44.04,78.78,95.59
2024-04-23,12.78,23.54,215.04,43.91,79.98,96.12
2024-04-24,12.74,23.51,214.64,43.86,79.64,96.19
2024-04-25,12.76,23.64,215.92,44.11,80.44,96.63
2024-04-26,12.77,23.66,216.62,44.26,80.39,95.74
2024-04-29,12.83,23.64,216.18,44.16,79.5,96.39
2024-04-30,12.6,23.34,211.87,43.3,78.38,93.52
2024-05-01,12.44,23.0,213.79,43.69,75.93,92.03
2024-05-02,12.52,23.08,213.13,43.55,75.93,92.56
2024-05-03,12.6,23.11,212.96,43.52,75.13,92.57
2024-05-06,12.75,23.37,215.2,43.95,75.66,93.3
2024-05-07,12.75,23.35,214.21,43.76,75.5,93.21
2024-05-08,12.68,23.23,213.58,43.65,76.11,93.1
2024-05-09,12.76,23.32,216.95,44.33,76.52,94.35
2024-05-10,12.77,23.28,218.71,44.68,75.3,93.83
2024-05-13,12.83,23.43,216.26,44.2,76.13,93.58
2024-05-14,12.82,23.33,218.09,44.57,75.21,93.7
2024-05-15,12.94,23.41,220.89,45.13,75.88,93.91
2024-05-16,12.96,23.47,220.03,44.97,76.25,93.65
2024-05-17,13.15,23.71,223.66,45.69,76.97,94.96
2024-05-20,13.33,23.92,224.56,45.89,76.73,94.34
2024-05-21,13.32,23.82,224.23,45.82,76.16,93.88
2024-05-22,13.22,23.48,220.11,44.99,74.87,92.08
2024-05-23,13.05,23.36,215.72,44.07,74.45,91.24
2024-05-24,13.06,23.52,215.92,44.12,75.35,91.37
2024-05-28,13.27,23.94,218.19,44.57,77.66,92.31
2024-05-29,13.13,23.69,216.16,44.16,76.57,90.68
2024-05-30,12.97,23.38,216.57,44.24,75.53,90.94
2024-05-31,12.86,23.27,215.3,43.99,74.82,93.2
2024-06-03,12.82,22.94,217.22,44.39,71.83,90.76
2024-06-04,12.64,22.71,215.27,43.98,71.09,89.89
2024-06-05,12.72,22.79,217.82,44.49,71.89,89.88
2024-06-06,12.91,23.09,219.43,44.84,73.26,90.35
2024-06-07,12.67,22.76,211.6,43.24,73.02,89.99
2024-06-10,12.74,23.09,213.54,43.63,75.46,90.67
2024-06-11,12.79,23.06,214.15,43.77,75.51,90.49
2024-06-12,12.86,23.14,214.72,43.88,75.98,89.52
2024-06-13,12.72,23.16,212.97,43.53,75.74,88.7
2024-06-14,12.65,23.07,215.73,44.08,76.08,88.04
2024-06-17,12.6,23.15,214.61,43.85,77.79,88.27
2024-06-18,12.73,23.34,215.47,44.03,78.67,88.64
2024-06-20,12.75,23.39,218.16,44.58,79.41,90.27
2024-06-21,12.62,23.2,214.78,43.89,78.65,89.75
2024-06-24,12.73,23.39,215.63,44.08,79.7,91.28
2024-06-25,12.6,23.17,214.56,43.85,78.9,91.49
2024-06-26,12.56,23.21,212.58,43.46,78.75,90.59
2024-06-27,12.61,23.33,214.99,43.96,79.92,90.8
2024-06-28,12.58,23.23,215.01,43.93,79.59,91.15
2024-07-01,12.63,23.53,215.57,44.06,81.54,91.2
2024-07-02,12.63,23.56,215.56,44.06,81.11,91.13
2024-07-03,12.76,23.69,217.99,44.55,81.27,91.53
2024-07-05,12.82,23.78,220.93,45.15,81.31,90.1
2024-07-08,12.69,23.46,218.19,44.6,80.42,89.55
2024-07-09,12.6,23.3,218.56,44.66,79.77,88.76
2024-07-10,12.56,23.3,219.36,44.83,80.48,89.36
2024-07-11,12.6,23.38,223.25,45.63,80.94,90.29
2024-07-12,12.61,23.29,223.11,45.61,80.25,90.52
2024-07-15,12.5,23.12,223.83,45.76,80.12,91.89
2024-07-16,12.48,23.06,228.29,46.66,79.06,92.3
2024-07-17,12.46,23.06,227.23,46.44,80.62,93.22
2024-07-18,12.43,22.89,225.78,46.15,79.9,93.39
2024-07-19,12.22,22.58,221.73,45.32,78.0,92.37
2024-07-22,12.28,22.64,221.8,45.33,77.62,91.79
2024-07-23,12.2,22.43,222.58,45.49,76.62,90.33
2024-07-24,12.19,22.42,221.8,45.31,76.81,90.34
2024-07-25,12.14,22.47,218.33,44.62,77.46,91.9
2024-07-26,12.06,22.24,220.63,45.08,76.11,92.19
2024-07-29,11.99,22.14,220.32,45.02,75.19,91.4
2024-07-30,11.98,22.07,222.52,45.49,74.46,92.82
2024-07-31,12.17,22.58,226.55,46.3,77.74,93.21
2024-08-01,12.08,22.31,225.77,46.14,76.29,90.74
2024-08-02,11.96,21.9,225.34,46.05,73.39,88.4
2024-08-05,11.84,21.86,222.48,45.48,73.22,86.45
2024-08-06,11.86,21.68,220.7,45.1,72.45,86.98
2024-08-07,11.94,21.88,220.55,45.06,74.69,87.33
2024-08-08,11.99,22.08,224.01,45.77,75.36,89.21
2024-08-09,12.01,22.21,224.56,45.89,76.22,89.41
2024-08-12,12.17,22.52,228.41,46.67,78.63,89.85
2024-08-13,12.05,22.31,228.06,46.6,77.64,88.98
2024-08-14,12.02,22.17,226.2,46.23,76.59,89.5
2024-08-15,12.08,22.35,226.91,46.37,77.41,90.57
2024-08-16,12.04,22.21,231.99,47.4,76.32,90.47
2024-08-19,12.09,22.09,231.61,47.35,74.38,91.08
2024-08-20,12.09,22.0,232.46,47.51,73.83,88.68
2024-08-21,12.05,21.89,232.15,47.46,72.6,88.83
2024-08-22,11.97,21.87,229.37,46.88,73.58,89.06
2024-08-23,12.17,22.26,232.02,47.43,75.55,90.39
2024-08-26,12.29,22.49,232.76,47.58,77.83,91.2
2024-08-27,12.31,22.38,233.39,47.71,76.49,90.35
2024-08-28,12.19,22.11,231.75,47.38,75.48,89.77
2024-08-29,12.28,22.36,232.95,47.62,76.77,90.94
2024-08-30,12.16,22.11,231.29,47.28,74.34,91.28
2024-09-03,12.04,21.67,230.29,47.09,71.09,89.01
2024-09-04,12.0,21.51,230.43,47.11,69.61,87.78
2024-09-05,12.03,21.56,232.35,47.51,69.89,87.1
2024-09-06,11.85,21.27,230.63,47.15,68.93,86.01
2024-09-09,11.94,21.33,231.6,47.35,69.27,86.63
2024-09-10,11.83,21.02,232.62,47.55,66.96,85.14
2024-09-11,11.95,21.21,232.25,47.48,67.85,84.35
2024-09-12,12.05,21.62,236.33,48.32,69.89,85.11
2024-09-13,12.14,21.66,238.68,48.8,69.84,85.59
2024-09-16,12.23,21.82,238.66,48.77,70.88,86.57
2024-09-17,12.27,21.97,237.34,48.53,71.72,87.74
2024-09-18,12.28,21.83,235.51,48.15,70.66,87.91
2024-09-19,12.41,22.22,239.17,48.89,72.75,88.96
2024-09-20,12.45,22.22,242.21,49.52,72.92,88.76
2024-09-23,12.54,22.23,242.68,49.6,72.25,89.12
2024-09-24,12.71,22.6,246.07,50.31,73.29,88.9
2024-09-25,12.68,22.41,245.73,50.25,71.48,87.16
2024-09-26,12.63,22.21,246.98,50.5,69.01,85.45
2024-09-27,12.69,22.32,245.02,50.09,70.27,87.19
2024-09-30,12.69,22.27,243.06,49.7,69.92,87.8
2024-10-01,12.82,22.66,245.61,50.21,72.11,89.8
2024-10-02,12.86,22.85,245.66,50.22,72.76,90.72
2024-10-03,12.95,23.18,245.49,50.2,75.73,92.32
2024-10-04,12.88,23.24,245.0,50.08,76.35,93.18
2024-10-07,12.9,23.56,244.17,49.92,79.2,93.51
2024-10-08,12.65,23.01,242.37,49.54,75.79,91.07
2024-10-09,12.55,22.81,241.05,49.27,75.25,91.62
2024-10-10,12.72,23.26,242.82,49.65,77.77,92.24
2024-10-11,12.76,23.28,245.47,50.16,77.49,92.81
2024-10-14,12.61,22.92,245.07,50.1,75.93,92.77
2024-10-15,12.49,22.48,245.92,50.28,72.76,89.78
2024-10-16,12.47,22.42,247.15,50.53,72.4,90.21
2024-10-17,12.47,22.45,248.63,50.84,72.62,90.64
2024-10-18,12.47,22.33,251.27,51.37,71.38,90.34
2024-10-21,12.51,22.4,251.22,51.38,72.26,90.07
2024-10-22,12.65,22.79,253.93,51.92,73.98,90.28
2024-10-23,12.56,22.66,250.87,51.29,73.55,89.81
2024-10-24,12.58,22.65,252.8,51.68,73.06,89.8
2024-10-25,12.62,22.81,253.32,51.8,74.23,89.77
2024-10-28,12.36,22.2,253.33,51.78,70.43,89.2
2024-10-29,12.4,22.16,256.09,52.36,69.66,87.84
2024-10-30,12.45,22.44,257.5,52.65,71.36,88.04
2024-10-31,12.35,22.59,253.51,51.84,73.08,88.59
2024-11-01,12.33,22.35,252.47,51.62,72.02,88.03
2024-11-04,12.42,22.73,252.83,51.7,74.29,89.57
2024-11-05,12.45,22.87,253.4,51.81,74.73,90.17
2024-11-06,12.36,22.62,245.7,50.23,74.54,93.56
2024-11-07,12.56,22.85,249.65,51.06,74.66,93.13
2024-11-08,12.4,22.5,247.96,50.7,73.13,93.75
2024-11-11,12.26,22.14,242.14,49.51,70.94,94.28
2024-11-12,12.17,22.02,240.05,49.08,70.69,93.78
2024-11-13,12.16,21.95,237.63,48.59,70.73,94.51
2024-11-14,12.03,21.93,237.01,48.46,71.29,94.87
2024-11-15,12.04,21.82,236.59,48.37,69.75,94.73
2024-11-18,12.26,22.32,241.09,49.29,72.07,95.99
2024-11-19,12.3,22.39,243.25,49.74,72.31,95.38
2024-11-20,12.36,22.38,244.62,50.03,72.02,96.34
2024-11-21,12.41,22.54,246.66,50.44,73.2,97.12
2024-11-22,12.43,22.56,249.84,51.08,74.25,97.27
2024-11-25,12.34,22.24,242.48,49.59,72.1,95.35
2024-11-26,12.37,22.24,242.95,49.69,71.61,95.22
2024-11-27,12.32,22.12,243.49,49.78,71.72,95.12
2024-11-29,12.38,22.14,245.59,50.25,71.61,95.53
2024-12-02,12.25,21.98,243.44,49.79,71.04,94.52
2024-12-03,12.31,22.23,243.93,49.89,73.04,94.51
2024-12-04,12.29,22.11,244.67,50.04,71.88,92.23
2024-12-05,12.28,22.08,242.86,49.67,71.47,92.59
2024-12-06,12.32,21.91,242.95,49.68,70.24,91.02
2024-12-09,12.44,22.12,245.36,50.17,71.17,90.87
2024-12-10,12.49,22.17,248.59,50.83,71.4,90.25
2024-12-11,12.6,22.45,250.96,51.3,73.33,90.4
2024-12-12,12.51,22.36,247.28,50.57,73.21,89.67
2024-12-13,12.45,22.35,244.29,49.98,74.21,89.22
2024-12-16,12.39,22.23,244.88,50.06,73.7,87.26
2024-12-17,12.3,22.08,243.94,49.91,73.3,86.61
2024-12-18,12.22,21.88,239.26,48.93,72.94,84.05
2024-12-19,12.1,21.88,239.6,49.0,72.61,83.32
2024-12-20,12.24,22.02,242.1,49.5,73.1,84.14
2024-12-23,12.23,20.92,240.96,49.27,73.06,83.93
2024-12-24,12.32,21.04,241.44,49.39,73.65,84.64
2024-12-26,12.26,20.98,243.07,49.72,73.13,84.57
2024-12-27,12.27,21.08,241.4,49.37,73.85,84.56
2024-12-30,12.37,21.27,240.63,49.22,74.82,84.55
2024-12-31,12.38,21.38,242.13,49.51,75.55,85.66
2025-01-02,12.51,21.59,245.42,50.19,76.93,86.66
2025-01-03,12.37,21.48,243.49,49.79,77.92,87.47
2025-01-06,12.46,21.52,243.19,49.74,77.3,87.07
2025-01-07,12.48,21.62,244.56,50.01,78.17,87.94
2025-01-08,12.46,21.58,245.86,50.29,77.3,88.03
2025-01-10,12.78,22.16,248.21,50.78,80.64,88.39
2025-01-13,12.86,22.32,245.74,50.25,82.23,90.25
2025-01-14,12.79,22.31,247.03,50.53,81.67,91.22
2025-01-15,13.02,22.67,248.88,50.91,84.34,92.57
2025-01-16,13.06,22.57,250.6,51.25,82.94,93.24
2025-01-17,13.0,22.47,249.27,50.99,82.52,93.96
2025-01-21,12.94,22.36,253.13,51.75,81.11,93.48
2025-01-22,12.98,22.34,254.43,52.03,80.43,91.78
2025-01-23,12.96,22.26,254.07,51.98,79.21,92.2
2025-01-24,12.97,22.27,255.65,52.31,79.6,91.31
2025-01-27,12.78,21.93,252.99,51.76,77.93,90.36
2025-01-28,12.83,21.95,255.18,52.18,78.86,89.5
2025-01-29,12.91,21.99,254.2,52.0,77.78,89.7
2025-01-30,12.93,22.01,258.05,52.76,77.75,90.16
2025-01-31,12.9,21.97,258.56,52.87,78.02,87.64
2025-02-03,13.07,22.14,259.94,53.17,77.82,88.19
2025-02-04,13.14,22.2,262.5,53.69,77.51,90.04
2025-02-05,13.14,22.06,264.13,54.02,76.09,90.23
2025-02-06,13.14,22.07,263.43,53.89,75.45,88.57
2025-02-07,13.12,22.08,263.9,53.97,75.86,88.56
2025-02-10,13.29,22.4,268.37,54.88,77.4,90.51
2025-02-11,13.32,22.57,267.39,54.69,78.27,91.24
2025-02-12,13.27,22.32,267.67,54.75,76.32,89.04
2025-02-13,13.33,22.43,270.31,55.28,76.39,89.71
2025-02-14,13.36,22.44,266.29,54.46,75.82,90.07
2025-02-18,13.51,22.77,270.7,55.37,76.96,91.3
2025-02-19,13.55,22.95,270.85,55.42,77.45,92.02
2025-02-20,13.6,22.98,270.99,55.44,77.76,92.86
2025-02-21,13.5,22.66,270.74,55.39,75.35,90.93
2025-02-24,13.41,22.58,272.21,55.68,75.97,90.95
2025-02-25,13.33,22.33,268.62,54.97,74.13,89.64
2025-02-26,13.28,22.14,269.03,55.04,73.85,89.13
2025-02-27,13.26,22.17,264.93,54.2,75.28,89.61
2025-02-28,13.1,22.0,263.27,53.87,75.22,91.0
2025-03-03,13.2,21.86,266.74,54.57,73.32,87.82
2025-03-04,13.23,21.93,269.06,55.04,73.31,86.97
2025-03-05,13.27,21.87,269.62,55.17,71.42,85.7
2025-03-06,13.27,21.76,268.25,54.87,71.13,85.96
2025-03-07,13.32,21.95,268.39,54.91,72.09,87.43
2025-03-10,13.31,21.81,266.04,54.43,70.89,88.08
2025-03-11,13.33,21.93,269.16,55.07,71.45,87.38
2025-03-12,13.29,21.93,270.33,55.3,72.8,87.78
2025-03-13,13.29,21.85,275.13,56.27,71.62,87.18
2025-03-14,13.27,21.97,275.24,56.29,72.28,89.76
2025-03-17,13.32,22.12,276.73,56.62,72.71,91.19
2025-03-18,13.36,22.07,279.96,57.27,72.21,91.34
2025-03-19,13.44,22.21,281.11,57.51,72.42,92.83
2025-03-20,13.43,22.25,280.75,57.44,73.73,93.17
2025-03-21,13.38,22.12,278.49,56.97,73.79,92.52
2025-03-24,13.35,22.2,277.25,56.7,74.88,92.85
2025-03-25,13.38,22.23,278.47,56.99,74.82,93.23
2025-03-26,13.38,22.2,278.24,56.92,75.42,93.78
