date,Fidelity U.S. Sustainability Equity Fund,iShares ESG Aware Equity ETF,Parnassus Core Equity Fund,Nuveen ESG Equity Fund,Pax World ESG Equity Fund,iShares MSCI KLD 400 Social ETF
2016-04-01,8.36202890463548,44.45070740918496,41.81736331981045,21.39485974451929,21.7219637269383,37.25679320823844
2016-04-04,8.35286928936819,44.39692652567463,41.7422200530213,21.37573544602779,21.70686158747712,37.21074127980368
2016-04-05,8.312497377221105,44.17050729730889,41.50806279602567,21.27248295152998,21.64422344088572,37.01735385440068
2016-04-06,8.340049772500985,44.31978006868395,41.62018447159048,21.35226228716671,21.68510837407363,37.14458626105207
2016-04-07,8.390803024290545,44.59735955140049,41.850240962332,21.49464906971255,21.76128135040608,37.38132344764948
2016-04-08,8.38587398001466,44.56697595614829,41.79672143870124,21.48693373716143,21.75262919720963,37.3552386547455
2016-04-11,8.244829064623332,43.78377558310838,41.05126304447214,21.11191921808811,21.53707434220411,36.68663469431434
2016-04-12,8.409832620327467,44.69260438995077,41.8613488043086,21.56235940338405,21.78850004874874,37.46190261434288
2016-04-13,8.322544317852746,44.20672743411352,41.38971703268923,21.33226751759941,21.65481537086638,37.04704493173065
2016-04-14,8.448056252394917,44.89743717273779,41.99826483374977,21.67660876116002,21.84503048222425,37.63630679405547
2016-04-15,8.505089108826631,45.20973023696558,42.25892069117447,21.83635097017889,21.9302845234485,37.9027205406735
2016-04-18,8.520437299318534,45.29147171684689,42.30798421107344,21.88352082411058,21.95230501562842,37.97234748543639
2016-04-19,8.497491959730413,45.16137246683141,42.16301670958907,21.82714148923498,21.91649145896503,37.86112583928543
2016-04-20,8.509477187372884,45.22450217396492,42.19501818130526,21.86523134503887,21.93343612407342,37.91486287747481
2016-04-21,8.47007328399803,45.00340274108726,41.96704522450032,21.76428212813222,21.87274953966393,37.72596045453108
2016-04-22,8.491890981879235,45.12089294361827,42.04878496215296,21.82897412563597,21.90459780594804,37.82609619265698
2016-04-25,8.533904745389169,45.3500547567246,42.23240345270924,21.94837951491125,21.96693488213553,38.02156277429577
2016-04-26,8.465049804863474,44.96609409254054,41.85613836125005,21.76758374155786,21.86190258382927,37.69361631508614
2016-04-27,8.472442806666711,45.00381760326098,41.86497699226713,21.79325751295076,21.871924471927,37.72566252474472
2016-04-28,8.567913885367089,45.52842266325865,42.31770915505,22.05753858735252,22.01518226165544,38.17330332800121
2016-04-29,8.46368567751916,44.94885474483392,41.76386095755696,21.78068368976775,21.857070824114,37.67833568154865
2016-05-02,8.580280724045984,45.59011344481416,42.32231641490596,22.10232854662146,22.03234750839873,38.22553217465052
2016-05-03,8.597097021882455,45.67991030760366,42.37815712199337,22.15368751697143,22.05647537785496,38.30204239496291
2016-05-04,8.569702870090907,45.5252367696957,42.21161884756037,22.08509931932919,22.01411387204514,38.1698262274932
2016-05-05,8.465894922104725,44.94815311600212,41.66137994616874,21.80909815130391,21.85667549110826,37.67698996386356
2016-05-06,8.597110026502943,45.67001413241615,42.29169751964468,22.17074373342009,22.05402128871591,38.29297264419393
2016-05-09,8.507105284102286,45.16923986101904,41.81134042513994,21.93206143077389,21.91754604544055,37.86526476794077
2016-05-10,8.494377671107381,45.09575239610006,41.71911771839945,21.90320113192,21.89716109893337,37.80238117122896
2016-05-11,8.422557672622538,44.69580123878495,41.33097430137779,21.71385975498582,21.78750165298123,37.4608382939835
2016-05-12,8.182996021683806,43.36967891134489,40.10380472084004,21.06908544776186,21.42320019901874,36.32892869258402
2016-05-13,8.184995939849566,43.37767575490252,40.08654537027704,21.07997987026662,21.42512516141932,36.33560156890462
2016-05-16,8.122983876541412,43.03262848557782,39.74951915765751,20.9172616524703,21.328861612944,36.04114452584052
2016-05-17,8.186061752476867,43.37737665587193,40.03734488635767,21.09375263286758,21.42477917388926,36.33500722133599
2016-05-18,8.225212925516091,43.59024162585681,40.20544757298847,21.20547423681461,21.4836810735347,36.51642114733586
2016-05-19,8.179156620775908,43.33318300993694,39.94849338627835,21.08593548168935,21.4120422139034,36.29699692891781
2016-05-20,8.278973679627816,43.88049692593302,40.41861590421936,21.36241081109659,21.56402469017409,36.76366465021487
2016-05-23,8.249294678397886,43.71372201189551,40.24335254642485,21.28730900567389,21.5175743714181,36.62123713487285
2016-05-24,8.142731362291595,43.12300275958614,39.68574713506169,21.00324246198644,21.35354299525159,36.11717535156048
2016-05-25,8.224891674195993,43.57279961403405,40.0672118178814,21.23187808533116,21.47866006309387,36.50062940322845
2016-05-26,8.3886896005087,44.47280207685693,40.85387078179905,21.68268484706142,21.7281694828452,37.26817332291343
2016-05-27,8.46466370477269,44.8888553756552,41.20350567756476,21.89512204910012,21.84232522418244,37.62304027265994
2016-05-30,8.375045726969491,44.3911286013586,40.73054421760326,21.65668336460233,21.70564814276864,37.19810585597067
2016-05-31,8.41216806431062,44.59279154445594,40.88700961977359,21.76340013189667,21.76086829777185,37.37002599728394
2016-06-01,8.552641202762935,45.36461265725228,41.55563782347529,22.15178091547784,21.97264526445764,38.02849262148864
2016-06-02,8.508941801689119,45.12022059033493,41.31082156117392,22.03833733605907,21.9056843293308,37.81972634284148
2016-06-03,8.47915101502796,44.95266643200198,41.13521836031742,21.96280298751986,21.85957310851517,37.67656392824204
2016-06-06,8.460201454678678,44.84497262650923,41.01349165251087,21.91681584528516,21.82977933754309,37.58449982899085
2016-06-07,8.375252276037012,44.37322652215478,40.56556376574268,21.69074943399776,21.70016869552393,37.18175743165525
2016-06-08,8.447169942004658,44.76665337386511,40.89329225318181,21.89253386752505,21.80820321599575,37.51729072739591
2016-06-09,8.492228541477457,45.01202924407645,41.08799248924316,22.02120134116504,21.87520713239163,37.72653340428934
2016-06-10,8.49007664796092,44.9970105890828,41.0494471829189,22.02104370620314,21.87079162415717,37.71356200887169
2016-06-13,8.436042040079716,44.69583116763891,40.75506663438605,21.87916557617588,21.7880571120204,37.45636991629438
2016-06-14,8.507468427297319,45.08653138768417,41.07933302231611,22.07993523346154,21.8949956306059,37.78961384003849
2016-06-15,8.46335112162659,44.84005961085926,40.83412778185308,21.96508650575196,21.82729299161403,37.579105413161
2016-06-16,8.48418962069249,44.9518198483853,40.90892720619431,22.02774636328964,21.85762137949848,37.67432546759096
2016-06-17,8.335902755839612,44.13104307895006,40.15181829874189,21.62801301163612,21.63258951398058,36.97371396927357
2016-06-20,8.390058124640762,44.42632338911175,40.39059712994931,21.78160350361341,21.71379003601923,37.22547141472358
2016-06-21,8.5587935037435,45.35303785636343,41.19169843983991,22.24858851173038,21.96853045063488,38.01600668287367
2016-06-22,8.515196082141628,45.10944387033854,40.9496811853422,22.13501439630408,21.9017827256165,37.80793691152447
2016-06-23,8.525346007794633,45.16224522898058,40.97163677659976,22.16854889601061,21.91591217782395,37.85284575590997
2016-06-24,8.548643469462819,45.28752304394487,41.0579935779158,22.23810490278744,21.94983793118081,37.95961076005143
2016-06-27,8.499026730326948,45.01081049938156,40.78702051851262,22.10795242187625,21.87401243744096,37.72328273364388
2016-06-28,8.557742173617928,45.33126915012511,41.04671083908949,22.27454001826633,21.96139825295586,37.99660766240351
2016-06-29,8.509234856493002,45.06069623640533,40.78149829128334,22.147360114429,21.88728059838379,37.76551764028198
2016-06-30,8.43319562384252,44.63849630934456,40.38206677934341,21.94468747159032,21.77150041664373,37.40505522739238
2016-07-01,8.444670292218639,44.69858222078034,40.41066576935046,21.98183182700859,21.78769778890499,37.45617147336075
2016-07-04,8.534177907331207,45.18850362198243,40.82009050720491,22.23290981276979,21.92186094745879,37.87405595369435
2016-07-05,8.504530638605496,45.02197360875148,40.64770455018014,22.15734474011138,21.8760647002819,37.73177833214679
2016-07-06,8.387512579032855,44.37414225381049,40.04960222348027,21.84202922545536,21.69851151957086,37.17877938704805
2016-07-07,8.445961465676083,44.69284208226463,40.30705130024418,22.00799479090928,21.78596001547535,37.45052573137585
2016-07-08,8.310365209086658,43.94300046950881,39.61960405915116,21.6416114907283,21.579838347861,36.81056712334782
2016-07-11,8.490289153796608,44.9300216661626,40.46761546963888,22.14067544385185,21.85247139051755,37.65233180158408
2016-07-12,8.503188341090288,44.99791730189603,40.5028228867962,22.18185034257696,21.87076035029306,37.71011534003534
2016-07-13,8.47261896766313,44.82641856860471,40.32677367842275,22.10362982036819,21.82351878903052,37.56361419889133
2016-07-14,8.46114607259763,44.76011322190068,40.24366642286828,22.07784923796666,21.80503726570007,37.50688400908288
2016-07-15,8.408798113814967,44.46879125372354,39.96235375858289,21.93973395414939,21.72482052537945,37.25815935246587
2016-07-18,8.472907802247175,44.81850880969443,40.24596357292533,22.12158879663678,21.82072070991188,37.55636868917636
2016-07-19,8.455441394328657,44.71922409191214,40.13398652325495,22.07930882921144,21.79319711659084,37.4714992463763
2016-07-20,8.511705376603377,45.02577128398931,40.37910817956389,22.23976718196246,21.87701230108727,37.73290149509656
2016-07-21,8.591567092031816,45.46226600004574,40.73810037444903,22.46529409388306,21.9961272807086,38.10522247111383
2016-07-22,8.6862426702582,45.98044253166797,41.16830679336958,22.73183776870836,22.13699126446793,38.54731934629054
2016-07-25,8.737737867193818,46.26090442775746,41.38926769225743,22.87966277112276,22.21271334970765,38.78657854691873
2016-07-26,9.048086050095828,47.96761550180724,42.86060371280023,23.74141769801722,22.67384918272227,40.24350977586023
2016-07-27,9.097170757991318,48.23506454724291,43.06863615784705,23.88321939681844,22.74471791923876,40.47182544612435
2016-07-28,9.146418254048298,48.50343373668257,43.27717858018027,24.02558191191647,22.81565653811066,40.70094854140398
2016-07-29,9.196035377401412,48.77386464726158,43.48722801122069,24.16907802114207,22.88696700659424,40.93185459420963
2016-08-01,9.125460060494154,48.38090759373134,43.11725360806063,23.9800145910799,22.78281798124493,40.59588974070286
2016-08-02,9.01923726635686,47.7914452321538,42.57601616242127,23.69227994362855,22.62619819015123,40.09208112960847
2016-08-03,9.111976633470563,48.29950454695651,42.99361693046256,23.95498768037206,22.76132282646429,40.52590967812138
2016-08-04,9.208072565902617,48.82622050779063,43.42687854650838,24.22726133814135,22.90077187906014,40.97575785490266
2016-08-05,9.2618223413052,49.11941055754426,43.65592569759447,24.38248626764533,22.97788379221387,41.22613365907741
2016-08-08,9.29893427259342,49.32080212765757,43.80468119736484,24.49170861091019,23.03061108027348,41.39808097607028
2016-08-09,9.210369636327917,48.82850185281127,43.34936322733135,24.25241420305451,22.90084618056993,40.9771478794456
2016-08-10,9.22239759338476,48.89144612677671,43.37764328543326,24.29206659287905,22.91714915635199,41.03076862768292
2016-08-11,9.242383550291583,48.99828961731929,43.44404545993986,24.35381539236173,22.94502897605862,41.12190411454486
2016-08-12,9.175949722865104,48.62833613978017,43.09600030435544,24.17578652674723,22.84715814615032,40.80558285900276
2016-08-15,9.214995186513464,48.84027569684693,43.25375893160057,24.29040256174081,22.90290864554889,40.98650928492953
2016-08-16,9.236581575831307,48.95592336595187,43.32771066942644,24.35663445623867,22.93312541099487,41.08516535705366
2016-08-17,9.140052342775292,48.42005802056181,42.83640096205749,24.09489244585429,22.79145778506377,40.62707299860465
2016-08-18,9.164834746640976,48.55329843428572,42.9257565472932,24.16995150330357,22.82645411202432,40.74074483653781
2016-08-19,9.242759359383957,48.97952455049545,43.26885939303109,24.39265215121938,22.93896745578712,41.10475293160935
2016-08-22,9.212768627767112,48.8107047514937,43.09624608129033,24.31563343889052,22.89412684458845,40.96032084724314
2016-08-23,9.094134958697117,48.15317951566528,42.50090395704256,23.99219991400347,22.72014889173166,40.39830504954353
2016-08-24,9.031805762044568,47.80635311019189,42.17490135230054,23.82525799060773,22.62768641796799,40.10185576510717
2016-08-25,9.032929784413046,47.80920047493172,42.15159072886665,23.83456797838598,22.62812914380363,40.10412442816678
2016-08-26,9.078527142403573,48.05701049224552,42.33997427597945,23.9674638578237,22.69385641170564,40.3156289959279
2016-08-29,9.14406205853594,48.41466972519506,42.62294796608339,24.15589244304784,22.7886424101509,40.62098841689099
2016-08-30,9.132781070850625,48.34912401389383,42.54034389488858,24.13078155521116,22.77095163039335,40.56482434070299
2016-08-31,9.179642889746056,48.60392208495901,42.73407771326878,24.2674449830652,22.83820477688455,40.78233772145619
2016-09-01,9.098179968105326,48.15164860193352,42.3182147749871,24.04695016604046,22.71822118385893,40.39575049936155
2016-09-02,9.034972890540203,47.8001507603154,41.98958008876514,23.87726090402886,22.62452258188025,40.09531998216096
2016-09-05,9.09299767553447,48.116280072768,42.23610145883298,24.04495353154697,22.70846007889149,40.36517164042881
2016-09-06,9.323111583507194,49.38011722509544,43.29762624786432,24.69202209320609,23.04400437403526,41.4446116399659
2016-09-07,9.308146966366422,49.29417782850599,43.19731170530158,24.6566957201533,23.02109992337582,41.37099691689905
2016-09-08,9.437404220240756,50.00309963988192,43.77980566691128,25.02368239440065,23.20720249906609,41.97666770392284
2016-09-09,9.445882032406503,50.04634793743453,43.79016530311257,25.05385445696362,23.21818059327121,42.01346572845419
2016-09-12,9.523708094797716,50.47196161489602,44.12841172843599,25.27774922759678,23.32904086719359,42.37711780099848
2016-09-13,9.554905815558875,50.64049304615035,44.24586600575593,25.37151739979575,23.3725782038013,42.52103081858607
2016-09-14,9.591759003440124,50.84021663560496,44.38986263701329,25.48116256496637,23.42415693524138,42.69162062707698
2016-09-15,9.592583195687496,50.84120642632764,44.36358348418523,25.49008582036292,23.42408644352126,42.69229296488059
2016-09-16,9.529517463655026,50.48979979113121,44.03593415337482,25.32022035769525,23.33259370429985,42.39164808525492
2016-09-19,9.460533681129649,50.10590493098749,43.6808562232574,25.13376691873676,23.23237236471673,42.06326837909336
2016-09-20,9.40363090855752,49.78876439897871,43.38318508399802,24.9810899273296,23.14924783684511,41.79199998036579
2016-09-21,9.390170749850473,49.71111555192314,43.29036002674049,24.94992053012818,23.12859548809512,41.72546213290889
2016-09-22,9.55809499635276,50.63278733714625,44.05057898864624,25.42628133616492,23.36973256614185,42.51303181352279
2016-09-23,9.63640410184099,51.06095440432853,44.38876149360955,25.65226746167838,23.48068389803791,42.87892701435155
2016-09-26,9.679795028265591,51.29665412130181,44.56246365740051,25.78057278586573,23.54138738436727,43.08029764602612
2016-09-27,9.77143458124936,51.79845289467902,44.96248994729425,26.04430072423352,23.67073045626723,43.50924138940262
2016-09-28,9.70676377132435,51.43806198454599,44.62840278917714,25.86953715240942,23.57766503429729,43.200818131423
2016-09-29,9.815743903632104,52.03546559378752,45.10914402797107,26.18212808519924,23.73152610432486,43.71153986233221
2016-09-30,9.893068550865696,52.45841735311394,45.4409437958934,26.40613703239502,23.83980973414292,44.07314317890125
2016-10-03,9.813856288816446,52.01763340789414,45.03894553819097,26.19033303061997,23.72668240570484,43.6958749468954
2016-10-04,9.879616185869375,52.37673034727587,45.31616289269054,26.38195147381854,23.81858079019738,44.00285382947875
2016-10-05,9.781215673182803,51.83017359743622,44.82499128202879,26.11208105466368,23.67829367650018,43.53511537712935
2016-10-06,9.830642805037735,52.09911508078827,45.02556817020909,26.25782340220949,23.74714579989152,43.76496221240636
2016-10-07,10.00369467766873,53.04989842400125,45.80341493404504,26.75142196502465,23.99084006252073,44.57805728600751
2016-10-10,9.947077250319742,52.7337286383468,45.50786932632838,26.59892250793762,23.90999393931173,44.30734540790387
2016-10-11,9.981131031697736,52.91791803537453,45.63585118467651,26.70172897297129,23.95668491224021,44.46474831579322
2016-10-12,10.00982819285513,53.07255244065652,45.73866790699612,26.78951293513138,23.99576901661911,44.59687264147767
2016-10-13,9.956274061642,52.773341672405,45.4579791226685,26.645528062043,23.91925822220088,44.34067291265875
2016-10-14,9.99515075510024,52.98409966435032,45.60813464942103,26.76201894158462,23.97271268576126,44.52080666106311
2016-10-17,10.02553190830526,53.14799507115784,45.7185390762663,26.85463586686807,24.01413307673347,44.66085590484207
2016-10-18,10.0602079117613,53.33558239547237,45.8487582894608,26.95942825014063,24.06152377886145,44.82118402503416
2016-10-19,10.11540856025163,53.63641120058539,46.0742011292415,27.12221506863831,24.13760619259123,45.07842267847495
2016-10-20,10.00288045717475,53.01171047897577,45.52008833105736,26.81151138123182,23.97896925888246,44.54362558991131
2016-10-21,9.899135402854084,52.43582227197758,45.00759731576155,26.52562596506273,23.83195438392723,44.05071208386651
2016-10-24,9.976647352347982,52.85943938307509,45.33647226032205,26.75124856062407,23.9400337255613,44.41290666227587
2016-10-25,10.00781690302992,53.02760641319372,45.45013408618895,26.84621333265826,23.98258534540988,44.55660098198098
2016-10-26,10.03229392779362,53.15886766744701,45.53262813200615,26.92233354108901,24.01567777859934,44.66872602217278
2016-10-27,9.894727923807284,52.39656269456059,44.86483871769586,26.5405463193072,23.82142275372955,44.01629199271458
2016-10-28,10.01907070875766,53.07812978429953,45.40941740516246,26.89868027000242,23.99557049453017,44.59912539275227
2016-10-31,10.04744391175827,53.23084490121564,45.50972206255467,26.98588735993994,24.03411029053189,44.72960631365621
2016-11-01,9.943788032568415,52.65561609287197,44.9998950983346,26.69970216269381,23.88753021239877,44.23723586782078
2016-11-02,10.02449118616429,53.09666804845141,45.34183020949435,26.9348405250294,23.99986167792065,44.61435996136599
2016-11-03,10.00321237361462,52.97566108604341,45.21284255533848,26.88162408108202,23.96872815132343,44.51064566922316
2016-11-04,9.94038334088825,52.62568458212992,44.89245818740593,26.71079547177967,23.87923100642349,44.21104123267738
2016-11-07,10.08705996449409,53.43011959371351,45.53760958916682,27.13280449001639,24.08443299231673,44.89901049178936
2016-11-08,10.01131994559824,53.00887340987337,45.15789726130216,26.92529782553656,23.9771762736274,44.53837718885803
2016-11-09,10.06188814900152,53.28381143048595,45.35986391832928,27.07551758906551,24.0468670269101,44.77341848133266
2016-11-10,9.973375092208782,52.79228430411333,44.92203120275433,26.83171659475325,23.92162476838747,44.35267280452311
2016-11-11,9.987330545461251,52.86546723611167,44.95561484120332,26.87822408604469,23.93996308689448,44.41509833583377
2016-11-14,9.85549759734868,52.13555442247524,44.31977927954328,26.51156357032654,23.7535073554323,43.79048072184427
2016-11-15,9.818457178351569,51.92799206295182,44.11975706014744,26.41351565227354,23.69992592883111,43.61277986965857
2016-11-16,9.834947968446928,52.01512442247022,44.16535496198316,26.46709527778888,23.72198708604647,43.68711829792668
2016-11-17,9.792414098642022,51.77738065102902,43.94051342880052,26.35342400961777,23.66060305016223,43.48361481537447
2016-11-18,9.712607945949877,51.33461650742783,43.54538203733868,26.13408348586674,23.54634413591547,43.10480603357506
2016-11-21,9.912014643668256,52.42783845049332,44.427681161314,26.7059248911282,23.82836987918358,44.03935249113605
2016-11-22,9.972203576292754,52.75548128754541,44.67265958001869,26.88364212568177,23.9118876384649,44.3194183905709
2016-11-23,9.853950248698856,52.10075000544551,44.10196298300549,26.55489429713726,23.74445105375078,43.75915996004051
2016-11-24,9.98627879032639,52.82522964106171,44.67607647160127,26.93733977893609,23.93003578562642,44.37857960379059
2016-11-25,9.912199195836909,52.41372727563045,44.30767173042334,26.73389514888549,23.82473563092254,44.02638213486737
2016-11-28,9.99063645670866,52.84169489958243,44.63518472549693,26.96362690871066,23.93394143996925,44.39225040618341
2016-11-29,10.06617246734402,53.25377114634755,44.94906899985833,27.18532253608937,24.03870362893342,44.74457573221406
2016-11-30,10.17775624968241,53.86438111902434,45.42674442650647,27.50974116060678,24.19357005532146,45.26680488072878
2016-12-01,10.07846249705229,53.31373571859962,44.94382642710123,27.23424417316051,24.05396642400694,44.79541637027542
2016-12-02,10.0831804654873,53.33597896655324,44.93474019771428,27.25474312843225,24.05928126787704,44.81426436464419
2016-12-05,10.11847066383156,53.52651318407993,45.06461242162412,27.36227758091854,24.10734105399667,44.97709681048656
2016-12-06,10.10882498054487,53.46966744020794,44.99016610575622,27.34191410191637,24.09258799395676,44.92827511394342
2016-12-07,10.34122895818489,54.74521626941819,46.01460493160862,28.01100397373881,24.41587977164494,46.01945233743186
2016-12-08,10.35492220232378,54.81682610386802,46.04547916979036,28.05733926540561,24.43352206246052,46.08056002745951
2016-12-09,10.36053496140627,54.84391302679892,46.03964168145189,28.08064175359019,24.43997906052098,46.1035580421629
2016-12-12,10.18938973479385,53.89725505665021,45.23261576913399,27.59942953509133,24.20209633011458,45.29304761425567
2016-12-13,10.19050926670439,53.89964744882634,45.2069424623313,27.60979056848686,24.20236309395064,45.29491020477993
2016-12-14,10.22213267492782,54.06994420419053,45.3193098601838,27.70719163248253,24.245082736627,45.44044879527069
2016-12-15,10.24620705654424,54.19868377032622,45.39737530166122,27.78310748052437,24.27724922585954,45.55043213188587
2016-12-16,10.42845988099278,55.19816336953656,46.19016698240438,28.31076320559689,24.52900154491485,46.40558201180256
2016-12-19,10.47459643985822,55.44843910910038,46.36720997772579,28.45001878607764,24.5912838030568,46.61964403763502
2016-12-20,10.46754605464348,55.40571989510724,46.3038627804578,28.43724040073528,24.58027207748633,46.58288094825046
2016-12-21,10.40000515752173,55.02979948901591,45.967646241579,28.25138929517898,24.4860208714019,46.26086115431153
2016-12-22,10.37599264392031,54.89372284722041,45.82814739011749,28.19003147332152,24.45158479760872,46.14419079256891
2016-12-23,10.34474497783307,54.71784296886266,45.65622724607935,28.10794721469285,24.40712940666331,45.99345670076416
2016-12-26,10.22081295840641,54.03181619492936,45.06728888418694,27.76061964827981,24.23448161559324,45.40609506472378
2016-12-27,10.20717844575616,53.95302592819098,44.97533701872196,27.72882923105942,24.21424405843988,45.33848889314849
2016-12-28,10.21562178836067,53.99569710696307,44.98271677082449,27.76018605003214,24.22468932902628,45.37481688019091
2016-12-29,10.24764594767524,54.16807305485158,45.09597674124716,27.85904151978786,24.26789696777742,45.52213168250395
2016-12-30,10.2830103265405,54.35882143475167,45.22406423529441,27.96752464732366,24.31567762942164,45.68517574302095
2017-01-02,10.15535426741816,53.65273996361378,44.62067717955829,27.60914725355747,24.13749164057838,45.08073644578356
2017-01-03,10.1273840056229,53.4952025165318,44.46499710366277,27.53623555357122,24.09724661256991,44.94576767537094
2017-01-04,10.10537538709903,53.37047608024319,44.33621362434928,27.48036655539651,24.06527370383215,44.83887789866982
2017-01-05,10.04930300987006,53.05855440473827,44.0551496014731,27.32692068337111,23.98574044641201,44.57185080169765
2017-01-06,10.14491812442735,53.58021169772193,44.45275655538839,27.60783445446092,24.11819262739252,45.0178894773569
2017-01-09,10.16172180498906,53.66882242174557,44.49764641130247,27.66316204338484,24.14031515643706,45.09351588772891
2017-01-10,10.21668473698386,53.96716272067146,44.71289604747808,27.82791975158083,24.21554037710087,45.34858035547086
2017-01-11,10.1758656276091,53.73899851744344,44.50029135732068,27.71805834678803,24.15755385460115,45.15316829251605
2017-01-12,10.21397610034883,53.94468952113526,44.64004098685622,27.83458052898715,24.20928209278682,45.32896810444385
2017-01-13,10.30625480416852,54.44810942992721,45.02106877965652,28.10664112118926,24.33615850397554,45.75952448796669
2017-01-16,10.2676799804896,54.2322183302893,44.81859309676688,28.00315277439286,24.2814837517218,45.57458467866298
2017-01-17,10.200853220466,53.86109672040403,44.49059902108325,27.81848574908188,24.18758073631156,45.2568282572058
2017-01-18,10.16115413248234,53.63918775109408,44.28375254877388,27.71169657140345,24.13112951060243,45.06677983132086
2017-01-19,10.30448838169812,54.42285741988193,44.89081735690846,28.13056321356163,24.32931134394431,45.73704583774176
2017-01-20,10.34571556141189,54.64564875530602,45.04350211256296,28.25639498127919,24.38505301029013,45.92751254133586
2017-01-23,10.33330571104865,54.57361104490472,44.95777731451483,28.22803857511936,24.36661134697153,45.86567494436301
2017-01-24,10.15620058870588,53.59638983901825,44.14127061184207,27.72586057636125,24.12058576040208,45.02919823718867
2017-01-25,10.17253609779169,53.68235353530004,44.18368759884582,27.78002499136283,24.14203291787269,45.10255623723809
2017-01-26,10.15305750903798,53.57162423963479,44.0673623374411,27.73121982056964,24.11365558431453,45.00764167784529
2017-01-27,10.16895645983871,53.65517880508911,44.10779799832264,27.78415352474438,24.13449603984758,45.07893757574303
2017-01-30,10.25225587512393,54.10882481125776,44.44635583062711,28.03105457931204,24.24905809860473,45.46684875218488
2017-01-31,10.01810372072998,52.81896787524123,43.38073457103324,27.36412095377927,23.92322612633229,44.36302427935249
2017-02-01,10.16725577580108,53.6336473347122,44.01002920328174,27.80027385230485,24.13066537777249,45.05959321473966
2017-02-02,10.1719131652546,53.65546330332174,44.00068077054713,27.82090472052521,24.13585510742101,45.07807265337314
2017-02-03,10.3209149812732,54.46964952022238,44.62820191036302,28.25730958227124,24.3417451335014,45.77440951044907
2017-02-06,10.36260644223209,54.69482142335724,44.78175130425169,28.38485747690728,24.39806611950743,45.96690497397744
2017-02-07,10.31042611483616,54.40437799334026,44.52131003207514,28.24170571316889,24.32477203871808,45.71816440161064
2017-02-08,10.35209755553124,54.62940279942887,44.67459008744147,28.36924764596429,24.3810846513388,45.9105283542336
2017-02-09,10.45384996210439,55.18438739233942,45.09212132545355,28.67027406797833,24.52021408466634,46.38526684333456
2017-02-10,10.45522813454302,55.18809816244077,45.06753786062072,28.68170019937782,24.52079991417311,46.38825384766854
2017-02-13,10.59124271537062,55.93140123694621,45.63492600261448,29.08209759393875,24.70642123460402,47.02425552542407
2017-02-14,10.67710589897048,56.39937140927584,45.98127037362732,29.33794342148055,24.82247413588401,47.42469364571549
2017-02-15,10.57029041664926,55.8082432556957,45.48081644279117,29.03646924365137,24.6756312382357,46.91836029303485
2017-02-16,10.47310865993712,55.27037204790269,45.02339952125855,28.76287119021233,24.54137377030724,46.45772002827574
2017-02-17,10.46375776299413,55.21514997709163,44.9517963007468,28.74329573639447,24.52722409131245,46.41026598127701
2017-02-20,10.42672396859465,55.00791730713264,44.75896788212398,28.64362659691484,24.47504654080455,46.2327098324818
2017-02-21,10.52657877201075,55.55230164487175,45.16576722037846,28.93995244329086,24.6110930017361,46.69841698249286
2017-02-22,10.56624117357573,55.76624277780069,45.30865026034304,29.06230162948439,24.66411907684378,46.88135401231916
2017-02-23,10.54503650294854,55.64587525700532,45.18511099302872,29.00842760328192,24.63379823720191,46.77812507585212
2017-02-24,10.47348346339047,55.24903795344696,44.84166746631272,28.80866867948223,24.53453397849614,46.43824570707014
2017-02-27,10.5696060780944,55.77286143556982,45.23096413138981,29.09459352291748,24.66517318548883,46.88638341382952
2017-02-28,10.67611391968694,56.35383629065698,45.6651204794106,29.41090448549581,24.8095031171701,47.38351694604779
2017-03-01,10.74333175708778,56.71913790320243,45.92734531496396,29.61355333076055,24.8997130036169,47.69608599880954
2017-03-02,10.68615381069339,56.40101978795588,45.64680915628878,29.45526260584206,24.82072815444985,47.42349586240081
2017-03-03,10.65739853390604,56.23913089974564,45.49049833938398,29.37944060412263,24.78026531280616,47.28469645295475
2017-03-06,10.69686397263814,56.45192857603525,45.63140511981699,29.50164500551489,24.83271590990121,47.46668668255219
2017-03-07,10.53518245474951,55.5600038297204,44.89688763119034,29.03970526940061,24.61144275631285,46.70283830565538
2017-03-08,10.5760508299598,55.78041546579534,45.0440213176369,29.16588287457826,24.6660761227168,46.89130558440019
2017-03-09,10.68511456854417,56.37514133556201,45.48720453589304,29.49020318161601,24.81381568862951,47.40019469916847
2017-03-10,10.64908303157759,56.17335968981807,45.29983321200026,29.39313430033921,24.76345850123318,47.22724559622487
2017-03-13,10.58828554400175,55.83567940711681,45.00524865725707,29.22404246807615,24.67929009581118,46.93796734231182
2017-03-14,10.45540705034249,55.10255233041256,44.39856979431104,28.84539971821765,24.49648275592383,46.31022285478198
2017-03-15,10.43518919564238,54.98780975536864,44.28082283618954,28.79414867741731,24.46741746995709,46.21183930411512
2017-03-16,10.43245917304759,54.96899212868558,44.2389109563893,28.7936932570117,24.46236084890817,46.19554783272548
2017-03-17,10.45672700685619,55.09821691553663,44.31380956387566,28.87170855643712,24.49440078923889,46.30594221240618
2017-03-20,10.53451736110213,55.52092824632312,44.61994584433369,29.10540075800872,24.59987343255672,46.66749794856611
2017-03-21,10.56144395890447,55.66473121434952,44.70595053680838,29.19130587570038,24.63540684595274,46.79038689920779
2017-03-22,10.44321793900184,55.01236963764448,44.16511517697084,28.85475690562808,24.47249221236857,46.2318241136872
2017-03-23,10.26685590530692,54.04169266483314,43.37433602124746,28.34907330402681,24.2290048429378,45.40099307006304
2017-03-24,10.29420938722831,54.18775039851588,43.46272745781971,28.43597689766151,24.26553900278186,45.52575329834031
2017-03-27,10.18893778298379,53.60727593028543,42.97983745771967,28.13711913590481,24.11883218178281,45.0289777800019
2017-03-28,10.27245989126971,54.06084005507446,43.30999133425337,28.38732841365475,24.23340174920329,45.41673542318981
2017-03-29,10.18251984126876,53.56447478105044,42.89377417068402,28.13295319538953,24.10777600953868,44.99193729134445
2017-03-30,10.18923418133888,53.59748499502627,42.89347096093353,28.15979558853707,24.11580487739344,45.0199874466136
2017-03-31,10.36735856525938,54.56882546999797,43.62916042366082,28.68553903440402,24.36156271206818,45.85059395975991
2017-04-03,10.31921232225641,54.30127951856401,43.39284128974212,28.55269548855414,24.29396611158489,45.62150089850465
2017-04-04,10.30013333369634,54.19299993086548,43.28151672519003,28.50451566859021,24.26634893172816,45.52868214484332
2017-04-05,10.25239846217221,53.92783964956544,43.0475056921108,28.37279948618267,24.1991534410459,45.30166206313489
2017-04-06,10.29513523344802,54.15800887150083,43.20127862103714,28.50472181910715,24.25697313280536,45.49835996491532
2017-04-07,10.19633786339337,53.61334840343203,42.7490449281506,28.22404700492066,24.11927008955551,45.03224770871286
2017-04-10,10.21449952086002,53.70897874545534,42.79765738571238,28.28431988322652,24.1431579152141,45.11385512442968
2017-04-11,10.17234246505155,53.47453704834827,42.58840417258634,28.16872956999238,24.08347948963387,44.9131517184952
2017-04-12,10.0496157989536,52.79939310743826,42.03536610339955,27.81814276238383,23.91192787073846,44.33556215597278
2017-04-13,10.06358417363243,52.87207325060105,42.06639165570637,27.86608670654959,23.93012802581362,44.39752527816604
2017-04-14,10.05095885794975,52.79934519465535,41.98397118558688,27.83650680193927,23.91125860782958,44.33515825361108
2017-04-17,10.19162899542521,53.56467822583691,42.55478141632378,28.25402338865436,24.10608771788884,44.98935602749103
2017-04-18,10.06981316473722,52.89465078268212,42.00705017643504,27.9057135878191,23.93596002115924,44.41613565687418
2017-04-19,9.99523768408019,52.48328429539952,41.66118127162733,27.69531655557414,23.83080621624693,44.06421870929456
2017-04-20,10.03136460362795,52.67702652844976,41.78645796250679,27.80792904698073,23.88000864632674,44.22967262872064
2017-04-21,9.947594602806326,52.21554960255394,41.40212907943869,27.5705958766075,23.761877306705,43.83494307497478
2017-04-24,9.904933235798554,51.97885450975652,41.19288176470075,27.45323509947214,23.70089350678053,43.63243052491173
2017-04-25,9.758626147339518,51.17619605003089,40.5442519975899,27.0333070497176,23.49447926859651,42.94617658824313
2017-04-26,9.597906953963042,50.29548304805463,39.83560181055635,26.5714522481062,23.26648101546654,42.19342667422728
2017-04-27,9.626342440440308,50.44703599298584,39.92890739995882,26.66125739631062,23.30563253212342,42.32271573103957
2017-04-28,9.59343935252775,50.26406282181566,39.76256242438532,26.5722113702619,23.25770918183105,42.16623420555237
2017-05-01,9.560848713357796,50.08284373470833,39.59775591352425,26.48404610068938,23.21016848349863,42.01126270822984
2017-05-02,9.61508673095958,50.37501531496905,39.79997040858705,26.64914740521879,23.28608734649862,42.26065066488329
2017-05-03,9.581897486937995,50.1905333912397,39.63279197515352,26.55919428926453,23.23774348314653,42.1028866328275
2017-05-04,9.655682381933358,50.58923539032254,39.91714845064037,26.78147394683089,23.341361538101,42.44327790576099
2017-05-05,9.800706974004166,51.37643915279764,40.50154752368073,27.21204497991687,23.54555212342267,43.11561187572094
2017-05-08,9.787672660562004,51.30173802432659,40.4190789277869,27.18099908783947,23.52594587510952,43.05160150335951
2017-05-09,9.77465423309166,51.22713760804142,40.33677215039146,27.14998437840485,23.50635391211663,42.98767940905777
2017-05-10,9.916514311669772,51.99726238410181,40.90647315457194,27.57199639516431,23.70501025479942,43.64556167706673
2017-05-11,9.982169470684948,52.35189350463494,41.15491988869166,27.77140272806757,23.79571440340647,43.94849031108912
2017-05-12,9.977522493260745,52.32286851455567,41.10740693628895,27.76499976397734,23.78795324716846,43.92350030449942
2017-05-15,10.03,52.6056,41.299999,27.926,23.86,44.165
2017-05-16,,,,,,
2017-05-17,9.88,52.24,40.540001,27.74,23.7,43.525
2017-05-18,,,,,,
2017-05-19,,,,,,
2017-05-22,10.0,52.42,41.139999,28.189,23.88,44.045
2017-05-23,,,,,,
2017-05-24,10.04,52.68,41.380001,28.2999,23.92,44.305
2017-05-25,,,,,,
2017-05-26,10.1,52.98,41.509998,28.4857,23.98,44.56
2017-05-29,,,,,,
2017-05-30,,,,,,
2017-05-31,,,,,,
2017-06-01,,,,,,
2017-06-02,10.22,53.5,42.16,28.93,24.17,45.11
2017-06-05,10.21,53.51,42.07,28.93,24.13,45.08
2017-06-06,,,,,,
2017-06-07,,,,,,
2017-06-08,10.18,53.347,41.810001,28.81,24.09,44.97
2017-06-09,,,,,,
2017-06-12,,,,,,
2017-06-13,10.24,53.5352,42.049999,28.5175,24.15,45.075
2017-06-14,,,,,,
2017-06-15,10.2,53.3028,42.0,28.6113,24.08,44.91
2017-06-16,10.22,53.37,41.869999,28.3943,24.17,44.925
2017-06-19,,,,,,
2017-06-20,10.22,53.6899,41.959999,28.7199,24.17,44.95
2017-06-21,,,,,,
2017-06-22,,,,,,
2017-06-23,10.25,53.5903,42.150002,28.72,21.71,45.2195
2017-06-26,,,,,,
2017-06-27,10.17,53.0248,41.91,28.4699,21.61,44.65
2017-06-28,,,,,,
2017-06-29,,,,,,
2017-06-30,10.18,53.17,41.779999,28.52,21.58,44.66
2017-07-03,,,,,,
2017-07-04,,,,,,
2017-07-05,,,,,,
2017-07-06,10.12,52.9,41.389999,28.416,21.5,44.31
2017-07-07,,,,,,
2017-07-10,,,,,,
2017-07-11,10.19,53.1,41.52,28.4157,21.58,44.705
2017-07-12,,,,,,
2017-07-13,,,,,,
2017-07-14,,,,,,
2017-07-17,,,,,,
2017-07-18,10.35,53.815,42.200001,29.01,21.82,45.47
2017-07-19,,,,,,
2017-07-20,,,,,,
2017-07-21,,,,,,
2017-07-24,,,,,,
2017-07-25,,,,,,
2017-07-26,10.41,54.2194,42.5,29.2092,21.88,45.755
2017-07-27,10.4,54.241,42.380001,28.9335,21.86,45.68
2017-07-28,,,,,,
2017-07-31,10.41,54.111,42.380001,29.18,21.86,45.68
2017-08-01,,,,,,
2017-08-02,10.41,53.98,42.450001,29.1231,21.9,45.635
2017-08-03,10.4,54.01,42.290001,29.14,21.87,45.575
2017-08-04,,,,,,
2017-08-07,,,,,,
2017-08-08,10.39,54.31,42.099998,29.3,21.82,45.565
2017-08-09,,,,,,
2017-08-10,,,,,,
2017-08-11,10.25,53.41,41.52,28.86,21.64,44.865
2017-08-14,10.35,53.99,41.93,29.13,21.76,45.335
2017-08-15,,,,,,
2017-08-16,10.36,54.0,42.040001,29.07,21.81,45.425
2017-08-17,,,,,,
2017-08-18,,,,,,
2017-08-21,,,,,,
2017-08-22,,,,,,
2017-08-23,10.26,53.57,41.779999,28.8372,21.72,44.925
2017-08-24,10.25,53.6,41.700001,28.8372,21.69,44.87
2017-08-25,10.27,53.62,41.75,28.8372,21.75,44.97
2017-08-28,10.27,53.4999,41.84,28.8999,21.77,44.94
2017-08-29,,,,,,
2017-08-30,10.32,53.91,42.139999,28.72,21.86,45.26
2017-08-31,10.39,54.18,42.41,28.72,21.99,45.53
2017-09-01,10.41,54.2987,42.43,29.32,21.98,45.66
2017-09-04,,,,,,
2017-09-05,,,,,,
2017-09-06,,,,,,
2017-09-07,10.38,54.0229,42.57,29.1599,21.97,45.515
2017-09-08,10.38,54.02,42.580002,29.1599,21.98,45.515
2017-09-11,10.5,54.54,42.970001,29.1599,22.08,46.015
2017-09-12,10.53,54.74,43.080002,29.5499,22.12,46.165
2017-09-13,10.53,54.76,42.950001,29.63,22.11,46.175
2017-09-14,10.53,54.63,42.860001,29.62,22.09,46.13
2017-09-15,10.56,54.775,42.990002,29.6,22.12,46.19
2017-09-18,,,,,,
2017-09-19,,,,,,
2017-09-20,10.6,54.8399,43.119999,29.5416,22.13,46.41
2017-09-21,,,,,,
2017-09-22,,,,,,
2017-09-25,10.57,54.83,43.0,29.44,22.09,46.24
2017-09-26,10.57,54.5828,43.009998,29.3399,22.08,46.095
2017-09-27,10.6,54.73,43.080002,29.5,22.08,46.24
2017-09-28,10.6,54.78,43.02,29.37,22.1,46.27
2017-09-29,,,,,,
2017-10-02,,,,,,
2017-10-03,10.71,55.27,43.459999,29.74,22.25,46.73
2017-10-04,10.73,55.286,43.380001,29.7988,22.25,46.815
2017-10-05,10.78,55.67,43.52,30.02,22.3,47.06
2017-10-06,10.78,55.6201,43.43,30.06,22.29,47.08
2017-10-09,10.76,55.51,43.240002,30.0,22.29,46.97
2017-10-10,,,,,,
2017-10-11,10.8,55.7099,43.439999,30.06,22.35,47.15
2017-10-12,10.81,55.72,43.459999,30.15,22.36,47.215
2017-10-13,10.82,55.87,43.389999,30.209,22.39,47.29
2017-10-16,10.83,55.86,43.330002,30.19,22.4,47.315
2017-10-17,10.84,55.9014,43.240002,30.19,22.4,47.315
2017-10-18,10.85,56.0667,43.299999,30.21,22.39,47.41
2017-10-19,10.87,56.0707,43.529999,30.23,22.39,47.475
2017-10-20,,,,,,
2017-10-23,10.87,56.1233,43.66,30.26,22.36,47.4
2017-10-24,10.89,56.259,43.709999,30.3,22.37,47.51
2017-10-25,10.83,55.86,43.59,30.07,22.29,47.29
2017-10-26,10.85,56.17,43.700001,30.15,22.31,47.355
2017-10-27,10.93,56.57,43.799999,30.44,22.44,47.735
2017-10-30,10.87,56.33,43.639999,30.32,22.42,47.45
2017-10-31,,,,,,
2017-11-01,10.92,56.5397,44.029999,30.47,22.48,47.685
2017-11-02,10.92,56.59,44.040001,30.48,22.49,47.7
2017-11-03,10.94,56.74,44.139999,30.62,22.55,47.765
2017-11-06,10.95,56.779,44.040001,30.71,22.6,47.845
2017-11-07,10.94,56.72,44.189999,30.68,22.58,47.78
2017-11-08,10.96,56.87,44.32,30.75,22.62,47.885
2017-11-09,10.9,56.6,44.099998,30.39,22.53,47.615
2017-11-10,10.89,56.59,44.09,30.63,22.46,47.59
2017-11-13,10.9,56.5397,44.25,30.61,22.46,47.63
2017-11-14,10.9,56.4588,44.16,30.48,22.47,47.585
2017-11-15,10.84,56.259,43.900002,30.41,22.4,47.315
2017-11-16,10.92,56.67,44.330002,30.73,22.52,47.7051
2017-11-17,10.9,56.51,44.209999,30.6501,22.48,47.63
2017-11-20,10.92,56.55,44.23,30.67,22.5,47.68
2017-11-21,10.98,56.9,42.060001,30.91,22.6,47.95
2017-11-22,10.95,56.899,42.040001,30.89,22.61,47.89
2017-11-23,,,,,,
2017-11-24,10.97,57.0,42.110001,30.93,22.65,47.95
2017-11-27,10.97,57.0164,42.080002,30.9799,22.65,47.975
2017-11-28,11.09,57.48,42.470001,31.09,22.79,48.46
2017-11-29,11.09,57.51,42.529999,30.865,22.76,48.37
2017-11-30,11.18,58.009,42.82,31.23,22.81,48.775
2017-12-01,11.17,57.78,42.610001,31.03,22.8,48.64
2017-12-04,11.15,57.94,42.66,31.12,22.77,48.52
2017-12-05,11.1,57.6944,42.41,30.93,22.74,48.285
2017-12-06,,,,,,
2017-12-07,11.12,57.6398,42.490002,30.79,22.77,48.505
2017-12-08,11.1,57.89,42.740002,30.79,22.85,48.815
2017-12-11,11.15,58.1,42.869999,31.155,22.9,48.965
2017-12-12,11.16,58.2,42.830002,31.2,22.9,48.97
2017-12-13,11.15,58.34,42.860001,31.28,22.93,49.03
2017-12-14,11.1,58.0399,42.669998,31.15,22.87,48.805
2017-12-15,11.2,58.55,43.110001,31.15,22.96,49.225
2017-12-18,11.25,58.7645,43.349998,31.54,23.04,49.53
2017-12-19,11.23,58.28,43.279999,31.45,22.98,49.2476
2017-12-20,11.23,58.299,43.18,31.39,22.96,49.225
2017-12-21,11.24,58.46,43.09,31.485,23.0,49.215
2017-12-22,11.23,58.3299,43.029999,31.34,22.98,49.19
2017-12-25,,,,,,
2017-12-26,11.23,58.279,42.939999,31.2,23.0,49.1584
2017-12-27,11.24,58.28,42.77,31.17,23.04,49.23
2017-12-28,11.27,58.36,42.869999,31.2024,23.06,49.29
2017-12-29,11.22,58.33,42.669998,31.2024,23.01,49.12
2018-01-01,,,,,,
2018-01-02,11.29,58.4603,42.98,31.2832,23.1,49.515
2018-01-03,11.36,58.96,43.16,31.2832,23.2,49.84
2018-01-04,11.42,59.27,43.369999,31.78,23.29,50.1
2018-01-05,11.48,59.5399,43.700001,32.0565,23.37,50.395
2018-01-08,11.52,59.7228,43.759998,32.128,23.4,50.585
2018-01-09,11.54,60.01,43.849998,32.27,23.4,50.635
2018-01-10,11.52,59.56,43.709999,32.09,23.37,50.51
2018-01-11,11.6,59.9018,43.990002,32.07,23.48,50.795
2018-01-12,11.68,60.5398,44.18,32.7074,23.59,51.135
2018-01-15,,,,,,
2018-01-16,11.64,60.476,44.139999,32.5698,23.56,50.94
2018-01-17,11.76,61.0348,44.599998,32.71,23.68,51.49
2018-01-18,11.73,61.01,44.48,32.9516,23.64,51.365
2018-01-19,11.8,61.0115,44.689999,33.11,23.71,51.665
2018-01-22,11.9,61.54,44.869999,33.3,23.81,52.155
2018-01-23,11.92,61.7702,44.869999,33.5501,23.87,52.39
2018-01-24,11.92,61.8,44.919998,33.62,23.85,52.305
2018-01-25,11.91,61.8,45.060001,33.5546,23.86,52.325
2018-01-26,12.06,62.5398,45.549999,33.78,24.0,53.025
2018-01-29,11.98,62.41,45.400002,33.5711,23.86,52.665
2018-01-30,11.84,61.57,44.93,33.08,23.7,52.085
2018-01-31,11.83,61.65,44.740002,33.19,23.71,52.065
2018-02-01,11.82,61.56,44.689999,33.26,23.7,52.06
2018-02-02,11.59,60.2248,43.830002,32.79,23.39,50.97
2018-02-05,11.13,58.0,42.18,31.72,22.85,48.92
2018-02-06,11.31,57.7474,42.75,31.96,23.06,49.785
2018-02-07,11.25,59.069,42.52,32.05,22.93,49.47
2018-02-08,10.83,57.44,41.150002,31.0408,22.41,47.565
2018-02-09,11.0,56.67,41.720001,31.15,22.59,48.36
2018-02-12,11.14,58.25,42.209999,31.4,22.78,48.94
2018-02-13,11.16,58.095,42.360001,31.4,22.8,49.02
2018-02-14,11.31,58.94,42.84,31.9599,22.96,49.76
2018-02-15,11.44,59.429,43.32,32.5401,23.13,50.39
2018-02-16,11.45,59.645,43.130001,32.7752,23.15,50.375
2018-02-19,,,,,,
2018-02-20,11.39,59.6,42.869999,32.76,23.08,50.165
2018-02-21,11.32,59.98,42.720001,32.76,22.99,49.9
2018-02-22,11.32,59.21,42.709999,32.46,23.02,49.92
2018-02-23,11.51,59.5225,43.349998,32.715,23.24,50.78
2018-02-26,11.63,60.42,43.869999,33.21,23.39,51.345
2018-02-27,11.49,60.09,43.380001,33.1876,23.2,50.67
2018-02-28,11.35,59.47,42.860001,32.81,23.07,50.03
2018-03-01,11.22,58.57,42.349998,32.24,22.9,49.41
2018-03-02,11.28,58.62,42.639999,32.365,22.96,49.745
2018-03-05,11.41,59.57,43.09,32.365,23.07,50.245
2018-03-06,11.46,59.65,43.389999,33.015,23.14,50.525
2018-03-07,11.46,59.71,43.52,32.99,23.13,50.665
2018-03-08,11.51,59.9,43.73,33.32,23.2,50.7775
2018-03-09,11.72,60.965,44.389999,33.83,23.43,51.74
2018-03-12,11.69,61.03,44.290001,34.01,23.42,51.72
2018-03-13,11.62,60.5582,44.080002,33.86,23.34,51.335
2018-03-14,11.57,60.25,43.93,33.58,23.29,51.155
2018-03-15,11.56,60.27,43.77,33.58,23.28,51.12
2018-03-16,11.59,60.47,43.860001,33.6522,23.28,51.2225
2018-03-19,11.44,59.44,43.23,33.71,23.1,50.37
2018-03-20,11.46,59.6,43.330002,33.4025,23.11,50.435
2018-03-21,11.45,59.71,43.220001,33.358,23.1,50.395
2018-03-22,11.17,58.77,42.389999,32.5589,22.79,48.93
2018-03-23,10.93,56.6827,41.560001,31.9698,22.51,47.83
2018-03-26,11.25,58.08,42.470001,32.29,22.87,49.205
2018-03-27,11.06,57.12,41.990002,32.53,22.68,48.175
2018-03-28,11.02,57.04,42.040001,31.72,22.64,48.025
2018-03-29,11.19,57.791,42.400002,32.33,22.85,48.86
2018-03-30,,,,,,
2018-04-02,10.92,56.41,41.540001,31.36,22.57,47.66
2018-04-03,11.06,57.004,42.060001,31.94,22.71,48.23
2018-04-04,11.2,57.83,42.580002,32.06,22.84,48.785
2018-04-05,11.25,58.0822,42.830002,32.71,22.93,49.0826
2018-04-06,11.01,56.7,41.98,31.94,22.67,48.015
2018-04-09,11.05,57.06,42.080002,32.3338,22.73,48.17
2018-04-10,11.24,58.11,42.669998,32.3338,22.98,49.1
2018-04-11,11.19,57.84,42.389999,32.56,22.9,48.94
2018-04-12,11.28,58.41,42.669998,32.8383,22.99,49.32
2018-04-13,11.26,58.29,42.59,32.54,22.96,49.17
2018-04-16,11.35,58.67,43.02,32.9,23.07,49.5725
2018-04-17,11.47,59.3,43.509998,33.4399,23.22,50.235
2018-04-18,11.47,59.4498,43.48,33.4399,23.23,50.215
2018-04-19,11.41,58.9503,43.119999,33.01,23.14,49.965
2018-04-20,11.31,58.426,42.759998,32.69,22.99,49.49
2018-04-23,11.32,58.4596,42.759998,32.69,22.97,49.52
2018-04-24,11.18,57.53,42.389999,32.11,22.81,48.795
2018-04-25,11.2,57.7881,42.540001,32.16,22.82,48.86
2018-04-26,11.3,58.57,43.080002,32.63,22.95,49.49
2018-04-27,11.32,58.4044,43.119999,32.6,22.98,49.605
2018-04-30,,,,,,
2018-05-01,,,,,,
2018-05-02,11.13,58.0596,42.380001,32.51,22.75,48.8237
2018-05-03,11.11,57.57,42.130001,32.09,22.74,48.64
2018-05-04,11.26,58.4,42.639999,33.03,22.9,49.385
2018-05-07,11.29,58.6667,42.700001,33.3398,22.92,49.565
2018-05-08,11.27,58.47,42.630001,33.25,22.93,49.53
2018-05-09,11.37,59.03,42.860001,33.56,23.03,50.09
2018-05-10,11.46,59.629,43.25,33.78,23.16,50.525
2018-05-11,11.49,59.71,43.380001,33.84,23.19,50.58
2018-05-14,11.48,59.709,43.439999,33.8699,23.19,50.61
2018-05-15,11.41,59.2584,43.16,33.6089,23.06,50.235
2018-05-16,11.46,59.51,43.369999,33.825,23.12,50.435
2018-05-17,11.46,59.3703,43.380001,33.707,23.12,50.46
2018-05-18,11.44,59.41,43.290001,33.74,23.1,50.35
2018-05-21,11.51,59.7415,43.630001,33.8811,23.22,50.715
2018-05-22,11.47,59.92,43.490002,33.8,23.17,50.52
2018-05-23,11.52,59.81,43.57,34.09,23.19,50.715
2018-05-24,11.5,59.75,43.52,34.06,23.15,50.625
2018-05-25,11.48,59.59,43.52,33.96,23.12,50.55
2018-05-28,,,,,,
2018-05-29,11.35,58.82,43.060001,33.69,22.99,50.08
2018-05-30,11.5,59.7,43.509998,34.048,23.15,50.715
2018-05-31,11.4,59.33,43.07,33.86,23.06,50.37
2018-06-01,11.54,59.9,43.52,34.25,23.16,51.035
2018-06-04,11.6,60.23,43.810001,34.54,23.24,51.285
2018-06-05,11.6,60.25,43.799999,34.6,23.27,51.315
2018-06-06,11.71,60.69,44.27,34.8258,23.37,51.68
2018-06-07,11.69,60.72,44.189999,34.84,23.39,51.55
2018-06-08,11.73,60.91,44.310001,34.96,23.41,51.745
2018-06-11,11.74,61.11,44.450001,35.04,23.44,51.865
2018-06-12,11.76,61.0399,44.540001,35.11,23.47,51.965
2018-06-13,11.72,61.04,44.459999,35.12,23.41,51.78
2018-06-14,11.75,61.06,44.709999,35.23,23.45,51.98
2018-06-15,11.75,60.9798,44.669998,35.09,23.44,51.94
2018-06-18,11.72,60.95,44.43,35.16,23.4,51.895
2018-06-19,11.68,60.615,44.330002,34.89,23.33,51.715
2018-06-20,11.68,60.829,44.27,35.145,23.34,51.81
2018-06-21,11.6,60.46,44.009998,34.82,23.24,51.39
2018-06-22,11.63,60.5943,44.220001,34.65,23.3,51.49
2018-06-25,11.47,59.41,43.779999,33.88,23.12,50.71
2018-06-26,11.48,59.77,43.669998,34.31,22.71,50.58
2018-06-27,11.37,59.4899,43.32,34.1591,22.63,50.04
2018-06-28,11.44,59.445,43.43,34.1816,22.68,50.305
2018-06-29,11.47,59.89,43.43,34.3,22.71,50.47
2018-07-02,11.5,59.4239,43.540001,34.36,22.7,50.64
2018-07-03,11.45,59.57,43.400002,34.28,22.68,50.36
2018-07-04,,,,,,
2018-07-05,11.56,59.98,43.889999,34.4922,22.8,50.93
2018-07-06,11.67,60.54,44.259998,34.87,22.96,51.455
2018-07-09,11.77,60.8998,44.59,35.1,23.09,51.87
2018-07-10,11.82,61.21,44.68,35.22,23.11,52.045
2018-07-11,11.73,60.81,44.48,35.02,22.99,51.66
2018-07-12,11.83,61.32,44.91,35.37,23.1,52.175
2018-07-13,11.84,61.43,45.07,35.46,23.15,52.255
2018-07-16,11.81,61.335,44.950001,35.3,23.12,52.08
2018-07-17,11.86,61.66,45.09,35.51,23.18,52.335
2018-07-18,11.89,61.74,45.049999,35.3998,23.2,52.38
2018-07-19,11.85,61.55,45.080002,35.38,23.19,52.23
2018-07-20,11.83,61.478,45.040001,35.3324,23.17,52.18
2018-07-23,11.85,61.58,45.049999,35.2866,23.14,52.27
2018-07-24,11.88,61.6253,45.18,35.2167,23.24,52.46
2018-07-25,12.01,62.11,45.75,35.73,23.41,53.03
2018-07-26,12.04,62.29,45.889999,35.76,23.37,52.735
2018-07-27,11.93,61.752,45.59,35.23,23.33,52.225
2018-07-30,11.85,61.44,45.25,34.8,23.26,51.8
2018-07-31,11.93,61.8348,45.610001,35.05,23.34,52.18
2018-08-01,11.89,61.7717,45.43,35.1683,23.3,52.005
2018-08-02,11.95,62.098,45.639999,35.5962,23.36,52.34
2018-08-03,12.0,62.4,45.889999,35.6,23.42,52.535
2018-08-06,12.03,62.6471,45.93,35.89,23.46,52.785
2018-08-07,12.07,62.91,46.060001,36.04,23.47,53.01
2018-08-08,12.05,62.84,46.029999,36.0,23.48,52.955
2018-08-09,12.03,62.7834,46.09,35.98,23.47,52.81
2018-08-10,11.95,62.158,45.720001,35.79,23.36,52.39
2018-08-13,11.9,62.03,45.599998,35.68,23.28,52.175
2018-08-14,11.97,62.3514,45.900002,35.87,23.36,52.5
2018-08-15,11.88,61.92,45.66,35.62,23.24,52.075
2018-08-16,11.97,62.37,45.950001,35.81,23.35,52.3225
2018-08-17,12.0,62.63,46.119999,35.79,23.42,52.435
2018-08-20,12.04,62.79,46.290001,35.92,23.48,52.5775
2018-08-21,12.06,63.02,46.279999,36.14,23.51,52.7
2018-08-22,12.06,62.93,46.16,36.21,23.51,52.735
2018-08-23,12.04,62.8829,46.139999,36.17,23.45,52.635
2018-08-24,12.13,63.2321,46.43,36.56,23.54,53.0102
2018-08-27,12.21,63.74,46.700001,36.8,23.66,53.445
2018-08-28,12.21,63.77,46.73,36.94,23.63,53.44
2018-08-29,12.28,64.15,46.919998,37.17,23.71,53.73
2018-08-30,12.21,63.87,46.73,37.01,23.65,53.45
2018-08-31,12.22,63.73,46.810001,37.12,23.65,53.405
2018-09-03,,,,,,
2018-09-04,12.18,63.8,46.669998,36.97,23.56,53.15
2018-09-05,12.14,63.6,46.66,36.5715,23.52,52.905
2018-09-06,12.12,63.4356,46.639999,36.5301,23.46,52.775
2018-09-07,12.08,63.1734,46.509998,36.47,23.38,52.6
2018-09-10,12.13,63.41,46.57,36.65,23.43,52.84
2018-09-11,12.15,63.61,46.610001,36.85,23.47,52.945
2018-09-12,12.17,63.6,46.599998,36.81,23.51,52.985
2018-09-13,12.24,63.92,46.849998,37.0633,23.61,53.245
2018-09-14,12.26,64.02,46.759998,37.17,23.6,53.32
2018-09-17,12.2,63.62,46.599998,36.7899,23.53,53.045
2018-09-18,12.26,63.9599,46.77,37.0,23.58,53.275
2018-09-19,12.26,63.95,46.799999,36.91,23.6,53.31
2018-09-20,12.37,64.63,47.189999,37.26,23.74,53.835
2018-09-21,12.38,64.53,47.150002,37.1351,23.72,53.78
2018-09-24,12.32,64.32,46.889999,37.19,23.67,53.635
2018-09-25,12.29,64.1681,46.790001,37.28,23.65,53.55
2018-09-26,12.26,63.7101,46.73,37.36,23.62,53.255
2018-09-27,12.28,64.04,46.77,37.34,23.65,53.415
2018-09-28,12.29,63.97,46.740002,37.33,23.64,53.395
2018-10-01,12.34,64.055,46.860001,37.47,23.66,53.58
2018-10-02,12.33,64.19,46.959999,37.34,23.65,53.52
2018-10-03,12.34,64.15,46.959999,37.4233,23.61,53.57
2018-10-04,12.22,63.59,46.48,36.756,23.47,52.985
2018-10-05,12.15,63.23,46.27,36.46,23.37,52.645
2018-10-08,12.13,63.14,46.27,36.14,23.34,52.525
2018-10-09,12.11,63.1341,46.110001,36.1857,23.3,52.41
2018-10-10,11.7,61.3776,44.790001,34.865,22.87,50.555
2018-10-11,11.46,59.81,43.740002,34.3698,22.61,49.63
2018-10-12,11.63,60.55,44.400002,34.9,22.76,50.32
2018-10-15,11.55,60.16,44.23,34.52,22.68,49.995
2018-10-16,11.8,61.46,45.16,35.41,22.94,51.115
2018-10-17,11.8,61.278,45.189999,35.34,22.86,51.065
2018-10-18,11.64,60.53,44.720001,34.6798,22.66,50.295
2018-10-19,11.62,60.5,44.830002,34.57,22.65,50.155
2018-10-22,11.57,60.19,44.740002,34.5976,22.58,50.015
2018-10-23,11.5,59.87,44.73,34.38,22.5,49.745
2018-10-24,11.16,58.05,43.619999,33.06,22.11,48.095
2018-10-25,11.36,59.08,44.259998,33.849,22.32,49.025
2018-10-26,11.2,58.0,43.540001,33.32,22.13,48.25
2018-10-29,11.14,57.68,43.540001,32.79,22.04,47.905
2018-10-30,11.33,58.2962,44.07,32.8929,22.2,48.815
2018-10-31,11.43,59.6061,44.240002,33.87,22.35,49.275
2018-11-01,11.55,59.87,44.689999,34.4342,22.52,49.75
2018-11-02,11.5,59.48,44.560001,34.02,22.41,49.565
2018-11-05,11.59,59.86,44.68,34.0601,22.48,49.845
2018-11-06,11.67,60.0148,45.130001,34.169,22.57,50.21
2018-11-07,11.91,61.51,45.990002,35.1535,22.85,51.275
2018-11-08,11.89,61.2051,46.110001,35.0517,22.81,51.155
2018-11-09,11.79,60.75,45.82,34.73,22.71,50.69
2018-11-12,11.6,59.83,45.200001,33.9701,22.47,49.745
2018-11-13,11.6,59.6701,45.130001,33.73,22.47,49.805
2018-11-14,11.54,59.22,44.959999,33.33,22.4,49.535
2018-11-15,11.68,59.8795,45.450001,33.79,22.53,50.21
2018-11-16,11.71,60.01,45.580002,33.92,22.58,50.265
2018-11-19,11.52,59.02,44.880001,33.0602,22.39,49.345
2018-11-20,11.33,57.96,40.869999,32.2731,22.15,48.59
2018-11-21,11.37,58.19,40.970001,32.71,22.25,48.82
2018-11-22,,,,,,
2018-11-23,11.31,58.08,40.779999,32.47,22.18,48.56
2018-11-26,11.48,58.78,41.41,32.9,22.37,49.375
2018-11-27,11.52,59.02,41.48,32.9325,22.37,49.435
2018-11-28,11.76,60.35,42.299999,34.0,22.66,50.5
2018-11-29,11.72,60.13,42.240002,33.98,22.63,50.38
2018-11-30,11.86,60.57,42.619999,34.22,22.72,50.905
2018-12-03,11.95,61.23,42.959999,34.66,22.87,51.345
2018-12-04,11.59,59.31,41.740002,33.59,22.46,49.805
2018-12-05,,,,,,
2018-12-06,11.6,59.41,41.580002,33.53,22.45,49.775
2018-12-07,11.15,57.93,40.689999,32.5,22.19,48.575
2018-12-10,11.18,58.02,40.77,32.7769,22.16,48.795
2018-12-11,11.19,58.02,40.810001,32.7808,22.13,48.85
2018-12-12,11.25,58.565,41.049999,33.0454,22.22,49.105
2018-12-13,11.24,58.145,41.009998,32.9552,22.21,49.1
2018-12-14,11.02,57.1928,40.470001,32.25,22.0,48.265
2018-12-17,10.78,55.55,39.580002,31.41,21.77,47.005
2018-12-18,10.78,55.77,39.610001,31.562,21.78,47.04
2018-12-19,10.65,54.9996,39.07,31.1,21.66,46.32
2018-12-20,10.5,53.92,38.43,30.3909,21.48,45.67
2018-12-21,10.31,52.85,37.740002,29.76,21.24,44.795
2018-12-24,10.02,51.48,36.740002,29.07,20.99,43.62
2018-12-25,,,,,,
2018-12-26,10.5,54.1,38.41,29.48,21.49,45.78
2018-12-27,10.61,54.2199,38.68,29.77,21.34,46.16
2018-12-28,10.59,54.26,38.669998,29.79,21.35,46.12
2018-12-31,10.69,54.93,38.990002,30.09,21.47,46.5
2019-01-01,,,,,,
2019-01-02,10.67,54.73,38.799999,29.97,21.5,46.47
2019-01-03,10.44,53.46,37.93,29.1869,21.33,45.375
2019-01-04,10.81,55.41,39.150002,30.32,21.69,47.045
2019-01-07,10.89,55.77,39.400002,30.62,21.78,47.42
2019-01-08,11.0,56.4,39.669998,30.8769,21.89,47.895
2019-01-09,11.03,56.55,39.759998,31.089,21.99,48.0586
2019-01-10,11.09,56.78,39.959999,31.25,22.01,48.335
2019-01-11,11.09,56.7748,39.849998,31.1669,22.03,48.335
2019-01-14,11.02,56.59,39.68,31.0,21.95,48.04
2019-01-15,11.14,57.11,39.970001,31.3909,22.05,48.635
2019-01-16,11.15,57.26,40.040001,31.4609,22.09,48.63
2019-01-17,11.24,57.7,40.279999,31.6555,22.17,49.065
2019-01-18,11.39,58.3086,40.959999,32.04,22.32,49.68
2019-01-21,,,,,,
2019-01-22,11.24,57.5,40.549999,31.522,22.16,49.07
2019-01-23,11.27,57.8,40.599998,31.6548,22.18,49.14
2019-01-24,11.29,57.82,40.580002,31.7843,22.19,49.22
2019-01-25,11.37,58.28,40.98,32.158,22.31,49.6
2019-01-28,11.27,57.9,40.650002,31.8373,22.24,49.16
2019-01-29,11.26,57.76,40.700001,31.7991,22.26,49.0255
2019-01-30,11.4,58.7,41.169998,32.3775,22.43,49.765
2019-01-31,11.49,59.23,41.470001,32.66,22.53,50.3
2019-02-01,11.52,59.2,41.529999,32.7348,22.51,50.3795
2019-02-04,11.6,59.5038,41.970001,33.0135,22.57,50.77
2019-02-05,11.65,59.925,42.029999,33.2925,22.65,51.005
2019-02-06,11.62,59.8999,42.049999,33.1989,22.61,50.88
2019-02-07,11.53,59.32,41.689999,32.9415,22.5,50.44
2019-02-08,11.55,59.25,41.959999,33.0122,22.51,50.555
2019-02-11,11.57,59.5,41.98,33.1384,22.52,50.62
2019-02-12,11.72,60.1901,42.529999,33.6159,22.68,51.25
2019-02-13,11.77,60.48,42.610001,33.7684,22.72,51.425
2019-02-14,11.73,60.41,42.52,33.7718,22.72,51.33
2019-02-15,11.86,60.815,43.0,34.073,22.89,51.805
2019-02-18,,,,,,
2019-02-19,11.87,61.06,42.98,34.1089,22.93,51.875
2019-02-20,11.9,61.12,43.009998,34.1,22.95,51.97
2019-02-21,11.87,60.8265,42.900002,34.0217,22.9,51.8306
2019-02-22,11.96,61.3001,43.220001,34.4012,23.02,52.24
2019-02-25,11.96,61.43,43.299999,34.41,23.03,52.27
2019-02-26,11.95,61.46,43.27,34.405,23.03,52.225
2019-02-27,11.96,61.44,43.310001,34.4551,23.01,52.24
2019-02-28,11.92,61.26,43.189999,34.3261,22.95,52.025
2019-03-01,12.01,61.6,43.450001,34.6066,23.04,52.365
2019-03-04,11.95,61.269,43.200001,34.3275,22.99,52.18
2019-03-05,11.94,61.35,43.099998,34.319,22.99,52.145
2019-03-06,11.87,60.92,42.860001,34.09,22.91,51.79
2019-03-07,11.78,60.25,42.549999,33.7854,22.79,51.37
2019-03-08,11.74,60.2366,42.529999,33.7535,22.76,51.225
2019-03-11,11.92,61.17,43.189999,34.31,22.95,52.0
2019-03-12,11.96,61.35,43.400002,34.4895,23.01,52.195
2019-03-13,12.04,61.84,43.709999,34.7799,23.09,52.555
2019-03-14,12.04,61.8092,43.700001,34.7566,23.08,52.53
2019-03-15,12.09,62.11,43.880001,34.8576,23.18,52.755
2019-03-18,12.13,62.36,43.970001,35.0271,23.24,52.805
2019-03-19,12.12,62.25,43.939999,35.0782,23.26,52.825
2019-03-20,12.08,61.975,43.759998,35.0688,23.23,52.51
2019-03-21,12.2,62.69,44.27,35.5582,23.31,53.03
2019-03-22,11.97,61.47,43.419998,34.7976,23.06,52.045
2019-03-25,11.97,61.39,43.400002,34.7598,23.07,52.055
2019-03-26,12.06,61.85,43.779999,34.8703,23.18,52.44
2019-03-27,12.01,61.52,43.599998,34.6634,23.16,52.165
2019-03-28,12.05,61.73,43.91,34.91,23.21,52.385
2019-03-29,12.14,62.14,44.09,35.24,23.28,52.74
2019-04-01,12.27,62.8869,44.540001,35.63,23.42,53.38
2019-04-02,12.27,63.03,44.48,35.6635,23.42,53.435
2019-04-03,12.31,63.01,44.66,35.8779,23.47,53.645
2019-04-04,12.32,63.15,44.66,35.8091,23.51,53.72
2019-04-05,12.37,63.46,44.82,36.0,23.58,53.93
2019-04-08,12.38,63.65,44.810001,36.0138,23.61,53.94
2019-04-09,12.3,63.17,44.669998,35.7891,23.51,53.665
2019-04-10,12.36,63.4797,44.849998,35.9789,23.6,53.91
2019-04-11,12.37,63.53,44.799999,35.9976,23.59,53.945
2019-04-12,12.47,63.95,45.25,36.2945,23.71,54.385
2019-04-15,12.46,63.92,45.299999,36.3346,23.71,54.3548
2019-04-16,12.47,64.01,45.240002,36.2293,23.7,54.365
2019-04-17,12.43,63.75,45.150002,36.0486,23.68,54.1694
2019-04-18,12.46,63.9024,45.279999,36.1767,23.7,54.305
2019-04-19,,,,,,
2019-04-22,12.47,64.0,45.209999,36.2197,23.69,54.37
2019-04-23,12.56,64.52,45.610001,36.6286,23.8,54.755
2019-04-24,12.55,64.51,45.68,36.606,23.78,54.69
2019-04-25,12.53,64.44,45.389999,36.5764,23.75,54.715
2019-04-26,12.59,64.54,45.650002,36.7002,23.84,54.875
2019-04-29,12.59,64.77,45.669998,36.8266,23.87,54.92
2019-04-30,12.59,64.85,45.82,36.688,23.87,54.89
2019-05-01,12.45,64.3,45.360001,36.2594,23.76,54.25
2019-05-02,12.43,64.06,45.43,36.1491,23.71,54.195
2019-05-03,12.55,64.7659,45.830002,36.6221,23.86,54.715
2019-05-06,12.5,64.53,45.700001,36.4745,23.78,54.53
2019-05-07,12.31,63.45,45.049999,35.7782,23.56,53.6
2019-05-08,12.29,63.61,45.110001,35.8186,23.54,53.51
2019-05-09,12.24,63.19,44.990002,35.728,23.51,53.33
2019-05-10,12.31,63.13,45.259998,35.8962,23.55,53.575
2019-05-13,12.03,61.8201,44.330002,34.993,23.23,52.31
2019-05-14,12.13,62.41,44.599998,35.4176,23.35,52.715
2019-05-15,12.22,62.7769,44.860001,35.7462,23.46,53.185
2019-05-16,12.36,63.31,45.360001,36.145,23.58,53.72
2019-05-17,12.28,62.9794,45.09,35.8893,23.49,53.37
2019-05-20,12.2,62.54,44.599998,35.52,23.42,52.96
2019-05-21,12.3,63.05,44.950001,35.8667,23.52,53.455
2019-05-22,12.28,62.9633,44.889999,35.7495,23.49,53.36
2019-05-23,12.15,62.098,44.540001,35.2642,23.35,52.695
2019-05-24,12.16,62.16,44.619999,35.3089,23.37,52.73
2019-05-27,,,,,,
2019-05-28,12.04,61.775,44.299999,35.16,23.29,52.325
2019-05-29,11.95,61.34,44.040001,34.8795,23.21,51.96
2019-05-30,11.99,61.31,44.240002,35.0828,23.23,52.0974
2019-05-31,11.85,60.64,43.77,34.6955,23.11,51.415
2019-06-03,11.82,60.5,43.73,34.3298,23.17,51.08
2019-06-04,12.07,61.59,44.610001,35.1966,23.41,52.235
2019-06-05,12.18,62.24,45.18,35.6313,23.5,52.69
2019-06-06,12.25,62.65,45.48,35.838,23.58,52.99
2019-06-07,12.38,63.35,46.0,36.3326,23.73,53.595
2019-06-10,12.41,63.75,46.27,36.5302,23.78,53.825
2019-06-11,12.4,63.62,46.169998,36.4213,23.78,53.8
2019-06-12,12.39,63.5009,46.23,36.3377,23.76,53.705
2019-06-13,12.45,63.76,46.450001,36.4741,23.84,54.01
2019-06-14,12.43,63.72,46.400002,36.4032,23.81,53.91
2019-06-17,12.42,63.41,46.310001,36.3731,23.8,53.74
2019-06-18,12.53,64.05,46.59,36.767,23.95,54.245
2019-06-19,12.58,64.38,46.799999,37.091,24.02,54.46
2019-06-20,12.71,64.829,47.169998,37.48,24.19,55.06
2019-06-21,12.7,64.879,46.959999,37.3684,24.14,54.985
2019-06-24,12.67,64.725,46.91,37.2102,24.12,54.86
2019-06-25,12.53,64.07,46.490002,36.7162,24.01,54.2
2019-06-26,12.5,64.0264,46.279999,36.71,23.67,54.125
2019-06-27,12.54,64.27,46.509998,36.9373,23.75,54.325
2019-06-28,12.62,64.53,46.700001,37.1603,23.84,54.68
2019-07-01,12.72,65.21,47.09,37.53,23.93,55.12
2019-07-02,12.76,65.16,47.290001,37.6,23.97,55.305
2019-07-03,12.88,65.7272,47.700001,37.88,24.11,55.8047
2019-07-04,,,,,,
2019-07-05,12.84,65.63,47.57,37.82,24.03,55.7
2019-07-08,12.77,65.41,47.389999,37.56,23.96,55.405
2019-07-09,12.78,65.44,47.380001,37.61,23.93,55.425
2019-07-10,12.83,65.6936,47.59,37.81,23.99,55.685
2019-07-11,12.87,65.7463,47.77,38.07,23.97,55.84
2019-07-12,12.93,66.1278,48.02,38.3288,24.04,56.19
2019-07-15,12.93,66.2,48.099998,38.35,24.03,56.215
2019-07-16,12.89,66.04,47.93,38.2028,24.0,56.05
2019-07-17,12.79,65.6355,47.669998,37.9,23.93,55.645
2019-07-18,12.84,65.74,47.900002,38.0448,23.99,55.8
2019-07-19,12.76,65.46,47.57,37.8365,23.91,55.445
2019-07-22,12.78,65.58,47.68,37.99,23.95,55.62
2019-07-23,12.87,65.9981,48.07,38.2197,24.04,55.99
2019-07-24,12.94,66.39,48.119999,38.55,24.11,56.32
2019-07-25,12.9,65.9701,48.02,38.18,24.02,56.06
2019-07-26,13.04,66.45,48.43,38.69,24.12,56.63
2019-07-29,13.04,66.4198,48.41,38.57,24.12,56.585
2019-07-30,13.01,66.23,48.290001,38.5,24.11,56.48
2019-07-31,12.86,65.74,47.580002,38.04,24.01,55.745
2019-08-01,12.77,65.11,47.18,37.79,23.94,55.36
2019-08-02,12.68,64.2251,46.959999,37.41,23.83,54.905
2019-08-05,12.31,62.61,45.650002,36.21,23.5,53.23
2019-08-06,12.47,63.28,46.310001,36.87,23.67,53.9268
2019-08-07,12.48,63.36,46.5,37.0511,23.68,54.0
2019-08-08,12.73,64.59,47.389999,37.9549,23.9,55.075
2019-08-09,12.65,64.24,47.189999,37.68,23.79,54.7
2019-08-12,12.5,63.3353,46.630001,37.0958,23.69,54.0
2019-08-13,12.67,64.2532,47.25,37.69,23.85,54.78
2019-08-14,12.32,62.5833,46.02,36.63,23.52,53.195
2019-08-15,12.35,62.61,46.209999,36.6844,23.56,53.29
2019-08-16,12.54,63.45,46.91,37.2272,23.76,54.09
2019-08-19,12.69,64.315,47.400002,37.71,23.89,54.77
2019-08-20,12.59,63.76,46.970001,37.5571,23.8,54.335
2019-08-21,12.7,64.254,47.310001,37.98,23.94,54.785
2019-08-22,12.69,64.22,47.369999,37.99,23.93,54.705
2019-08-23,12.36,62.61,46.060001,36.99,23.65,53.305
2019-08-26,12.51,63.32,46.59,37.41,23.76,53.915
2019-08-27,12.49,63.15,46.59,37.4109,23.76,53.785
2019-08-28,12.56,63.52,46.91,37.59,23.84,54.11
2019-08-29,12.72,64.36,47.540001,38.16,23.99,54.795
2019-08-30,12.72,64.31,47.540001,38.18,24.01,54.755
2019-09-02,,,,,,
2019-09-03,12.64,63.94,47.150002,37.82,23.95,54.38
2019-09-04,12.77,64.63,47.650002,38.1616,24.09,54.9787
2019-09-05,12.93,65.5098,48.240002,38.78,24.22,55.78
2019-09-06,12.95,65.59,48.369999,38.703,24.26,55.79
2019-09-09,12.92,65.57,48.119999,38.41,24.25,55.735
2019-09-10,12.89,65.48,47.720001,38.0141,24.22,55.6
2019-09-11,12.96,65.9,47.939999,38.21,24.33,55.865
2019-09-12,13.03,66.34,48.209999,38.52,24.34,56.14
2019-09-13,13.03,66.23,48.150002,38.46,24.32,56.14
2019-09-16,12.98,66.0352,47.790001,38.3457,24.3,55.95
2019-09-17,13.02,66.1668,48.189999,38.56,24.34,56.08
2019-09-18,13.02,66.15,48.049999,38.5523,24.36,56.04
2019-09-19,13.04,66.16,47.950001,38.68,24.39,56.18
2019-09-20,12.97,65.95,47.669998,38.3883,24.35,55.835
2019-09-23,12.98,65.9,47.68,38.34,24.38,55.8907
2019-09-24,12.89,65.1726,47.439999,37.94,24.3,55.1642
2019-09-25,12.97,65.636,47.740002,38.29,24.31,55.555
2019-09-26,12.96,65.52,47.740002,38.28,24.32,55.55
2019-09-27,12.89,65.12,47.5,37.84,24.26,55.205
2019-09-30,12.94,65.37,47.689999,38.09,24.33,55.4551
2019-10-01,12.78,64.72,47.040001,37.65,24.18,54.72
2019-10-02,12.55,63.4481,46.279999,36.99,23.93,53.705
2019-10-03,12.65,64.1,46.57,37.39,24.05,54.185
2019-10-04,12.83,64.87,47.259998,37.88,24.25,54.89
2019-10-07,12.77,64.715,47.099998,37.69,24.17,54.67
2019-10-08,12.57,63.59,46.369999,37.01,23.96,53.815
2019-10-09,12.69,64.2044,46.91,37.5216,24.06,54.355
2019-10-10,12.77,64.5784,47.240002,37.72,24.12,54.695
2019-10-11,12.91,65.42,47.57,38.14,24.26,55.325
2019-10-14,12.89,65.3,47.490002,38.21,24.25,55.25
2019-10-15,13.01,65.98,47.91,38.5847,24.37,55.795
2019-10-16,12.98,65.76,47.919998,38.3827,24.36,55.63
2019-10-17,13.01,65.97,48.110001,38.52,24.41,55.74
2019-10-18,12.96,65.67,48.009998,38.33,24.41,55.555
2019-10-21,13.02,66.19,48.220001,38.48,24.49,55.9
2019-10-22,12.97,65.9546,47.900002,38.1629,24.49,55.545
2019-10-23,13.0,66.11,47.91,38.2,24.53,55.725
2019-10-24,13.05,66.3,47.93,38.62,24.56,55.92
2019-10-25,13.11,66.64,47.880001,38.82,24.61,56.265
2019-10-28,13.18,67.14,48.099998,39.0366,24.67,56.61
2019-10-29,13.19,67.03,48.02,38.98,24.67,56.57
2019-10-30,13.24,67.21,48.16,39.19,24.73,56.795
2019-10-31,13.18,67.05,47.84,39.0,24.72,56.575
2019-11-01,13.29,67.58,48.139999,39.26,24.86,57.045
2019-11-04,13.32,68.0,48.259998,39.283,24.87,57.25
2019-11-05,13.28,67.85,48.119999,39.13,24.81,57.11
2019-11-06,13.3,67.9,48.299999,39.2184,24.86,57.17
2019-11-07,13.33,68.09,48.34,39.31,24.85,57.36
2019-11-08,13.38,68.35,48.509998,39.4605,24.88,57.575
2019-11-11,13.35,68.18,48.330002,39.54,24.87,57.42
2019-11-12,13.37,68.319,48.419998,39.73,24.9,57.595
2019-11-13,13.4,68.345,48.689999,39.7839,24.9,57.7
2019-11-14,13.44,68.455,48.709999,40.04,24.93,57.775
2019-11-15,13.54,68.917,48.990002,40.38,25.06,58.14
2019-11-18,13.54,69.03,49.029999,40.32,25.07,58.185
2019-11-19,13.54,69.1348,49.150002,40.36,25.06,58.225
2019-11-20,13.51,68.791,48.950001,40.28,25.05,58.03
2019-11-21,13.49,68.75,45.450001,40.12,25.0,57.885
2019-11-22,13.51,68.83,45.549999,40.05,25.03,57.965
2019-11-25,13.63,69.36,45.959999,40.49,25.15,58.51
2019-11-26,13.68,69.585,46.23,40.66,25.21,58.725
2019-11-27,13.72,69.89,46.310001,40.86,25.27,58.88
2019-11-28,,,,,,
2019-11-29,13.66,69.5865,46.18,40.7,25.2,58.68
2019-12-02,13.55,68.93,45.73,40.21,25.06,58.165
2019-12-03,13.47,68.51,45.470001,40.11,25.05,57.82
2019-12-04,13.57,69.0376,45.759998,40.34,25.11,58.165
2019-12-05,13.6,69.072,45.759998,40.39,25.15,58.255
2019-12-06,13.51,69.74,46.130001,40.72,25.25,58.75
2019-12-09,13.49,69.48,46.110001,40.6,25.22,58.675
2019-12-10,13.48,69.4154,46.060001,40.58,25.2,58.65
2019-12-11,13.51,69.6,46.200001,40.72,25.27,58.775
2019-12-12,13.62,70.23,46.639999,40.97,25.35,59.255
2019-12-13,13.64,70.2401,46.599998,41.1301,25.41,59.31
2019-12-16,13.72,70.4348,46.830002,41.4716,25.49,59.51
2019-12-17,13.72,70.4,46.810001,41.3682,25.49,59.435
2019-12-18,13.71,70.5,46.540001,41.428,25.5,59.48
2019-12-19,13.77,70.7217,46.790001,41.705,25.55,59.765
2019-12-20,13.87,71.1958,47.099998,41.93,25.62,60.155
2019-12-23,13.86,71.2083,47.09,41.9413,25.59,60.135
2019-12-24,13.85,71.2109,47.09,41.98,25.6,60.0881
2019-12-25,,,,,,
2019-12-26,13.9,71.63,47.25,42.13,25.68,60.35
2019-12-27,13.91,71.6099,47.189999,41.71,23.8,60.345
2019-12-30,13.82,71.145,46.900002,41.32,23.73,59.96
2019-12-31,13.86,71.32,47.029999,41.44,23.76,60.065
2020-01-01,,,,,,
2020-01-02,13.96,71.9691,47.360001,41.89,23.87,60.62
2020-01-03,13.86,71.5544,47.060001,41.71,23.79,60.18
2020-01-06,13.9,71.7753,47.099998,41.91,23.82,60.41
2020-01-07,13.86,71.59,46.970001,41.96,23.78,60.22
2020-01-08,13.94,71.97,47.279999,42.29,23.82,60.6203
2020-01-09,14.04,72.4691,47.57,42.6687,23.92,61.015
2020-01-10,14.02,72.22,47.439999,42.67,23.91,60.91
2020-01-13,14.11,72.8768,47.82,43.08,23.99,61.395
2020-01-14,14.1,72.8,47.759998,42.93,23.98,61.28
2020-01-15,14.14,72.92,47.849998,43.1,23.99,61.51
2020-01-16,14.26,73.56,48.259998,43.5,24.1,62.035
2020-01-17,14.34,73.8,48.450001,43.72,24.15,62.275
2020-01-20,,,,,,
2020-01-21,14.31,73.71,48.369999,43.76,24.15,62.195
2020-01-22,14.32,73.76,48.419998,43.87,24.17,62.25
2020-01-23,14.34,73.84,48.290001,43.99,24.19,62.265
2020-01-24,14.22,73.2,47.970001,43.58,24.06,61.755
2020-01-27,14.01,72.11,47.259998,42.89,23.87,60.71
2020-01-28,14.15,72.85,47.68,43.48,24.01,61.405
2020-01-29,14.14,72.77,47.48,43.41,24.01,61.335
2020-01-30,14.22,73.11,47.919998,43.66,24.06,61.535
2020-01-31,13.97,71.78,47.080002,42.81,23.84,60.38
2020-02-03,14.15,72.43,47.369999,43.64,23.97,61.16
2020-02-04,14.34,73.59,48.16,44.58,24.16,62.055
2020-02-05,14.47,74.28,48.490002,44.49,24.3,62.61
2020-02-06,14.51,74.45,48.580002,44.75,24.35,62.83
2020-02-07,14.44,74.17,48.490002,44.47,24.3,62.52
2020-02-10,14.57,74.67,48.93,44.99,24.44,63.155
2020-02-11,14.59,74.85,48.84,45.05,24.49,63.185
2020-02-12,14.66,75.29,49.049999,45.42,24.54,63.555
2020-02-13,14.65,75.23,49.080002,45.54,24.52,63.48
2020-02-14,14.71,75.38,49.360001,45.942,24.54,63.675
2020-02-17,,,,,,
2020-02-18,14.68,75.21,49.27,46.04,24.51,63.615
2020-02-19,14.76,75.58,49.419998,46.49,24.58,63.99
2020-02-20,14.72,75.29,49.279999,46.22,24.54,63.785
2020-02-21,14.57,74.44,48.93,45.54,24.41,63.045
2020-02-24,14.1,72.04,47.5,43.82,23.95,60.86
2020-02-25,13.69,69.88,46.029999,42.47,23.58,59.16
2020-02-26,13.63,69.59,45.970001,42.24,23.54,58.78
2020-02-27,13.02,66.48,43.950001,40.39,22.98,56.135
2020-02-28,12.92,66.05,43.439999,40.33,22.91,55.89
2020-03-02,13.5,68.94,45.450001,41.96,23.43,58.375
2020-03-03,13.13,67.13,44.169998,40.89,23.16,56.61
2020-03-04,13.67,69.94,45.939999,42.68,23.7,58.98
2020-03-05,13.23,67.73,44.59,41.4,23.27,57.02
2020-03-06,12.99,66.39,44.009998,40.43,23.14,56.04
2020-03-09,11.98,61.36,41.080002,37.6,22.23,51.68
2020-03-10,12.57,64.34,42.73,39.37,22.67,54.28
2020-03-11,11.95,61.26,40.970001,37.32,22.04,51.665
2020-03-12,10.84,55.32,37.080002,34.19,20.79,46.825
2020-03-13,11.82,60.57,40.610001,36.61,21.66,51.07
2020-03-16,10.39,53.3,36.299999,32.82,20.31,44.915
2020-03-17,11.0,56.8,38.790001,33.6198,20.75,47.525
2020-03-18,10.41,53.88,37.040001,31.93,19.94,45.25
2020-03-19,10.48,54.12,37.169998,32.37,19.98,45.45
2020-03-20,10.02,51.66,35.599998,31.12,19.6,43.605
2020-03-23,9.69,49.98,34.549999,30.37,19.36,42.17
2020-03-24,10.66,54.825,37.34,33.57,20.3,46.395
2020-03-25,10.78,55.27,37.490002,33.96,20.5,46.605
2020-03-26,11.45,58.37,39.849998,36.08,21.28,49.475
2020-03-27,11.09,56.71,38.5,34.62,20.92,47.835
2020-03-30,11.51,58.61,39.849998,35.79,21.39,49.615
2020-03-31,11.3,57.49,38.98,35.25,21.21,48.695
2020-04-01,10.79,55.08,37.400002,33.44,20.7,46.66
2020-04-02,11.07,56.34,38.41,33.99,20.91,47.755
2020-04-03,10.9,55.545,37.869999,33.41,20.69,46.975
2020-04-06,11.7,59.27,40.220001,36.02,21.48,50.31
2020-04-07,11.66,59.37,40.09,36.02,21.51,50.315
2020-04-08,12.06,61.27,41.25,37.25,21.92,51.95
2020-04-09,12.23,62.39,41.419998,37.85,22.21,52.605
2020-04-10,,,,,,
2020-04-13,12.06,61.69,41.060001,37.46,22.06,51.915
2020-04-14,12.45,63.65,42.490002,38.83,22.44,53.63
2020-04-15,12.14,62.19,41.599998,38.15,22.13,52.38
2020-04-16,12.21,62.57,42.029999,38.52,22.19,52.625
2020-04-17,12.57,64.16,42.849998,39.56,22.56,54.125
2020-04-20,12.34,63.18,42.139999,39.07,22.33,53.17
2020-04-21,11.95,61.08,40.880001,37.62,21.94,51.415
2020-04-22,12.24,62.57,41.919998,38.8087,22.16,52.78
2020-04-23,12.21,62.53,41.799999,38.6,22.15,52.665
2020-04-24,12.37,63.43,42.279999,39.09,22.32,53.38
2020-04-27,12.58,64.38,42.84,39.89,22.55,54.265
2020-04-28,12.52,64.03,42.5,39.5666,22.53,53.995
2020-04-29,12.88,65.84,43.450001,40.93,22.92,55.615
2020-04-30,12.7,65.13,42.939999,40.51,22.71,55.005
2020-05-01,12.37,63.43,41.720001,39.4257,22.34,53.61
2020-05-04,12.43,63.69,41.830002,39.94,22.37,53.89
2020-05-05,12.56,64.23,42.200001,40.6,22.46,54.415
2020-05-06,12.47,63.89,41.990002,40.745,22.33,54.065
2020-05-07,12.63,64.73,42.52,41.38,22.56,54.76
2020-05-08,12.85,65.83,43.130001,42.01,22.8,55.75
2020-05-11,12.86,65.93,43.189999,42.39,22.75,55.775
2020-05-12,12.59,64.57,42.169998,41.45,22.48,54.555
2020-05-13,12.37,63.42,41.59,40.78,22.26,53.575
2020-05-14,12.51,64.23,42.060001,41.24,22.39,54.23
2020-05-15,12.6,64.55,42.099998,41.585,22.44,54.62
2020-05-18,12.99,66.46,43.330002,42.73,22.9,56.195
2020-05-19,12.84,65.71,43.009998,42.55,22.76,55.675
2020-05-20,13.04,66.86,43.639999,43.1668,22.97,56.675
2020-05-21,12.95,66.36,43.18,42.92,22.86,56.26
2020-05-22,12.98,66.54,43.240002,43.1924,22.9,56.4
2020-05-25,,,,,,
2020-05-26,13.14,67.39,43.75,43.48,23.16,57.085
2020-05-27,13.32,68.39,44.23,43.86,23.43,57.815
2020-05-28,13.3,68.28,44.419998,44.02,23.43,57.69
2020-05-29,13.37,68.49,44.900002,44.69,23.47,57.995
2020-06-01,13.4,68.92,44.84,44.76,23.57,58.19
2020-06-02,13.51,69.47,45.130001,44.85,23.71,58.725
2020-06-03,13.68,70.39,45.84,45.17,23.98,59.375
2020-06-04,13.62,70.11,45.740002,44.64,23.93,59.145
2020-06-05,13.94,71.77,46.75,45.51,24.26,60.555
2020-06-08,14.08,72.67,47.060001,45.74,24.45,61.215
2020-06-09,13.95,72.24,46.700001,45.55,24.29,60.73
2020-06-10,13.93,71.8,46.709999,45.94,24.24,60.535
2020-06-11,13.13,67.75,44.200001,43.54,23.41,57.08
2020-06-12,13.28,68.58,44.709999,43.924,23.57,57.79
2020-06-15,13.4,69.04,45.099998,44.39,23.68,58.18
2020-06-16,13.64,70.25,45.849998,45.14,23.95,59.24
2020-06-17,13.62,70.06,45.880001,45.42,23.93,59.03
2020-06-18,13.62,70.15,45.900002,45.45,23.92,59.155
2020-06-19,13.55,69.77,45.66,45.5474,23.88,58.87
2020-06-22,13.64,70.26,46.009998,45.97,23.96,59.255
2020-06-23,13.68,70.55,46.130001,46.13,24.04,59.46
2020-06-24,13.33,68.77,45.02,44.99,23.7,57.94
2020-06-25,13.48,69.56,45.389999,45.5046,23.85,58.605
2020-06-26,13.17,67.96,44.549999,44.6156,23.29,57.245
2020-06-29,13.36,68.84,45.150002,45.02,23.5,58.045
2020-06-30,13.6,69.99,45.869999,45.88,23.69,59.01
2020-07-01,13.64,70.41,46.310001,46.295,23.71,59.385
2020-07-02,13.73,70.75,46.610001,46.63,23.82,59.775
2020-07-03,,,,,,
2020-07-06,13.93,71.96,47.41,47.37,24.05,60.635
2020-07-07,13.78,71.22,46.990002,47.1,23.86,60.0
2020-07-08,13.87,71.8,47.349998,47.6,23.95,60.475
2020-07-09,13.79,71.46,47.5,47.7,23.86,60.145
2020-07-10,13.93,72.18,47.82,47.89,23.97,60.67
2020-07-13,13.78,71.4,47.25,46.81,23.87,59.935
2020-07-14,13.97,72.3831,47.91,47.42,24.08,60.79
2020-07-15,14.11,73.08,48.240002,47.9,24.25,61.355
2020-07-16,14.06,72.82,48.07,47.59,24.22,61.04
2020-07-17,14.12,73.03,48.209999,47.99,24.29,61.365
2020-07-20,14.25,73.72,48.810001,48.94,24.41,62.0675
2020-07-21,14.26,73.75,48.810001,48.59,24.44,61.995
2020-07-22,14.37,74.22,49.0,48.95,24.55,62.45
2020-07-23,14.2,73.29,48.580002,48.25,24.42,61.665
2020-07-24,14.08,72.76,48.130001,47.85,24.31,61.18
2020-07-27,14.2,73.32,48.68,48.61,24.47,61.725
2020-07-28,14.08,72.82,48.299999,48.03,24.39,61.235
2020-07-29,14.24,73.81,48.889999,48.72,24.6,61.965
2020-07-30,14.19,73.54,48.810001,48.85,24.59,61.785
2020-07-31,14.16,74.14,48.990002,48.825,24.58,61.885
2020-08-03,14.29,74.71,49.34,49.35,24.72,62.36
2020-08-04,14.32,74.99,49.470001,49.43,24.78,62.51
2020-08-05,14.41,75.45,49.73,49.74,24.85,62.91
2020-08-06,14.47,75.93,49.779999,49.86,24.95,63.365
2020-08-07,14.5,75.95,49.77,49.45,25.01,63.38
2020-08-10,14.5,76.05,49.869999,49.3,25.05,63.395
2020-08-11,14.42,75.4,49.470001,48.77,24.96,62.905
2020-08-12,14.64,76.56,50.209999,49.67,25.15,63.906
2020-08-13,14.6,76.52,50.040001,49.98,25.1,63.77
2020-08-14,14.6,76.51,50.110001,49.84,25.09,63.74
2020-08-17,14.71,76.8,50.34,50.55,25.16,64.24
2020-08-18,14.74,77.0285,50.610001,50.8231,25.18,64.32
2020-08-19,14.68,76.72,50.310001,50.69,25.14,64.0425
2020-08-20,14.74,77.03,50.57,50.94,25.14,64.405
2020-08-21,14.76,77.32,50.700001,50.98,25.14,64.425
2020-08-24,14.88,77.97,51.200001,51.12,25.3,64.92
2020-08-25,14.94,78.31,51.360001,51.49,25.35,65.405
2020-08-26,15.1,79.2,51.84,52.52,25.48,66.3838
2020-08-27,15.16,79.33,51.77,52.41,25.46,66.525
2020-08-28,15.28,79.82,52.16,52.81,25.55,67.105
2020-08-31,15.23,79.68,52.009998,52.98,25.51,66.79
2020-09-01,15.28,80.43,52.450001,53.39,25.61,67.195
2020-09-02,15.56,81.56,53.34,54.29,25.88,68.315
2020-09-03,15.01,78.51,51.459999,51.795,25.37,65.89
2020-09-04,14.86,77.8,50.939999,50.71,25.23,65.06
2020-09-07,,,,,,
2020-09-08,14.43,75.55,49.650002,48.97,24.87,63.175
2020-09-09,14.75,77.08,50.700001,50.23,25.14,64.535
2020-09-10,14.52,75.8,50.0,49.5418,24.93,63.48
2020-09-11,14.55,75.82,50.119999,49.3628,24.98,63.62
2020-09-14,14.77,76.85,50.84,50.2,25.19,64.535
2020-09-15,14.87,77.32,51.119999,50.74,25.27,65.03
2020-09-16,14.83,76.98,51.009998,50.25,25.24,64.705
2020-09-17,14.71,76.31,50.619999,49.68,25.16,64.19
2020-09-18,14.58,75.53,50.130001,49.3978,25.03,63.52
2020-09-21,14.4,74.81,49.650002,49.26,24.81,62.815
2020-09-22,14.51,75.49,50.27,49.94,24.92,63.365
2020-09-23,14.17,73.38,49.299999,48.81,24.6,61.61
2020-09-24,14.21,73.48,49.529999,48.87,24.62,61.76
2020-09-25,14.42,74.87,50.23,49.86,24.82,62.755
2020-09-28,14.63,76.08,50.98,50.5616,25.06,63.66
2020-09-29,14.57,75.67,50.799999,50.66,25.02,63.525
2020-09-30,14.7,76.21,51.049999,50.89,25.1,63.975
2020-10-01,14.77,76.7,51.400002,51.33,25.21,64.395
2020-10-02,14.63,76.05,50.740002,50.56,25.1,63.7617
2020-10-05,14.87,77.37,51.439999,51.375,25.35,64.885
2020-10-06,14.69,76.37,51.02,50.7287,25.21,64.03
2020-10-07,14.94,77.72,51.860001,51.62,25.44,65.06
2020-10-08,15.06,78.38,52.189999,51.93,25.6,65.62
2020-10-09,15.19,79.11,52.740002,52.68,25.71,66.235
2020-10-12,15.37,80.32,53.580002,53.36,25.93,67.105
2020-10-13,15.31,79.9,53.380001,53.59,25.82,66.92
2020-10-14,15.24,79.46,53.029999,53.18,25.74,66.56
2020-10-15,15.21,79.39,52.950001,52.9,25.67,66.395
2020-10-16,15.22,79.32,52.939999,53.07,25.71,66.44
2020-10-19,14.97,78.13,52.080002,52.31,25.48,65.355
2020-10-20,15.03,78.39,52.330002,52.39,25.57,65.65
2020-10-21,15.01,78.21,52.240002,52.33,25.52,65.73
2020-10-22,15.07,78.66,52.450001,52.25,25.57,65.925
2020-10-23,15.12,78.83,52.619999,52.56,25.64,66.195
2020-10-26,14.8,77.39,51.650002,51.49,25.32,64.705
2020-10-27,14.75,77.24,51.549999,51.54,25.26,64.57
2020-10-28,14.21,74.58,49.700001,49.875,24.76,62.225
2020-10-29,14.35,75.32,50.27,50.29,24.87,62.89
2020-10-30,14.29,74.43,49.759998,49.54,24.76,62.505
2020-11-02,14.49,75.27,50.259998,50.06,25.03,63.265
2020-11-03,14.78,76.64,51.259998,51.19,25.37,64.415
2020-11-04,15.06,78.32,52.18,52.92,25.67,65.935
2020-11-05,15.34,79.97,53.380001,54.04,26.01,67.19
2020-11-06,15.32,80.06,53.59,54.15,25.99,67.2
2020-11-09,15.53,80.88,53.73,53.39,26.15,67.67
2020-11-10,15.48,80.68,53.34,52.41,26.17,67.4
2020-11-11,15.58,81.32,53.860001,53.37,26.27,67.845
2020-11-12,15.42,80.58,53.439999,52.91,26.14,67.1162
2020-11-13,15.64,81.64,54.279999,53.57,26.39,68.115
2020-11-16,15.79,82.62,54.669998,53.79,26.57,68.805
2020-11-17,15.75,82.31,54.650002,53.869,26.53,68.575
2020-11-18,15.6,81.46,54.080002,53.45,26.36,67.945
2020-11-19,15.67,81.9,51.439999,54.02,26.49,68.3
2020-11-20,15.56,81.38,51.16,53.7183,26.44,67.805
2020-11-23,15.69,81.94,51.380001,53.95,26.52,68.425
2020-11-24,15.93,83.22,52.0,54.4884,26.76,69.555
2020-11-25,15.9,83.21,51.880001,54.8334,26.7,69.465
2020-11-26,,,,,,
2020-11-27,15.96,83.57,52.16,55.29,26.81,69.7
2020-11-30,15.86,83.16,52.040001,55.5,26.69,69.335
2020-12-01,16.0,83.98,52.560001,55.9922,26.85,70.0
2020-12-02,15.99,84.09,52.650002,55.43,26.81,69.89
2020-12-03,15.99,84.07,52.57,55.52,26.84,69.89
2020-12-04,15.99,84.86,53.049999,56.09,26.96,70.5465
2020-12-07,15.95,84.78,52.93,56.2434,26.91,70.54
2020-12-08,16.0,85.08,53.02,56.56,26.98,70.68
2020-12-09,15.87,84.19,52.490002,55.475,26.86,69.97
2020-12-10,15.83,84.24,52.25,55.7,26.86,69.9
2020-12-11,15.84,84.11,52.32,55.755,26.84,69.85
2020-12-14,15.79,83.57,52.25,56.0071,26.78,69.51
2020-12-15,15.95,84.65,52.799999,56.43,26.97,70.17
2020-12-16,15.97,84.74,52.939999,56.7,27.02,70.34
2020-12-17,16.1,85.41,53.220001,55.8706,27.14,70.91
2020-12-18,16.1,85.16,53.130001,56.12,27.08,70.7
2020-12-21,16.01,84.88,52.860001,55.81,27.04,70.41
2020-12-22,15.96,84.84,52.740002,56.03,27.06,70.31
2020-12-23,15.96,84.84,52.560001,55.65,27.09,70.29
2020-12-24,16.03,85.17,52.82,55.91,27.15,70.62
2020-12-25,,,,,,
2020-12-28,16.13,85.71,53.240002,56.02,27.27,71.04
2020-12-29,16.1,85.52,53.169998,55.81,26.69,70.86
2020-12-30,16.16,85.65,53.259998,56.08,26.75,71.04
2020-12-31,16.28,86.03,53.650002,56.3,26.83,71.54
2021-01-01,,,,,,
2021-01-04,16.07,84.89,52.959999,55.71,26.65,70.61
2021-01-05,16.16,85.49,53.310001,56.06,26.74,71.03
2021-01-06,16.28,85.94,53.73,55.83,26.93,71.41
2021-01-07,16.54,87.3,54.52,57.27,27.16,72.57
2021-01-08,16.65,87.86,54.740002,58.05,27.24,73.07
2021-01-11,16.54,87.3,54.439999,57.47,27.19,72.43
2021-01-12,16.56,87.4,54.43,57.46,27.24,72.46
2021-01-13,16.56,87.62,54.439999,57.44,27.2,72.49
2021-01-14,16.47,87.34,54.240002,57.07,27.21,72.1
2021-01-15,16.38,86.65,53.75,56.61,27.11,71.78
2021-01-18,,,,,,
2021-01-19,16.53,87.39,54.209999,57.52,27.23,72.5
2021-01-20,16.75,88.62,54.790001,58.6,27.44,73.48
2021-01-21,16.71,88.7,54.860001,58.48,27.4,73.4
2021-01-22,16.64,88.44,54.610001,58.42,27.36,73.07
2021-01-25,16.69,88.76,54.639999,58.52,27.39,73.32
2021-01-26,16.67,88.61,54.419998,58.16,27.35,73.21
2021-01-27,16.23,86.37,52.720001,56.5,26.9,71.44
2021-01-28,16.47,87.21,53.639999,57.25,27.13,72.23
2021-01-29,16.15,85.57,52.77,56.37,26.82,70.8
2021-02-01,16.43,86.94,53.790001,57.62,27.12,72.09
2021-02-02,16.66,88.22,54.57,58.7,27.3,73.15
2021-02-03,16.73,88.3,54.220001,58.62,27.35,73.49
2021-02-04,16.89,89.32,54.810001,59.17,27.47,74.22
2021-02-05,16.98,89.72,54.91,59.58,27.53,74.58
2021-02-08,17.1,90.38,55.41,60.18,27.66,75.17
2021-02-09,17.06,90.3,55.32,60.1,27.66,75.08
2021-02-10,17.05,90.35,55.169998,60.06,27.66,74.99
2021-02-11,17.13,90.53,55.57,60.75,27.69,75.36
2021-02-12,17.17,90.97,55.830002,61.2,27.78,75.63
2021-02-15,,,,,,
2021-02-16,17.16,90.87,55.959999,61.1,27.73,75.63
2021-02-17,17.17,90.76,55.790001,60.84,27.7,75.63
2021-02-18,17.13,90.39,55.639999,60.47,27.65,75.37
2021-02-19,17.09,90.21,55.740002,60.43,27.68,75.17
2021-02-22,16.95,89.43,55.209999,58.84,27.59,74.57
2021-02-23,16.94,89.47,55.369999,58.51,27.57,74.61
2021-02-24,17.16,90.34,56.189999,59.24,27.74,75.61
2021-02-25,16.74,88.1,54.830002,57.19,27.29,73.64
2021-02-26,16.66,87.73,54.869999,57.47,27.25,73.3
2021-03-01,17.01,89.9,56.099998,58.9,27.63,74.97
2021-03-02,16.87,89.09,55.459999,58.03,27.52,74.39
2021-03-03,16.61,87.73,54.59,56.23,27.33,73.22
2021-03-04,16.38,86.44,53.759998,54.86,27.04,72.13
2021-03-05,16.72,88.09,54.98,55.76,27.35,73.67
2021-03-08,16.67,87.52,54.549999,54.52,27.3,73.34
2021-03-09,16.91,88.92,55.400002,56.39,27.5,74.41
2021-03-10,17.01,89.41,55.529999,56.38,27.65,74.9
2021-03-11,17.2,90.42,56.16,57.79,27.83,75.8
2021-03-12,17.19,90.56,56.099998,57.35,27.82,75.78
2021-03-15,17.31,91.2,56.459999,57.82,27.94,76.34
2021-03-16,17.29,90.98,56.529999,57.75,27.91,76.13
2021-03-17,17.33,91.26,56.73,57.682,27.91,76.3
2021-03-18,17.09,89.8,55.889999,56.22,27.69,75.15
2021-03-19,17.03,89.73,55.939999,56.32,27.68,74.94
2021-03-22,17.17,90.48,56.450001,57.13,27.8,75.58
2021-03-23,17.08,89.79,56.009998,56.95,27.61,74.99
2021-03-24,17.01,89.12,56.07,56.3622,27.53,74.63
2021-03-25,17.1,89.34,56.299999,56.3,27.66,74.86
2021-03-26,17.4,90.8,57.470001,57.38,27.94,76.25
2021-03-29,17.39,90.6,57.439999,57.25,27.83,76.07
2021-03-30,17.34,90.45,57.139999,57.03,27.83,75.94
2021-03-31,17.41,90.87,57.43,57.98,27.89,76.36
2021-04-01,17.63,91.95,58.209999,58.97,28.15,77.33
2021-04-02,,,,,,
2021-04-05,17.91,93.17,59.07,59.91,28.36,78.51
2021-04-06,17.88,93.18,58.93,59.95,28.37,78.33
2021-04-07,17.88,93.26,58.93,59.78,28.35,78.29
2021-04-08,17.95,93.77,59.16,60.47,28.46,78.66
2021-04-09,18.08,94.45,59.549999,60.87,28.6,79.2
2021-04-12,18.1,94.48,59.580002,60.98,28.57,79.31
2021-04-13,18.16,94.86,59.779999,61.62,28.63,79.6
2021-04-14,18.1,94.47,59.490002,61.1,28.59,79.37
2021-04-15,18.3,95.53,60.119999,62.01,28.84,80.26
2021-04-16,18.38,95.78,60.299999,62.18,28.9,80.59
2021-04-19,18.27,95.23,59.830002,61.51,28.81,80.07
2021-04-20,18.19,94.63,59.610001,61.19,28.67,79.61
2021-04-21,18.38,95.53,60.169998,61.86,28.85,80.44
2021-04-22,18.21,94.68,59.689999,61.43,28.78,79.82
2021-04-23,18.4,95.74,60.310001,62.25,28.98,80.65
2021-04-26,18.4,95.96,60.349998,62.44,29.0,80.72
2021-04-27,18.37,95.83,60.32,62.18,29.01,80.67
2021-04-28,18.33,95.79,60.220001,62.04,29.01,80.48
2021-04-29,18.41,96.27,60.57,62.02,29.01,80.76
2021-04-30,18.32,95.51,60.07,61.41,28.87,80.23
2021-05-03,18.37,95.75,60.360001,60.95,28.97,80.44
2021-05-04,18.28,95.12,59.959999,60.1,28.84,79.96
2021-05-05,18.28,95.08,59.91,59.91,28.94,80.06
2021-05-06,18.42,95.77,60.259998,60.02,29.08,80.53
2021-05-07,18.58,96.48,60.700001,60.69,29.24,81.28
2021-05-10,18.4,95.44,60.200001,59.49,29.07,80.45
2021-05-11,18.22,94.73,59.779999,59.32,28.87,79.67
2021-05-12,17.81,92.61,58.48,57.58,28.42,77.85
2021-05-13,18.04,93.6,59.279999,58.05,28.69,78.8
2021-05-14,18.28,95.14,60.110001,59.17,28.97,79.93
2021-05-17,18.21,94.88,59.66,58.74,28.92,79.61
2021-05-18,18.06,94.07,59.16,58.5584,28.83,78.97
2021-05-19,18.01,93.76,59.029999,58.61,28.77,78.77
2021-05-20,18.22,94.95,59.740002,59.69,29.0,79.68
2021-05-21,18.21,94.89,59.610001,59.54,29.01,79.72
2021-05-24,18.41,95.88,60.220001,60.53,29.16,80.58
2021-05-25,18.38,95.69,60.240002,60.79,29.15,80.52
2021-05-26,18.43,95.93,60.240002,60.9,29.19,80.75
2021-05-27,18.42,95.95,60.360001,60.81,29.17,80.63
2021-05-28,18.47,96.18,60.470001,60.9,29.22,80.88
2021-05-31,,,,,,
2021-06-01,18.43,96.03,60.200001,60.73,29.21,80.92
2021-06-02,18.45,96.28,60.279999,60.78,29.22,80.97
2021-06-03,18.39,95.84,60.130001,60.3436,29.16,80.67
2021-06-04,18.58,96.73,60.619999,61.24,29.33,81.59
2021-06-07,18.6,96.75,60.450001,61.4,29.33,81.53
2021-06-08,18.58,96.81,60.349998,61.38,29.38,81.58
2021-06-09,18.55,96.63,60.209999,61.35,29.35,81.4
2021-06-10,18.68,96.91,60.490002,62.11,29.45,81.71
2021-06-11,18.71,97.13,60.709999,62.17,29.45,81.94
2021-06-14,18.74,97.38,60.84,62.53,29.46,82.04
2021-06-15,18.68,97.12,60.740002,62.05,29.45,81.8
2021-06-16,18.57,96.61,60.369999,61.77,29.33,81.25
2021-06-17,18.57,96.64,60.59,62.38,29.28,81.25
2021-06-18,18.35,95.33,59.860001,61.96,29.02,80.28
2021-06-21,18.6,96.63,60.700001,62.55,29.27,81.37
2021-06-22,18.68,97.15,61.040001,63.04,29.34,81.76
2021-06-23,18.67,97.15,60.860001,63.16,29.26,81.75
2021-06-24,18.81,97.71,61.189999,63.76,29.39,82.29
2021-06-25,18.89,98.03,61.43,63.92,29.43,82.6
2021-06-28,18.93,98.33,61.619999,64.46,29.23,82.81
2021-06-29,18.96,98.43,61.720001,64.67,29.27,82.81
2021-06-30,18.95,98.47,61.610001,64.52,29.23,82.83
2021-07-01,19.05,98.96,61.869999,64.59,29.31,83.27
2021-07-02,19.21,99.68,62.34,65.19,29.46,83.96
2021-07-05,,,,,,
2021-07-06,19.14,99.49,62.18,65.23,29.46,83.6
2021-07-07,19.21,99.88,62.34,65.31,29.56,83.86
2021-07-08,19.03,99.05,61.779999,64.78,29.37,83.15
2021-07-09,19.21,100.07,62.32,65.28,29.57,83.95
2021-07-12,19.3,100.4,62.509998,65.57,29.63,84.36
2021-07-13,19.26,100.06,62.389999,65.48,29.53,84.15
2021-07-14,19.28,100.13,62.43,65.31,29.57,84.18
2021-07-15,19.22,99.82,62.34,64.99,29.52,83.84
2021-07-16,19.13,99.11,62.0,64.63,29.42,83.35
2021-07-19,18.85,97.63,61.240002,64.04,29.17,82.17
2021-07-20,19.12,99.12,62.049999,64.98,29.42,83.41
2021-07-21,19.27,99.89,62.580002,65.45,29.56,84.12
2021-07-22,19.32,100.12,62.669998,65.99,29.61,84.31
2021-07-23,19.53,101.25,63.349998,66.88,29.79,85.17
2021-07-26,19.56,101.45,63.299999,66.8,29.78,85.27
2021-07-27,19.46,100.9,63.18,66.23,29.7,84.88
2021-07-28,19.44,100.86,63.16,66.52,29.74,84.85
2021-07-29,19.55,101.27,63.549999,66.69,29.8,85.31
2021-07-30,19.51,100.66,63.619999,66.56,29.75,85.07
2021-08-02,19.49,100.53,63.459999,66.62,29.76,85.01
2021-08-03,19.62,101.29,63.799999,66.86,29.92,85.58
2021-08-04,19.53,100.9,63.639999,67.05,29.82,85.24
2021-08-05,19.67,101.53,64.0,67.87,29.9,85.74
2021-08-06,19.68,101.61,64.059998,67.55,29.89,85.82
2021-08-09,19.67,101.57,63.84,67.59,29.86,85.63
2021-08-10,19.66,101.57,63.799999,67.29,29.87,85.62
2021-08-11,19.72,101.81,64.089996,67.265,29.94,85.9
2021-08-12,19.77,102.09,64.239998,67.52,30.0,86.06
2021-08-13,19.83,102.28,64.5,67.82,30.08,86.33
2021-08-16,19.88,102.5,64.720001,67.83,30.13,86.52
2021-08-17,19.73,101.8,64.440002,67.36,29.99,85.77
2021-08-18,19.56,100.67,63.610001,66.86,29.83,85.0
2021-08-19,19.64,100.83,63.990002,67.31,29.85,85.22
2021-08-20,19.83,101.69,64.419998,68.1,30.0,86.08
2021-08-23,19.99,102.63,64.870003,68.91,30.13,86.93
2021-08-24,19.99,102.83,64.949997,69.02,30.16,86.98
2021-08-25,20.05,103.1,65.040001,69.2796,30.19,87.26
2021-08-26,19.91,102.48,64.739998,68.88,30.1,86.64
2021-08-27,20.09,103.38,65.220001,69.51,30.27,87.47
2021-08-30,20.14,103.86,65.529999,69.96,30.33,87.8
2021-08-31,20.11,103.72,65.410004,69.78,30.3,87.6
2021-09-01,20.12,103.78,65.610001,69.91,30.34,87.66
2021-09-02,20.15,104.12,65.75,69.97,30.41,87.81
2021-09-03,20.15,104.12,65.779999,70.2,30.39,87.75
2021-09-06,,,,,,
2021-09-07,20.03,103.71,65.300003,69.86,30.28,87.25
2021-09-08,20.04,103.52,65.370003,69.73,30.24,87.23
2021-09-09,19.94,103.15,65.019997,69.45,30.15,86.96
2021-09-10,19.82,102.32,64.639999,69.07,30.0,86.44
2021-09-13,19.86,102.48,64.669998,68.89,30.07,86.61
2021-09-14,19.79,102.0,64.360001,68.81,29.99,86.38
2021-09-15,19.97,102.87,64.879997,69.36,30.11,87.09
2021-09-16,19.93,102.71,64.800003,69.47,30.08,87.0
2021-09-17,19.76,101.76,64.209999,68.77,29.88,86.06
2021-09-20,19.44,99.99,63.360001,67.52,29.62,84.64
2021-09-21,19.43,99.93,63.27,67.48,29.61,84.64
2021-09-22,19.62,100.95,63.759998,68.1,29.74,85.5
2021-09-23,19.85,102.15,64.370003,68.92,29.96,86.6
2021-09-24,19.86,101.95,64.370003,68.89,29.88,86.4
2021-09-27,19.77,101.65,63.810001,68.09,29.82,86.14
2021-09-28,19.34,99.47,62.369999,66.04,29.43,84.23
2021-09-29,19.35,99.51,62.419998,65.88,29.44,84.2
2021-09-30,19.12,98.46,61.630001,65.45,29.23,83.21
2021-10-01,19.37,99.55,62.259998,66.21,29.45,84.46
2021-10-04,19.13,98.21,61.299999,64.84,29.25,83.4
2021-10-05,19.33,99.24,61.91,65.58,29.35,84.32
2021-10-06,19.43,99.7,62.27,65.97,29.39,84.75
2021-10-07,19.61,100.54,62.77,66.61,29.51,85.56
2021-10-08,19.57,100.31,62.349998,66.16,29.41,85.39
2021-10-11,19.48,99.67,61.810001,65.74,29.3,84.95
2021-10-12,19.44,99.51,61.779999,65.83,29.31,84.84
2021-10-13,19.54,99.99,62.029999,66.35,29.43,85.25
2021-10-14,19.89,101.76,63.27,67.61,29.77,86.87
2021-10-15,20.02,102.42,63.630001,68.08,29.85,87.45
2021-10-18,20.08,102.82,63.740002,68.65,29.84,87.67
2021-10-19,20.22,103.56,64.339996,69.07,29.97,88.22
2021-10-20,20.26,103.92,64.449997,68.9,30.07,88.33
2021-10-21,20.36,104.17,64.760002,69.45,30.07,88.73
2021-10-22,20.36,104.01,64.800003,69.33,30.1,88.75
2021-10-25,20.5,104.51,64.800003,70.19,30.12,89.41
2021-10-26,20.58,104.65,65.010002,70.43,30.19,89.61
2021-10-27,20.58,104.17,64.519997,70.58,30.1,89.54
2021-10-28,20.76,105.17,64.949997,71.29,30.31,90.37
2021-10-29,20.91,105.4,65.239998,72.01,30.29,90.93
2021-11-01,20.94,105.63,65.330002,72.245,30.35,91.15
2021-11-02,21.03,105.94,65.589996,72.61,30.44,91.63
2021-11-03,21.15,106.63,65.830002,72.88,30.59,92.18
2021-11-04,21.3,107.11,66.370003,74.06,30.63,92.89
2021-11-05,21.33,107.34,66.529999,74.13,30.68,93.13
2021-11-08,21.34,107.47,66.760002,74.13,30.71,93.29
2021-11-09,21.22,107.16,66.790001,73.49,30.72,92.57
2021-11-10,21.09,106.23,66.279999,72.51,30.52,91.85
2021-11-11,21.07,106.17,66.32,72.5,30.51,91.84
2021-11-12,21.21,107.08,66.889999,73.2,30.63,92.46
2021-11-15,21.17,107.06,66.809998,73.01,30.59,92.37
2021-11-16,21.3,107.58,67.160004,73.74,30.65,93.05
2021-11-17,21.22,107.22,66.949997,73.46,30.61,92.53
2021-11-18,21.25,107.55,62.849998,73.64,30.62,92.71
2021-11-19,21.26,107.36,62.77,73.74,30.53,92.69
2021-11-22,21.15,106.84,62.209999,72.84,30.4,92.29
2021-11-23,21.14,106.89,62.419998,72.29,30.37,92.19
2021-11-24,21.19,107.2,62.830002,72.7,30.35,92.44
2021-11-25,,,,,,
2021-11-26,20.7,104.77,61.529999,71.29,30.0,90.17
2021-11-29,21.01,106.13,62.419998,72.63,30.16,91.61
2021-11-30,20.55,104.09,61.119999,71.16,29.83,89.58
2021-12-01,20.34,102.7,60.599998,69.92,29.7,88.48
2021-12-02,20.67,104.34,61.720001,70.91,29.96,90.03
2021-12-03,20.24,103.26,61.25,69.62,29.9,89.01
2021-12-06,20.45,104.44,61.82,70.05,30.09,90.02
2021-12-07,20.9,106.73,62.990002,72.07,30.43,91.99
2021-12-08,20.94,107.13,63.060001,72.48,30.46,92.2
2021-12-09,20.75,106.24,62.48,71.2,30.38,91.31
2021-12-10,20.93,107.03,63.07,71.82,30.46,92.17
2021-12-13,20.73,105.8,62.689999,71.01,30.39,90.88
2021-12-14,20.52,104.91,62.009998,69.72,30.22,89.97
2021-12-15,20.87,106.64,62.889999,71.19,30.46,91.44
2021-12-16,20.69,105.58,62.57,66.3,30.39,90.58
2021-12-17,20.46,104.61,61.959999,66.03,30.22,89.66
2021-12-20,20.23,103.44,61.23,65.2,30.0,88.59
2021-12-21,20.59,105.29,62.369999,66.78,30.26,90.23
2021-12-22,20.84,106.31,62.540001,67.61,30.45,91.41
2021-12-23,21.0,106.97,62.869999,68.22,30.54,92.07
2021-12-24,,,,,,
2021-12-27,21.31,108.46,63.720001,69.37,30.77,93.48
2021-12-28,21.28,108.33,63.619999,68.98,29.54,93.3
2021-12-29,21.33,108.42,63.759998,69.13,29.56,93.49
2021-12-30,21.26,108.23,63.529999,68.91,29.53,93.1
2021-12-31,21.2,107.9,63.41,68.57,29.54,92.92
2022-01-03,21.29,108.44,63.419998,68.51,29.51,93.34
2022-01-04,21.23,108.25,63.459999,67.43,29.54,93.14
2022-01-05,20.76,105.97,62.34,65.2,29.19,91.0
2022-01-06,20.74,105.9,62.240002,65.17,29.16,90.87
2022-01-07,20.61,105.42,61.849998,64.02,29.07,90.27
2022-01-10,20.59,105.33,61.709999,63.77,28.98,90.17
2022-01-11,20.72,106.32,62.169998,64.56,29.16,90.91
2022-01-12,20.83,106.57,62.490002,64.84,29.23,91.3
2022-01-13,20.47,104.93,61.700001,63.01,29.05,89.77
2022-01-14,20.48,104.84,61.889999,63.02,28.97,89.78
2022-01-17,,,,,,
2022-01-18,20.13,102.95,60.66,61.55,28.62,88.14
2022-01-19,19.96,101.83,60.419998,61.07,28.51,87.32
2022-01-20,19.77,100.8,59.830002,60.4,28.35,86.4
2022-01-21,19.44,98.77,59.110001,58.76,28.12,84.98
2022-01-24,19.5,99.21,59.060001,59.26,28.12,85.39
2022-01-25,19.22,97.91,58.060001,57.67,27.88,83.95
2022-01-26,19.24,97.47,58.060001,57.44,27.79,84.05
2022-01-27,19.08,97.03,58.02,56.87,27.71,83.33
2022-01-28,19.54,99.43,59.380001,58.5,28.04,85.25
2022-01-31,19.89,101.41,60.220001,60.49,28.33,86.94
2022-02-01,20.01,102.13,60.529999,60.77,28.45,87.44
2022-02-02,20.26,102.79,61.220001,60.77,28.61,88.29
2022-02-03,19.83,100.28,60.290001,59.03,28.24,86.55
2022-02-04,19.85,100.85,60.110001,59.72,28.21,86.59
2022-02-07,19.74,100.59,59.790001,59.35,28.17,86.13
2022-02-08,19.89,101.43,60.16,59.86,28.31,86.9
2022-02-09,20.21,102.95,61.290001,61.36,28.58,88.4
2022-02-10,19.82,101.13,60.02,60.09,28.22,86.61
2022-02-11,19.4,99.1,58.650002,58.29,27.91,84.68
2022-02-14,19.36,98.74,58.52,58.07,27.81,84.5
2022-02-15,19.7,100.41,59.400002,59.56,28.08,86.12
2022-02-16,19.73,100.41,59.48,59.51,28.12,86.22
2022-02-17,19.26,98.14,58.290001,57.69,27.81,84.16
2022-02-18,19.12,97.46,57.810001,56.91,27.71,83.54
2022-02-21,,,,,,
2022-02-22,18.92,96.38,57.25,56.2,27.52,82.65
2022-02-23,18.55,94.61,56.32,54.875,27.24,81.0
2022-02-24,18.88,96.28,57.290001,57.06,27.39,82.52
2022-02-25,19.27,98.34,58.290001,57.92,27.81,84.23
2022-02-28,19.23,98.16,57.860001,58.04,27.74,84.0
2022-03-01,18.93,96.72,57.07,57.34,27.5,82.58
2022-03-02,19.29,98.43,58.150002,58.29,27.71,84.21
2022-03-03,19.18,97.89,58.080002,57.54,27.6,83.68
2022-03-04,19.02,96.94,57.669998,56.85,27.35,82.75
2022-03-07,18.43,94.09,55.830002,54.7,26.8,80.0
2022-03-08,18.29,93.35,55.130001,54.47,26.63,79.44
2022-03-09,18.81,95.93,56.639999,56.39,27.12,81.94
2022-03-10,18.67,95.34,56.130001,55.91,26.98,81.26
2022-03-11,18.43,94.0,55.57,54.67,26.78,80.14
2022-03-14,18.31,93.13,55.439999,53.78,26.67,79.45
2022-03-15,18.74,95.19,56.619999,55.43,26.97,81.48
2022-03-16,19.18,97.53,57.970001,57.26,27.37,83.47
2022-03-17,19.41,98.81,58.650002,58.17,27.57,84.38
2022-03-18,19.66,100.0,59.34,59.58,27.77,85.57
2022-03-21,19.61,99.94,59.220001,59.13,27.59,85.35
2022-03-22,19.85,101.18,59.790001,60.05,27.73,86.44
2022-03-23,19.55,99.9,58.830002,58.91,27.49,85.06
2022-03-24,19.85,101.06,59.599998,60.01,27.67,86.18
2022-03-25,19.92,101.45,59.84,59.86,27.63,86.43
2022-03-28,20.12,102.2,60.290001,60.92,27.73,87.31
2022-03-29,20.4,103.63,60.919998,62.05,28.08,88.67
2022-03-30,20.26,102.91,60.619999,61.37,27.96,87.92
2022-03-31,19.95,101.35,59.740002,60.73,27.71,86.62
2022-04-01,20.03,101.58,59.869999,60.79,27.8,86.81
2022-04-04,20.2,102.58,60.150002,62.03,27.87,87.62
2022-04-05,19.94,101.19,59.68,60.85,27.64,86.34
2022-04-06,19.68,99.94,59.240002,59.78,27.44,85.1
2022-04-07,19.77,100.43,59.419998,60.07,27.48,85.53
2022-04-08,19.68,100.11,59.200001,59.4,27.41,85.1
2022-04-11,19.31,98.39,58.32,58.01,27.15,83.53
2022-04-12,19.19,97.95,57.790001,57.5,27.07,82.96
2022-04-13,19.43,99.16,58.549999,58.37,27.26,83.96
2022-04-14,19.18,97.84,58.0,57.31,27.01,82.87
2022-04-15,,,,,,
2022-04-18,19.16,97.78,57.610001,57.27,26.89,82.77
2022-04-19,19.5,99.49,58.5,58.42,27.14,84.3
2022-04-20,19.54,99.37,58.830002,57.72,27.27,84.46
2022-04-21,19.28,97.76,58.049999,56.69,27.02,83.3
2022-04-22,18.75,95.12,56.209999,55.12,26.61,80.94
2022-04-25,18.9,95.7,56.43,55.7,26.71,81.72
2022-04-26,18.34,92.93,55.0,53.72,26.3,79.15
2022-04-27,18.43,93.13,55.639999,54.15,26.35,79.6
2022-04-28,18.84,95.56,56.790001,55.47,26.68,81.37
2022-04-29,18.23,92.01,54.82,53.63,26.17,78.62
2022-05-02,18.36,92.66,54.880001,54.16,26.13,79.32
2022-05-03,18.4,93.11,55.0,54.12,26.22,79.49
2022-05-04,18.94,95.86,56.360001,55.72,26.63,81.88
2022-05-05,18.25,92.27,54.549999,53.1,26.0,78.84
2022-05-06,18.1,91.61,53.91,52.31,25.81,78.17
2022-05-09,17.55,88.56,52.23,49.81,25.42,75.68
2022-05-10,17.58,88.77,52.290001,50.15,25.48,75.87
2022-05-11,17.29,87.21,51.639999,48.92,25.29,74.65
2022-05-12,17.29,87.26,51.73,49.01,25.34,74.6
2022-05-13,17.7,89.51,52.889999,50.65,25.63,76.46
2022-05-16,17.6,89.04,52.709999,50.08,25.59,75.96
2022-05-17,17.95,90.98,53.619999,51.26,25.84,77.52
2022-05-18,17.24,87.23,51.700001,48.91,25.27,74.36
2022-05-19,17.13,86.69,51.529999,49.14,25.26,73.94
2022-05-20,17.11,86.89,51.439999,49.04,25.33,73.81
2022-05-23,17.42,88.43,52.459999,49.94,25.57,75.05
2022-05-24,17.26,87.61,52.139999,48.82,25.5,74.27
2022-05-25,17.42,88.43,52.389999,49.65,25.62,75.14
2022-05-26,17.77,90.28,53.220001,51.03,25.92,76.68
2022-05-27,18.24,92.57,54.619999,52.7,26.28,78.72
2022-05-30,,,,,,
2022-05-31,18.11,91.92,54.18,52.15,26.14,78.11
2022-06-01,17.97,91.21,53.759998,51.54,26.0,77.5
2022-06-02,18.33,93.09,55.040001,53.21,26.31,79.22
2022-06-03,18.02,91.51,54.209999,52.19,26.08,77.89
2022-06-06,18.07,91.75,54.259998,52.3,26.1,78.08
2022-06-07,18.23,92.72,54.709999,52.84,26.24,78.8
2022-06-08,18.04,91.75,53.970001,52.34,26.01,77.91
2022-06-09,17.66,89.22,52.779999,51.14,25.65,76.12
2022-06-10,17.14,86.55,51.389999,49.36,25.11,73.82
2022-06-13,16.52,83.2,49.689999,47.17,24.41,71.0
2022-06-14,16.46,82.85,49.349998,47.16,24.27,70.83
2022-06-15,16.73,84.14,50.009998,48.21,24.54,72.0
2022-06-16,16.2,81.27,48.709999,46.26,24.12,69.6
2022-06-17,16.27,81.39,48.939999,46.76,24.22,69.94
2022-06-20,,,,,,
2022-06-21,16.68,83.45,49.990002,47.84,24.48,71.72
2022-06-22,16.7,83.37,50.110001,47.88,24.54,71.68
2022-06-23,16.88,84.27,50.68,48.74,24.75,72.42
2022-06-24,17.42,86.9,52.09,50.49,25.22,74.79
2022-06-27,17.33,86.63,51.830002,50.07,25.12,74.43
2022-06-28,16.92,84.82,50.700001,48.57,24.56,72.65
2022-06-29,16.91,84.74,50.880001,48.55,24.57,72.6
2022-06-30,16.76,83.9,50.529999,48.2,24.47,71.9
2022-07-01,16.91,84.91,51.150002,48.5,24.66,72.46
2022-07-04,,,,,,
2022-07-05,16.99,85.07,51.209999,49.07,24.68,72.83
2022-07-06,17.06,85.43,51.540001,49.216,24.66,73.09
2022-07-07,17.32,86.74,52.009998,50.18,24.85,74.25
2022-07-08,17.3,86.65,51.939999,50.03,24.78,74.17
2022-07-11,17.1,85.67,51.560001,49.19,24.66,73.26
2022-07-12,16.88,84.8,50.880001,48.42,24.56,72.43
2022-07-13,16.8,84.4,50.689999,48.35,24.51,72.11
2022-07-14,16.74,84.08,50.580002,48.27,24.39,71.79
2022-07-15,17.03,85.73,51.419998,49.27,24.69,73.05
2022-07-18,16.87,85.06,50.779999,48.95,24.57,72.45
2022-07-19,17.32,87.38,52.18,50.49,24.97,74.46
2022-07-20,17.39,88.06,52.330002,51.31,25.06,74.93
2022-07-21,17.6,88.94,53.009998,52.3,25.3,75.78
2022-07-22,17.41,88.09,52.509998,51.51,25.26,74.96
2022-07-25,17.41,88.14,52.459999,51.26,25.25,74.87
2022-07-26,17.21,87.1,52.150002,50.36,25.09,73.97
2022-07-27,17.68,89.31,53.32,52.14,25.49,76.11
2022-07-28,17.97,90.49,54.23,53.21,25.75,77.37
2022-07-29,18.15,91.9,54.540001,53.94,25.91,78.13
2022-08-01,18.1,91.65,54.330002,53.81,25.94,77.98
2022-08-02,17.98,91.06,54.009998,53.62,25.71,77.48
2022-08-03,18.26,92.58,54.880001,54.34,26.0,78.76
2022-08-04,18.27,92.59,55.029999,54.62,26.02,78.86
2022-08-05,18.22,92.34,54.889999,54.47,25.89,78.59
2022-08-08,18.18,92.27,54.759998,54.42,25.97,78.47
2022-08-09,18.07,91.87,54.509998,53.67,25.84,77.92
2022-08-10,18.48,93.88,55.549999,55.13,26.2,79.76
2022-08-11,18.44,93.8,55.5,54.98,26.18,79.68
2022-08-12,18.77,95.46,56.450001,56.06,26.46,81.1
2022-08-15,18.87,95.88,56.849998,56.55,26.52,81.55
2022-08-16,18.9,95.97,57.009998,56.47,26.53,81.69
2022-08-17,18.75,95.28,56.509998,55.91,26.33,80.95
2022-08-18,18.8,95.53,56.549999,56.05,26.36,81.19
2022-08-19,18.55,94.21,55.860001,54.97,26.08,79.98
2022-08-22,18.15,92.19,54.84,53.61,25.68,78.18
2022-08-23,18.09,92.02,54.470001,53.4,25.59,77.98
2022-08-24,18.13,92.33,54.59,53.7,25.62,78.18
2022-08-25,18.36,93.69,55.220001,54.49,25.86,79.13
2022-08-26,17.71,90.43,53.400002,52.4,25.34,76.29
2022-08-29,17.56,89.77,53.07,51.9,25.18,75.66
2022-08-30,17.39,88.82,52.540001,51.35,25.06,74.93
2022-08-31,17.25,88.2,52.209999,51.04,24.93,74.29
2022-09-01,17.3,88.3,52.52,50.8,24.88,74.39
2022-09-02,17.09,87.4,51.810001,50.27,24.78,73.52
2022-09-05,,,,,,
2022-09-06,17.04,87.01,51.82,50.15,24.65,73.23
2022-09-07,17.38,88.63,52.860001,51.35,24.99,74.79
2022-09-08,17.5,89.19,53.139999,51.87,25.06,75.29
2022-09-09,17.78,90.72,53.779999,52.94,25.28,76.51
2022-09-12,17.91,91.66,54.290001,53.34,25.46,77.08
2022-09-13,17.15,87.59,52.099998,50.9727,24.8,73.79
2022-09-14,17.18,87.9,52.029999,50.98,24.79,73.85
2022-09-15,16.96,86.91,51.200001,50.3,24.62,72.92
2022-09-16,16.87,86.16,50.900002,49.78,24.46,72.48
2022-09-19,16.96,86.84,51.110001,50.04,24.54,72.92
2022-09-20,16.73,85.79,50.380001,49.38,24.29,71.96
2022-09-21,16.46,84.25,49.509998,48.5,24.11,70.83
2022-09-22,16.33,83.47,49.099998,47.63,23.86,70.06
2022-09-23,16.09,82.11,48.5,46.91,23.6,69.01
2022-09-26,15.93,80.87,48.029999,46.53,23.34,68.02
2022-09-27,15.89,80.7,47.77,46.64,23.21,67.85
2022-09-28,16.24,82.33,48.560001,47.75,23.59,69.29
2022-09-29,15.93,80.53,47.75,46.76,23.28,67.94
2022-09-30,15.7,79.41,46.939999,46.1,23.11,66.97
2022-10-03,16.05,81.55,48.290001,47.2,23.54,68.48
2022-10-04,16.53,84.05,49.720001,48.89,24.03,70.61
2022-10-05,16.49,83.87,49.66,48.75,23.91,70.43
2022-10-06,16.32,83.04,49.0,48.48,23.72,69.62
2022-10-07,15.85,80.64,47.709999,46.7,23.31,67.55
2022-10-10,15.71,79.97,47.360001,46.09,23.18,66.93
2022-10-11,15.62,79.4,47.060001,45.39,23.06,66.51
2022-10-12,15.59,79.22,46.830002,45.37,23.0,66.36
2022-10-13,15.99,81.23,47.91,46.33,23.26,68.1
2022-10-14,15.59,79.35,46.880001,45.0,22.97,66.46
2022-10-17,16.01,81.38,48.029999,46.51,23.36,68.19
2022-10-18,16.17,82.4,48.599998,47.11,23.56,68.94
2022-10-19,16.03,81.72,48.080002,46.83,23.34,68.3
2022-10-20,15.87,81.03,47.580002,46.36,23.17,67.68
2022-10-21,16.22,83.04,48.52,47.22,23.48,69.11
2022-10-24,16.43,84.0,49.110001,47.85,23.62,69.99
2022-10-25,16.74,85.47,49.91,48.97,23.96,71.34
2022-10-26,16.55,84.85,49.57,48.59,23.95,70.61
2022-10-27,16.53,84.43,49.389999,48.52,23.9,70.55
2022-10-28,16.97,86.35,50.93,49.71,24.21,72.36
2022-10-31,16.85,85.75,50.630001,49.3,24.09,71.73
2022-11-01,16.77,85.42,50.450001,49.11,24.06,71.49
2022-11-02,16.34,83.18,49.189999,47.41,23.69,69.57
2022-11-03,16.17,82.26,48.669998,46.83,23.46,68.79
2022-11-04,16.43,83.47,49.41,47.39,23.73,69.9
2022-11-07,16.61,84.19,50.060001,47.91,23.88,70.68
2022-11-08,16.71,84.8,50.349998,48.29,23.99,71.14
2022-11-09,16.37,82.95,49.630001,47.06,23.72,69.74
2022-11-10,17.3,87.7,52.330002,50.47,24.75,73.79
2022-11-11,17.45,88.65,52.709999,51.45,24.94,74.66
2022-11-14,17.29,87.85,52.200001,50.74,24.76,73.96
2022-11-15,17.44,88.62,52.630001,51.53,24.93,74.59
2022-11-16,17.32,87.89,52.400002,50.87,24.84,74.01
2022-11-17,17.25,87.57,47.700001,50.29,24.71,73.71
2022-11-18,17.32,87.91,47.919998,50.37,24.8,73.98
2022-11-21,17.29,87.55,47.970001,50.18,24.79,73.8
2022-11-22,17.52,88.79,48.560001,50.94,24.99,74.89
2022-11-23,17.66,89.37,49.009998,51.56,25.13,75.49
2022-11-24,,,,,,
2022-11-25,17.67,89.35,49.07,51.55,25.16,75.51
2022-11-28,17.41,87.88,48.32,50.78,24.91,74.36
2022-11-29,17.39,87.74,48.139999,50.44,24.86,74.25
2022-11-30,17.98,90.53,49.720001,52.55,25.36,76.78
2022-12-01,17.99,90.51,49.639999,52.72,25.47,76.94
2022-12-02,17.98,90.41,49.610001,52.63,25.48,76.8
2022-12-05,17.63,88.67,48.720001,51.42,25.14,75.28
2022-12-06,17.41,87.35,48.16,50.6699,24.99,74.31
2022-12-07,17.38,87.25,48.02,50.685,25.03,74.15
2022-12-08,17.51,87.99,48.349998,51.32,25.1,74.79
2022-12-09,17.12,87.35,48.02,51.01,24.96,74.23
2022-12-12,17.35,88.59,48.619999,51.73,25.14,75.25
2022-12-13,17.48,88.94,48.91,52.12,25.35,75.52
2022-12-14,17.39,88.37,48.68,51.76,25.32,75.03
2022-12-15,16.97,86.21,47.43,50.08,24.9,73.21
2022-12-16,16.77,85.07,47.110001,49.44,24.7,72.31
2022-12-19,16.61,84.3,46.720001,48.87,24.52,71.62
2022-12-20,16.61,84.43,46.75,48.86,24.49,71.62
2022-12-21,16.84,85.72,47.32,49.71,24.68,72.58
2022-12-22,16.6,84.36,46.720001,48.78,24.49,71.51
2022-12-23,16.68,84.84,46.919998,48.88,24.54,71.86
2022-12-26,,,,,,
2022-12-27,16.59,84.51,46.830002,48.45,24.46,71.49
2022-12-28,16.42,83.51,46.34,47.93,23.04,70.68
2022-12-29,16.73,85.03,47.119999,49.09,23.33,72.07
2022-12-30,16.66,84.75,46.919998,48.89,23.24,71.79
2023-01-02,,,,,,
2023-01-03,16.62,84.44,46.889999,48.636,23.32,71.63
2023-01-04,16.72,85.03,47.27,49.03,23.53,72.17
2023-01-05,16.5,84.05,46.57,48.2,23.35,71.07
2023-01-06,16.86,85.9,47.759998,49.19,23.76,72.75
2023-01-09,16.88,85.9,47.950001,49.61,23.82,72.99
2023-01-10,17.0,86.6,48.27,50.09,23.88,73.42
2023-01-11,17.23,87.64,48.830002,50.9,24.12,74.4
2023-01-12,17.31,88.05,48.889999,51.27,24.28,74.77
2023-01-13,17.37,88.47,49.060001,51.5939,24.33,75.04
2023-01-16,,,,,,
2023-01-17,17.36,88.32,48.990002,51.715,24.28,75.05
2023-01-18,17.08,86.89,48.27,51.06,24.2,73.79
2023-01-19,16.93,86.18,47.77,50.35,24.05,73.09
2023-01-20,17.29,87.81,48.669998,51.64,24.26,74.76
2023-01-23,17.49,88.91,49.200001,52.56,24.4,75.73
2023-01-24,17.45,88.76,49.040001,52.42,24.4,75.51
2023-01-25,17.44,88.79,48.880001,52.33,24.41,75.44
2023-01-26,17.63,89.79,49.299999,53.09,24.52,76.28
2023-01-27,17.7,90.08,49.279999,53.47,24.56,76.62
2023-01-30,17.46,88.9,48.830002,52.61,24.39,75.63
2023-01-31,17.74,90.24,49.490002,53.48,24.65,76.9
2023-02-01,17.95,91.21,50.200001,54.4957,24.86,77.94
2023-02-02,18.23,92.64,50.639999,55.55,25.12,79.2
2023-02-03,18.02,91.58,50.110001,54.73,24.84,78.22
2023-02-06,17.91,90.95,49.82,54.41,24.65,77.67
2023-02-07,18.15,92.1,50.529999,55.17,24.79,78.75
2023-02-08,17.96,91.08,49.950001,54.78,24.69,77.86
2023-02-09,17.78,90.21,49.549999,54.47,24.51,77.14
2023-02-10,17.77,90.39,49.610001,53.93,24.42,77.07
2023-02-13,17.99,91.45,50.150002,54.68,24.62,78.01
2023-02-14,18.01,91.51,49.990002,55.16,24.58,78.17
2023-02-15,18.06,91.89,50.139999,55.42,24.63,78.46
2023-02-16,17.79,90.62,49.419998,54.28,24.41,77.29
2023-02-17,17.76,90.31,49.459999,54.07,24.42,77.12
2023-02-20,,,,,,
2023-02-21,17.37,88.45,48.57,52.79,24.06,75.4
2023-02-22,17.35,88.38,48.509998,52.65,24.06,75.32
2023-02-23,17.49,88.93,48.790001,53.36,24.15,75.96
2023-02-24,17.29,87.88,48.259998,52.5,23.93,75.12
2023-02-27,17.37,88.22,48.259998,52.83,24.02,75.49
2023-02-28,17.32,87.87,48.220001,52.78,23.99,75.2
2023-03-01,17.24,87.59,48.02,52.4171,23.9,74.94
2023-03-02,17.4,88.25,48.700001,53.03,23.97,75.65
2023-03-03,17.65,89.67,49.380001,53.93,24.22,76.75
2023-03-06,17.64,89.62,49.34,53.7821,24.2,76.62
2023-03-07,17.36,88.25,48.610001,53.0,23.95,75.5
2023-03-08,17.39,88.39,48.830002,53.11,23.95,75.61
2023-03-09,17.06,86.73,48.0,52.16,23.74,74.17
2023-03-10,16.78,85.41,47.049999,51.14,23.57,72.93
2023-03-13,16.75,85.25,47.040001,51.25,23.55,72.74
2023-03-14,17.06,86.62,48.0,52.27,23.73,74.1
2023-03-15,16.98,86.14,47.919998,52.07,23.62,73.87
2023-03-16,17.33,87.57,48.759998,53.23,23.81,75.33
2023-03-17,17.18,86.54,48.360001,52.83,23.68,74.63
2023-03-20,17.28,87.33,48.720001,53.02,23.78,75.09
2023-03-21,17.52,88.58,49.169998,53.84,23.94,76.17
2023-03-22,17.24,87.05,48.549999,53.02,23.8,74.88
2023-03-23,17.33,86.76,48.669998,53.46,23.85,74.99
2023-03-24,17.41,87.3,49.029999,53.57,23.89,75.38
2023-03-27,17.42,87.47,49.040001,53.68,23.88,75.43
2023-03-28,17.38,87.29,48.990002,53.49,23.86,75.29
2023-03-29,17.63,88.58,49.59,54.3,24.05,76.35
2023-03-30,17.72,89.09,49.830002,54.69,24.16,76.79
2023-03-31,18.01,90.45,50.389999,55.74,24.38,77.99
2023-04-03,18.02,90.66,50.439999,55.6,24.43,78.0
2023-04-04,17.9,90.14,50.220001,55.15,24.36,77.41
2023-04-05,17.85,89.77,50.02,54.55,24.32,76.99
2023-04-06,17.95,90.09,50.18,54.64,24.38,77.4
2023-04-07,,,,,,
2023-04-10,17.97,90.22,50.119999,54.8,24.33,77.52
2023-04-11,17.96,90.26,50.150002,54.76,24.36,77.55
2023-04-12,17.88,89.88,50.0,54.41,24.35,77.2
2023-04-13,18.1,91.04,50.580002,55.26,24.52,78.09
2023-04-14,18.05,90.83,50.459999,54.99,24.43,77.82
2023-04-17,18.1,91.16,50.740002,55.26,24.48,78.16
2023-04-18,18.1,91.24,50.82,55.37,24.5,78.18
2023-04-19,18.08,91.25,50.77,55.21,24.49,78.05
2023-04-20,17.97,90.69,50.779999,54.77,24.46,77.55
2023-04-21,18.0,90.81,50.91,54.96,24.51,77.68
2023-04-24,17.99,90.85,50.869999,54.9,24.55,77.61
2023-04-25,17.69,89.32,50.130001,53.71,24.36,76.24
2023-04-26,17.67,88.97,49.93,53.82,24.3,76.25
2023-04-27,18.01,90.78,50.68,54.9,24.52,77.51
2023-04-28,18.19,91.53,51.169998,55.51,24.67,78.35
2023-05-01,18.2,91.46,51.130001,55.57,24.56,78.35
2023-05-02,17.99,90.44,50.700001,55.02,24.49,77.52
2023-05-03,17.89,89.83,50.490002,54.67,24.43,76.92
2023-05-04,17.77,89.15,50.380001,54.25,24.28,76.45
2023-05-05,18.08,90.8,51.200001,55.21,24.49,77.83
2023-05-08,18.09,90.83,51.119999,55.29,24.45,77.93
2023-05-09,18.01,90.46,50.93,55.0017,24.36,77.53
2023-05-10,18.12,90.91,51.209999,55.37,24.48,77.97
2023-05-11,18.09,90.67,51.23,55.14,24.45,77.83
2023-05-12,18.09,90.56,51.209999,54.99,24.38,77.8
2023-05-15,18.13,90.91,51.369999,55.33,24.43,78.07
2023-05-16,18.03,90.21,51.200001,55.06,24.26,77.65
2023-05-17,18.26,91.37,51.610001,55.89,24.42,78.69
2023-05-18,18.44,92.25,51.91,56.97,24.46,79.52
2023-05-19,18.41,92.07,51.849998,56.79,24.43,79.32
2023-05-22,18.45,92.14,51.720001,56.95,24.45,79.51
2023-05-23,18.2,91.12,50.950001,56.1,24.27,78.47
2023-05-24,18.02,90.44,50.580002,55.71,24.07,77.61
2023-05-25,18.33,91.21,51.139999,57.03,24.08,78.98
2023-05-26,18.54,92.49,51.630001,58.09,24.23,80.0
2023-05-29,,,,,,
2023-05-30,18.52,92.44,51.369999,58.17,24.24,79.87
2023-05-31,18.37,91.94,51.189999,57.95,24.17,79.26
2023-06-01,18.58,92.84,51.59,58.54,24.33,80.06
2023-06-02,18.86,94.24,52.259998,59.28,24.53,81.32
2023-06-05,18.84,94.08,52.080002,59.35,24.5,81.22
2023-06-06,18.88,94.33,52.18,59.44,24.58,81.48
2023-06-07,18.75,93.62,51.73,58.71,24.5,80.72
2023-06-08,18.86,94.21,52.07,59.19,24.57,81.15
2023-06-09,18.9,94.29,52.169998,59.44,24.55,81.35
2023-06-12,19.07,95.18,52.650002,60.21,24.66,82.15
2023-06-13,19.25,95.85,52.950001,60.92,24.74,82.94
2023-06-14,19.31,95.94,53.310001,61.12,24.74,83.17
2023-06-15,19.57,97.12,54.049999,61.97,25.0,84.24
2023-06-16,19.5,96.73,53.970001,61.67,24.92,84.03
2023-06-19,,,,,,
2023-06-20,19.42,96.25,53.540001,61.48,24.83,83.58
2023-06-21,19.27,95.67,53.27,60.92,24.77,82.91
2023-06-22,19.35,95.99,53.529999,61.15,24.72,83.14
2023-06-23,19.18,95.22,53.18,60.59,24.62,82.4
2023-06-26,19.04,94.86,52.970001,60.14,24.61,81.85
2023-06-27,19.3,95.93,53.5,61.16,24.39,82.85
2023-06-28,19.3,95.97,53.419998,61.19,24.44,82.88
2023-06-29,19.37,96.33,53.560001,61.4,24.45,83.18
2023-06-30,19.59,97.46,54.09,62.21,24.63,84.17
2023-07-03,19.64,97.64,54.02,62.3227,24.62,84.39
2023-07-04,,,,,,
2023-07-05,19.62,97.45,53.790001,62.22,24.51,84.27
2023-07-06,19.46,96.64,53.419998,61.76,24.32,83.63
2023-07-07,19.39,96.44,53.189999,61.58,24.32,83.41
2023-07-10,19.43,96.76,53.299999,62.02,24.42,83.66
2023-07-11,19.56,97.43,53.630001,62.48,24.53,84.18
2023-07-12,19.72,98.21,54.099998,63.08,24.75,84.87
2023-07-13,19.95,99.03,54.639999,63.8,24.93,85.88
2023-07-14,19.96,98.89,54.779999,63.8529,24.87,85.89
2023-07-17,20.02,99.34,54.869999,64.4,24.88,86.14
2023-07-18,20.23,100.14,55.279999,65.14,24.97,87.03
2023-07-19,20.23,100.44,55.34,65.15,25.03,87.04
2023-07-20,20.02,99.64,55.099998,63.83,24.92,86.04
2023-07-21,20.03,99.74,55.389999,63.85,24.97,86.1
2023-07-24,20.12,100.14,55.73,63.97,24.99,86.44
2023-07-25,20.2,100.43,55.990002,64.3,25.03,86.82
2023-07-26,20.2,100.44,55.880001,63.95,25.09,86.8
2023-07-27,20.03,99.67,55.41,63.14,24.92,86.11
2023-07-28,20.27,100.67,55.919998,64.02,25.05,87.06
2023-07-31,20.27,100.86,55.919998,64.11,25.06,87.25
2023-08-01,20.21,100.59,55.860001,63.97,24.95,86.99
2023-08-02,19.91,99.12,55.189999,62.75,24.74,85.63
2023-08-03,19.89,98.81,54.900002,62.64,24.62,85.39
2023-08-04,19.81,98.44,54.75,62.49,24.59,85.09
2023-08-07,20.04,99.25,55.299999,63.14,24.72,85.98
2023-08-08,19.96,98.75,54.93,62.9,24.63,85.35
2023-08-09,19.8,98.09,54.610001,62.28,24.55,84.66
2023-08-10,19.83,98.17,54.639999,62.41,24.5,84.83
2023-08-11,19.78,98.08,54.580002,62.04,24.44,84.53
2023-08-14,19.92,98.65,54.869999,62.71,24.47,85.11
2023-08-15,19.73,97.51,54.380001,62.09,24.29,84.24
2023-08-16,19.6,96.73,53.98,61.59,24.17,83.62
2023-08-17,19.46,95.99,53.529999,60.75,24.02,83.01
2023-08-18,19.43,96.06,53.360001,60.68,24.04,82.91
2023-08-21,19.61,96.66,53.599998,61.46,24.07,83.69
2023-08-22,19.55,96.35,53.43,61.35,24.05,83.42
2023-08-23,19.79,97.47,54.130001,62.13,24.29,84.45
2023-08-24,19.56,96.1,53.439999,61.15,24.09,83.42
2023-08-25,19.69,96.8,53.849998,61.61,24.17,83.96
2023-08-28,19.81,97.41,54.240002,62.12,24.29,84.52
2023-08-29,20.13,98.91,55.029999,63.35,24.53,85.94
2023-08-30,20.2,99.3,55.240002,63.65,24.57,86.28
2023-08-31,20.18,99.21,55.209999,63.7,24.55,86.1
2023-09-01,20.19,99.47,55.419998,63.99,24.55,86.18
2023-09-04,,,,,,
2023-09-05,20.12,99.01,55.049999,63.8,24.33,85.87
2023-09-06,20.01,98.3,54.830002,63.64,24.27,85.44
2023-09-07,19.99,98.0,54.779999,63.39,24.23,85.27
2023-09-08,20.02,98.17,54.84,63.31,24.23,85.33
2023-09-11,20.17,98.82,55.080002,63.55,24.3,85.9
2023-09-12,20.03,98.18,54.43,63.01,24.26,85.2
2023-09-13,20.06,98.21,54.580002,62.92,24.25,85.34
2023-09-14,20.22,99.08,55.049999,63.16,24.36,86.11
2023-09-15,19.94,97.8,54.450001,62.18,24.23,84.93
2023-09-18,19.91,97.88,54.459999,62.12,24.21,84.85
2023-09-19,19.85,97.62,54.290001,61.92,24.16,84.56
2023-09-20,19.65,96.74,53.889999,61.24,24.07,83.75
2023-09-21,19.32,95.08,52.91,59.94,23.76,82.34
2023-09-22,19.26,94.87,52.73,59.99,23.75,81.99
2023-09-25,19.31,95.3,52.810001,60.17,23.71,82.22
2023-09-26,19.04,93.48,52.049999,59.35,23.5,80.77
2023-09-27,19.06,93.56,52.110001,59.5,23.47,80.88
2023-09-28,19.19,94.12,52.509998,59.96,23.6,81.52
2023-09-29,19.16,93.91,52.220001,59.97,23.58,81.41
2023-10-02,19.19,93.81,52.23,60.1,23.44,81.45
2023-10-03,18.89,92.51,51.599998,58.95,23.17,80.22
2023-10-04,19.11,93.2,52.240002,59.66,23.35,81.14
2023-10-05,19.08,93.04,52.18,59.62,23.35,80.96
2023-10-06,19.33,94.26,52.639999,60.63,23.47,81.95
2023-10-09,19.42,94.85,52.900002,60.9,23.59,82.28
2023-10-10,19.53,95.41,53.16,61.37,23.7,82.76
2023-10-11,19.66,95.84,53.360001,61.75,23.79,83.22
2023-10-12,19.51,95.15,53.0,61.15,23.57,82.53
2023-10-13,19.38,94.67,52.810001,60.52,23.51,81.91
2023-10-16,19.62,95.72,53.34,61.41,23.6,82.96
2023-10-17,19.62,95.72,53.41,61.34,23.58,82.97
2023-10-18,19.3,94.36,52.740002,60.19,23.29,81.62
2023-10-19,19.09,93.45,52.41,59.87,23.13,80.8
2023-10-20,18.86,92.29,51.630001,59.1,23.01,79.83
2023-10-23,18.85,92.1,51.450001,59.19,23.01,79.78
2023-10-24,19.0,92.79,51.73,59.59,23.12,80.36
2023-10-25,18.72,91.35,51.080002,58.72,22.89,79.13
2023-10-26,18.46,90.37,50.689999,57.58,22.87,78.24
2023-10-27,18.36,89.99,50.290001,57.41,22.75,77.74
2023-10-30,18.57,91.06,51.0,58.16,22.87,78.6
2023-10-31,18.68,91.66,51.369999,58.58,22.98,79.13
2023-11-01,18.89,92.63,51.860001,58.95,23.17,80.02
2023-11-02,19.26,94.43,52.720001,60.28,23.44,81.51
2023-11-03,19.48,95.36,53.27,61.1,23.7,82.5
2023-11-06,19.53,95.49,53.349998,61.31,23.64,82.63
2023-11-07,19.59,95.85,53.529999,61.84,23.69,82.86
2023-11-08,19.64,95.92,53.68,62.25,23.73,83.07
2023-11-09,19.46,95.18,53.299999,61.77,23.59,82.32
2023-11-10,19.77,96.68,54.110001,62.79,23.77,83.64
2023-11-13,19.77,96.53,53.98,62.78,23.76,83.56
2023-11-14,20.17,98.56,54.84,64.27,24.22,85.35
2023-11-15,20.22,98.69,54.959999,64.26,24.24,85.6
2023-11-16,20.3,98.91,52.279999,64.43,24.3,85.9
2023-11-17,20.27,99.05,52.220001,64.3,24.36,85.75
2023-11-20,20.44,99.8,52.639999,65.09,24.46,86.52
2023-11-21,20.42,99.62,52.630001,64.94,24.44,86.4
2023-11-22,20.49,100.04,52.790001,65.01,24.52,86.68
2023-11-23,,,,,,
2023-11-24,20.51,100.11,52.830002,65.12,24.54,86.65
2023-11-27,20.49,99.94,52.630001,65.17,24.56,86.62
2023-11-28,20.53,100.06,52.599998,65.12,24.58,86.77
2023-11-29,20.54,100.09,52.639999,65.46,24.69,86.83
2023-11-30,20.6,100.49,52.970001,65.65,24.75,87.11
2023-12-01,20.72,101.19,53.349998,66.25,24.95,87.62
2023-12-04,20.59,100.63,52.959999,65.79,24.88,87.08
2023-12-05,20.58,100.6,52.759998,65.66,24.89,87.01
2023-12-06,20.5,100.23,52.59,65.61,24.93,86.74
2023-12-07,20.68,101.0,52.869999,66.31,25.02,87.57
2023-12-08,20.5,101.43,53.02,66.41,25.0,87.82
2023-12-11,20.57,101.87,53.610001,66.82,25.08,88.23
2023-12-12,20.67,102.28,53.630001,67.22,25.14,88.56
2023-12-13,20.91,103.73,54.389999,68.26,25.52,89.72
2023-12-14,20.96,104.11,54.279999,68.16,25.75,90.02
2023-12-15,20.96,103.93,54.220001,68.25,25.69,90.0
2023-12-18,21.07,104.5,54.52,68.74,25.69,90.41
2023-12-19,21.18,105.11,54.790001,69.11,25.83,90.94
2023-12-20,20.89,103.25,53.98,68.0578,25.67,89.34
2023-12-21,21.13,104.29,54.630001,69.05,25.86,90.43
2023-12-22,21.17,104.52,54.84,69.27,25.88,90.67
2023-12-25,,,,,,
2023-12-26,21.26,105.01,55.080002,69.64,25.95,91.11
2023-12-27,21.29,105.19,55.200001,69.79,25.54,91.23
2023-12-28,21.29,105.25,55.220001,69.68,25.54,91.22
2023-12-29,21.25,104.92,55.110001,69.47,25.47,91.05
2024-01-01,,,,,,
2024-01-02,21.13,104.2,54.639999,68.56,25.33,90.47
2024-01-03,20.95,103.23,54.080002,67.51,25.14,89.41
2024-01-04,20.91,102.91,54.049999,67.37,25.09,89.27
2024-01-05,20.94,103.04,54.07,67.37,25.08,89.42
2024-01-08,21.28,104.59,54.860001,68.61,25.32,90.87
2024-01-09,21.26,104.38,54.709999,68.61,25.29,90.79
2024-01-10,21.4,104.97,54.939999,69.1,25.34,91.33
2024-01-11,21.4,104.95,54.990002,69.08,25.38,91.37
2024-01-12,21.43,105.04,55.110001,68.97,25.4,91.38
2024-01-15,,,,,,
2024-01-16,21.42,104.68,55.009998,69.09,25.27,91.45
2024-01-17,21.3,104.12,54.84,68.6,25.14,90.96
2024-01-18,21.45,105.0,55.419998,69.24,25.25,91.62
2024-01-19,21.73,106.3,56.060001,70.24,25.4,92.91
2024-01-22,21.77,106.57,56.209999,70.52,25.49,92.99
2024-01-23,21.81,106.83,56.330002,70.55,25.49,93.27
2024-01-24,21.83,106.87,56.380001,70.51,25.47,93.33
2024-01-25,21.94,107.47,56.610001,70.55,25.6,93.87
2024-01-26,21.92,107.33,56.470001,70.52,25.62,93.63
2024-01-29,22.13,108.18,56.860001,71.5,25.77,94.59
2024-01-30,22.14,108.07,57.049999,71.45,25.79,94.58
2024-01-31,21.72,106.3,56.040001,70.12,25.59,92.73
2024-02-01,22.03,107.65,56.860001,71.19,25.83,94.09
2024-02-02,22.18,108.76,56.939999,71.47,25.72,94.69
2024-02-05,22.15,108.4,56.720001,71.57,25.57,94.33
2024-02-06,22.19,108.71,56.669998,71.66,25.68,94.51
2024-02-07,22.39,109.61,57.060001,72.56,25.74,95.32
2024-02-08,22.44,109.75,57.029999,72.79,25.76,95.57
2024-02-09,22.62,110.42,57.380001,73.46,25.82,96.38
2024-02-12,22.59,110.38,57.43,73.24,25.84,96.16
2024-02-13,22.28,108.75,56.689999,72.3,25.5,94.75
2024-02-14,22.51,109.82,57.32,73.18,25.71,95.77
2024-02-15,22.59,110.51,57.369999,73.41,25.83,96.06
2024-02-16,22.49,109.93,57.209999,72.91,25.79,95.5
2024-02-19,,,,,,
2024-02-20,22.32,109.25,56.900002,72.06,25.77,94.86
2024-02-21,22.32,109.32,56.889999,71.79,25.72,94.91
2024-02-22,22.89,111.66,58.119999,74.09,25.96,97.22
2024-02-23,22.9,111.6,58.299999,73.96,26.02,97.35
2024-02-26,22.81,111.27,58.110001,73.79,25.96,96.93
2024-02-27,22.82,111.42,58.299999,73.8,25.99,97.03
2024-02-28,22.79,111.26,58.200001,73.75,25.98,96.82
2024-02-29,22.93,111.75,58.540001,74.12,26.08,97.51
2024-03-01,23.13,112.84,58.939999,74.92,26.26,98.44
2024-03-04,23.14,112.68,58.919998,74.62,26.24,98.41
2024-03-05,22.9,111.48,58.330002,73.98,26.16,97.48
2024-03-06,23.03,112.03,58.700001,74.4,26.27,98.11
2024-03-07,23.29,113.22,59.279999,75.45,26.42,99.18
2024-03-08,23.1,112.44,58.900002,74.49,26.36,98.42
2024-03-11,23.07,112.31,59.040001,74.41,26.35,98.41
2024-03-12,23.4,113.57,59.860001,75.5,26.44,99.88
2024-03-13,23.35,113.37,59.720001,75.41,26.41,99.6
2024-03-14,23.28,113.05,59.549999,75.18,26.27,99.2
2024-03-15,23.08,112.25,59.049999,74.34,26.18,98.38
2024-03-18,23.27,112.99,59.549999,75.09,26.24,99.17
2024-03-19,23.41,113.68,59.869999,75.62,26.34,99.67
2024-03-20,23.62,114.71,60.279999,76.28,26.48,100.56
2024-03-21,23.74,114.81,60.580002,76.81,26.58,100.8
2024-03-22,23.71,114.57,60.540001,76.58,26.56,100.69
2024-03-25,23.62,114.21,60.259998,76.19,26.48,100.33
2024-03-26,23.57,114.02,60.189999,76.16,26.49,100.15
2024-03-27,23.71,114.95,60.57,76.4,26.67,100.77
2024-03-28,23.74,114.96,60.549999,76.28,26.68,100.81
2024-03-29,,,,,,
2024-04-01,23.7,114.74,60.48,76.15,26.57,100.76
2024-04-02,23.53,114.0,60.110001,75.46,26.43,99.87
2024-04-03,23.5,114.12,59.98,75.49,26.43,99.74
2024-04-04,23.18,112.81,59.150002,74.15,26.29,98.27
2024-04-05,23.43,113.91,59.73,74.96,26.35,99.24
2024-04-08,23.44,113.97,59.720001,75.22,26.37,99.43
2024-04-09,23.46,114.2,59.779999,75.35,26.47,99.61
2024-04-10,23.23,112.99,59.150002,74.5,26.16,98.5
2024-04-11,23.38,113.76,59.549999,75.2,26.21,99.2
2024-04-12,23.04,112.12,58.709999,73.92,25.98,97.64
2024-04-15,22.74,110.73,57.849998,72.81,25.75,96.32
2024-04-16,22.71,110.47,57.709999,72.82,25.67,96.29
2024-04-17,22.56,109.83,57.5,72.14,25.63,95.63
2024-04-18,22.49,109.58,57.299999,71.85,25.56,95.31
2024-04-19,22.24,108.69,56.950001,70.68,25.51,94.27
2024-04-22,22.44,109.6,57.349998,71.37,25.65,95.24
2024-04-23,22.73,110.96,58.060001,72.62,25.84,96.38
2024-04-24,22.73,111.02,58.02,72.46,25.82,96.54
2024-04-25,22.65,110.53,57.880001,72.64,25.74,96.27
2024-04-26,22.99,111.62,58.57,74.08,25.93,97.64
2024-04-29,23.02,112.01,58.580002,74.29,25.98,97.88
2024-04-30,22.67,110.28,57.639999,73.35,25.73,96.17
2024-05-01,22.58,109.9,57.389999,72.84,25.71,95.54
2024-05-02,22.76,110.98,57.66,73.41,25.88,96.48
2024-05-03,23.02,112.4,58.439999,74.23,26.12,97.61
2024-05-06,23.29,113.56,59.029999,75.23,26.26,98.71
2024-05-07,23.29,113.72,59.240002,75.4,26.29,98.68
2024-05-08,23.27,113.69,59.169998,75.11,26.27,98.55
2024-05-09,23.35,114.4,59.259998,75.32,26.39,98.93
2024-05-10,23.42,114.62,59.490002,75.45,26.41,99.16
2024-05-13,23.4,114.61,59.450001,75.3,26.41,99.16
2024-05-14,23.51,115.23,59.77,75.71,26.51,99.66
2024-05-15,23.84,116.63,60.509998,76.82,26.75,101.03
2024-05-16,23.79,116.32,60.41,76.67,26.73,100.96
2024-05-17,23.79,116.47,60.389999,76.67,26.71,100.97
2024-05-20,23.88,116.6,60.529999,76.98,26.72,101.32
2024-05-21,23.95,116.81,60.509998,77.09,26.74,101.5
2024-05-22,23.87,116.4,60.310001,76.62,26.67,101.24
2024-05-23,23.8,115.59,59.919998,76.68,26.5,100.91
2024-05-24,23.91,116.33,60.09,77.29,26.63,101.4
2024-05-27,,,,,,
2024-05-28,23.96,116.37,59.939999,77.65,26.53,101.68
2024-05-29,23.82,115.55,59.509998,77.07,26.34,100.95
2024-05-30,23.55,114.68,58.619999,76.53,26.3,99.84
2024-05-31,23.74,115.52,59.279999,76.92,26.45,100.6
2024-06-03,23.77,115.66,59.330002,77.18,26.5,100.8
2024-06-04,23.82,115.71,59.57,77.42,26.5,101.03
2024-06-05,24.14,117.13,60.279999,78.84,26.68,102.52
2024-06-06,24.14,117.09,60.279999,78.9,26.66,102.47
2024-06-07,24.1,116.99,60.110001,78.74,26.53,102.18
2024-06-10,24.17,117.36,60.139999,79.12,26.55,102.45
2024-06-11,24.16,117.3,60.290001,79.23,26.56,102.17
2024-06-12,24.4,118.35,60.990002,80.33,26.79,103.27
2024-06-13,24.45,118.47,61.169998,80.46,26.78,103.35
2024-06-14,24.49,118.5,61.439999,80.87,26.69,103.62
2024-06-17,24.65,119.48,61.970001,81.53,26.75,104.27
2024-06-18,24.77,119.84,62.080002,82.12,26.84,104.77
2024-06-19,,,,,,
2024-06-20,24.7,119.49,61.830002,81.34,26.78,104.44
2024-06-21,24.71,119.32,61.75,81.4,26.79,104.44
2024-06-24,24.54,118.94,61.48,80.4,26.78,103.74
2024-06-25,24.73,119.38,61.669998,81.59,26.76,104.51
2024-06-26,24.73,119.49,61.689999,81.65,26.13,104.46
2024-06-27,24.73,119.74,61.77,81.59,26.16,104.27
2024-06-28,24.62,119.32,61.650002,81.16,26.08,103.85
2024-07-01,24.66,119.56,61.48,81.29,26.01,103.93
2024-07-02,24.81,120.35,61.889999,81.92,26.1,104.58
2024-07-03,25.0,120.93,62.310001,82.75,26.2,105.46
2024-07-04,,,,,,
2024-07-05,25.11,121.57,62.549999,83.35,26.32,105.75
2024-07-08,25.16,121.78,62.619999,83.41,26.34,106.08
2024-07-09,25.18,121.92,62.5,83.62,26.3,106.05
2024-07-10,25.45,123.05,63.049999,84.2,26.48,107.2
2024-07-11,25.18,122.09,62.709999,82.59,26.58,106.24
2024-07-12,25.37,122.89,63.23,83.31,26.71,107.01
2024-07-15,25.43,123.1,63.470001,83.41,26.68,107.19
2024-07-16,25.54,124.07,63.900002,83.65,26.88,107.69
2024-07-17,25.11,122.22,63.200001,81.49,26.71,106.1
2024-07-18,24.93,121.17,62.82,80.73,26.52,105.6
2024-07-19,24.72,120.38,62.32,80.12,26.4,104.52
2024-07-22,25.1,121.69,63.029999,81.83,26.61,106.27
2024-07-23,25.02,121.46,63.080002,81.51,26.59,105.71
2024-07-24,24.31,118.76,61.720001,78.46,26.27,102.77
2024-07-25,24.16,118.13,61.439999,77.22,26.24,102.25
2024-07-26,24.43,119.62,62.34,78.05,26.51,103.45
2024-07-29,24.48,119.61,62.360001,78.3,26.51,103.76
2024-07-30,24.25,119.04,62.029999,77.37,26.49,102.7
2024-07-31,24.7,121.06,62.82,79.4,26.71,104.65
2024-08-01,24.31,119.28,62.0,77.83,26.52,102.86
2024-08-02,23.85,116.93,61.169998,76.2,26.33,100.9
2024-08-05,23.12,113.45,59.369999,73.86,25.87,97.81
2024-08-06,23.39,114.62,59.82,74.95,25.94,98.86
2024-08-07,23.11,113.75,59.419998,73.87,25.81,97.84
2024-08-08,23.71,116.48,60.709999,76.09,26.09,100.08
2024-08-09,23.81,116.93,60.91,76.45,26.16,100.37
2024-08-12,23.82,117.03,60.830002,76.76,26.16,100.4
2024-08-13,24.28,119.02,61.790001,78.41,26.43,102.4
2024-08-14,24.36,119.4,62.0,78.37,26.49,102.63
2024-08-15,24.78,121.44,62.82,80.12,26.73,104.53
2024-08-16,24.84,121.64,63.060001,80.18,26.79,104.82
2024-08-19,25.16,122.87,63.619999,81.34,26.99,106.2
2024-08-20,25.12,122.62,63.48,81.15,26.98,105.92
2024-08-21,25.23,123.17,63.689999,81.6,27.11,106.33
2024-08-22,24.93,122.08,63.150002,80.44,26.92,105.04
2024-08-23,25.27,123.47,63.639999,81.59,27.21,106.61
2024-08-26,25.15,123.11,63.529999,81.02,27.16,106.09
2024-08-27,25.2,123.25,63.709999,81.26,27.18,106.39
2024-08-28,25.02,122.56,63.369999,80.49,27.08,105.56
2024-08-29,24.92,122.63,63.220001,80.05,27.11,105.09
2024-08-30,25.2,123.82,63.759998,80.84,27.24,106.26
2024-09-02,,,,,,
2024-09-03,24.59,121.28,62.740002,78.43,26.94,103.72
2024-09-04,24.54,120.86,62.759998,78.3,26.95,103.51
2024-09-05,24.47,120.58,62.560001,77.97,26.98,103.23
2024-09-06,24.04,118.63,61.66,76.39,26.77,101.53
2024-09-09,24.33,119.99,62.369999,77.5,26.91,102.67
2024-09-10,24.49,120.51,62.919998,78.23,27.0,103.5
2024-09-11,24.83,121.79,63.509998,79.78,27.13,104.91
2024-09-12,25.05,122.86,64.029999,80.67,27.23,105.85
2024-09-13,25.21,123.57,64.32,80.96,27.38,106.51
2024-09-16,25.27,123.84,64.419998,80.97,27.53,106.94
2024-09-17,25.26,123.93,64.199997,80.97,27.54,106.96
2024-09-18,25.14,123.56,63.799999,80.43,27.45,106.25
2024-09-19,25.57,125.72,64.669998,82.1552,27.72,108.11
2024-09-20,25.48,125.36,64.519997,81.79,27.6,107.68
2024-09-23,25.54,125.72,64.68,81.95,27.61,107.91
2024-09-24,25.64,126.02,64.790001,82.23,27.65,108.43
2024-09-25,25.64,125.35,64.760002,82.6,27.55,108.02
2024-09-26,25.76,125.88,65.089996,82.98,27.73,108.7
2024-09-27,25.7,125.67,64.910004,82.49,27.74,108.54
2024-09-30,25.78,126.18,64.980003,82.63,27.73,108.79
2024-10-01,25.5,124.97,64.440002,81.6,27.56,107.57
2024-10-02,25.48,124.98,64.43,81.67,27.52,107.48
2024-10-03,25.47,124.75,64.32,81.63,27.37,107.41
2024-10-04,25.67,125.9,64.629997,82.41,27.46,108.21
2024-10-07,25.48,124.8,64.019997,81.78,27.24,107.43
2024-10-08,25.78,126.0,64.900002,83.19,27.38,108.62
2024-10-09,25.9,126.88,65.339996,83.48,27.47,109.19
2024-10-10,25.86,126.67,65.190002,83.39,27.43,108.97
2024-10-11,25.99,127.39,65.510002,83.72,27.56,109.45
2024-10-14,26.23,128.46,66.080002,84.68,27.7,110.53
2024-10-15,26.01,127.46,65.690002,83.6,27.6,109.61
2024-10-16,26.17,127.99,65.989998,83.94,27.65,110.21
2024-10-17,26.15,127.89,65.910004,83.88,27.6,110.1
2024-10-18,26.22,128.35,66.169998,84.27,27.67,110.41
2024-10-21,26.21,128.09,65.970001,84.61,27.47,110.31
2024-10-22,26.18,127.85,65.730003,84.64,27.41,110.32
2024-10-23,25.95,126.75,65.25,83.55,27.25,109.35
2024-10-24,26.07,127.08,65.110001,84.19,27.28,109.82
2024-10-25,26.09,127.07,64.959999,84.57,27.22,109.96
2024-10-28,26.12,127.47,65.089996,84.64,27.29,110.1
2024-10-29,26.16,127.61,65.309998,85.17,27.27,110.29
2024-10-30,26.07,127.24,65.349998,84.85,27.25,110.23
2024-10-31,25.52,124.61,63.799999,82.53,26.91,107.76
2024-11-01,25.65,125.4,64.269997,83.29,26.98,108.39
2024-11-04,25.6,125.19,64.309998,83.21,27.02,108.28
2024-11-05,25.91,126.71,64.910004,84.29,27.2,109.6
2024-11-06,26.63,129.83,66.099998,86.93,27.4,112.63
2024-11-07,26.86,130.99,66.730003,88.12,27.56,113.75
2024-11-08,26.98,131.58,66.860001,88.88,27.55,114.12
2024-11-11,27.11,131.9,67.129997,89.45,27.53,114.53
2024-11-12,27.04,131.42,67.150002,89.37,27.38,114.2
2024-11-13,27.0,131.47,67.169998,89.18,27.34,114.06
2024-11-14,26.81,130.71,66.68,88.35,27.26,113.29
2024-11-15,26.42,128.9,65.589996,86.52,27.04,111.65
2024-11-18,26.52,129.43,65.720001,86.85,27.13,112.1
2024-11-19,26.69,129.88,65.980003,87.71,27.16,112.82
2024-11-20,26.67,129.98,65.940002,87.82,27.11,112.6
2024-11-21,26.81,130.89,66.529999,88.27,27.25,113.33
2024-11-22,26.86,131.23,66.669998,88.56,27.35,113.61
2024-11-25,26.89,131.75,67.0,88.4,27.59,113.7
2024-11-26,27.03,132.36,67.449997,88.98,27.56,114.19
2024-11-27,26.9,131.84,67.150002,88.32,27.56,113.6
2024-11-28,,,,,,
2024-11-29,27.06,132.72,67.449997,88.82,27.68,114.31
2024-12-02,27.15,132.89,67.540001,89.24,27.74,114.66
2024-12-03,27.11,133.03,67.559998,89.43,27.7,114.42
2024-12-04,27.4,134.05,68.150002,90.89,27.89,115.51
2024-12-05,27.33,133.71,67.389999,90.32,27.8,115.3
2024-12-06,27.38,134.05,61.970001,90.45,27.85,115.36
2024-12-09,27.16,133.29,61.650002,89.42,27.79,114.71
2024-12-10,27.11,132.75,61.27,89.36,27.66,114.35
2024-12-11,27.44,133.83,61.82,90.9,27.73,115.71
2024-12-12,27.26,133.16,61.470001,90.36,27.59,114.95
2024-12-13,26.82,133.07,61.52,89.41,27.5,114.31
2024-12-16,26.89,133.62,61.790001,89.73,27.51,114.55
2024-12-17,26.8,132.54,61.490002,89.14,27.4,113.95
2024-12-18,25.97,128.48,59.759998,86.24,26.85,110.42
2024-12-19,25.95,128.35,59.57,86.1,26.82,110.38
2024-12-20,26.22,129.94,60.200001,87.3,27.0,111.52
2024-12-23,26.44,130.74,60.529999,87.8,27.05,112.24
2024-12-24,26.72,132.19,61.060001,88.4972,27.16,113.45
2024-12-25,,,,,,
2024-12-26,26.68,132.17,61.02,88.4391,27.22,113.46
2024-12-27,26.35,130.74,60.419998,87.2399,26.61,112.07
2024-12-30,26.08,129.36,59.779999,86.53,26.5,110.86
2024-12-31,25.94,128.82,59.57,85.84,26.45,110.25
2025-01-01,,,,,,
2025-01-02,25.89,128.64,59.439999,85.92,26.42,110.03
2025-01-03,26.32,130.22,60.09,87.2761,26.58,111.8
2025-01-06,26.47,130.95,60.27,88.09,26.67,112.58
2025-01-07,26.09,129.47,59.630001,86.58,26.53,110.86
2025-01-08,26.14,129.69,59.93,86.76,26.52,111.08
2025-01-09,,,,,,
2025-01-10,25.72,127.69,59.0,85.45,26.21,109.14
2025-01-13,25.76,127.94,59.189999,85.07,26.22,109.32
2025-01-14,25.76,128.23,59.360001,84.88,26.29,109.58
2025-01-15,26.28,130.55,60.130001,86.7,26.57,111.69
2025-01-16,26.25,130.36,60.310001,86.7922,26.67,111.57
2025-01-17,26.53,131.66,60.869999,87.58,26.78,112.79
2025-01-20,,,,,,
2025-01-21,26.8,132.9,61.610001,88.49,27.05,114.08
2025-01-22,27.03,133.63,62.130001,89.86,27.12,115.14
2025-01-23,27.16,134.3,62.380001,90.15,27.2,115.66
2025-01-24,27.04,133.88,62.259998,89.75,27.19,114.98
2025-01-27,26.41,131.73,61.669998,86.52,27.02,111.97
2025-01-28,26.72,132.94,62.080002,88.39,27.09,113.18
2025-01-29,26.5,132.32,61.490002,87.6165,26.98,112.31
2025-01-30,26.59,133.01,61.93,88.18,27.05,112.69
2025-01-31,26.41,132.26,61.810001,87.37,26.95,112.0
2025-02-03,26.17,131.39,61.610001,86.71,26.78,111.01
2025-02-04,26.31,132.15,61.830002,87.32,26.85,111.42
2025-02-05,26.4,132.75,62.200001,87.68,26.99,111.83
2025-02-06,26.48,133.03,62.380001,88.27,27.08,112.04
2025-02-07,26.24,131.78,61.66,87.71,26.88,111.05
2025-02-10,26.4,132.57,62.07,88.51,26.95,111.7
2025-02-11,26.35,132.68,62.02,88.23,26.94,111.5
2025-02-12,26.23,132.17,61.650002,87.8167,26.83,110.86
2025-02-13,26.55,133.55,62.189999,88.63,27.04,112.25
2025-02-14,26.53,133.45,61.959999,88.76,27.05,112.2
2025-02-17,,,,,,
2025-02-18,26.66,133.94,62.18,88.975,27.11,112.81
2025-02-19,26.74,134.17,62.290001,88.99,27.15,113.24
2025-02-20,26.69,133.67,62.139999,88.24,27.1,113.09
2025-02-21,26.18,131.25,61.310001,86.25,26.89,110.9
2025-02-24,26.03,130.52,61.049999,85.61,26.85,110.31
2025-02-25,25.84,129.85,60.98,84.82,26.87,109.44
2025-02-26,25.88,130.05,61.220001,85.73,26.91,109.55
2025-02-27,25.39,127.92,60.18,83.54,26.64,107.48
2025-02-28,25.8,129.89,61.060001,84.79,26.87,109.1
2025-03-03,25.29,127.64,60.169998,82.8,26.63,106.92
2025-03-04,25.06,126.04,59.599998,82.44,26.48,105.94
2025-03-05,25.37,127.41,60.419998,83.54,26.67,107.34
2025-03-06,24.93,124.97,59.59,81.39,26.4,105.42
2025-03-07,25.04,125.6,59.919998,81.16,26.52,106.19
2025-03-10,24.31,122.18,58.610001,78.32,26.14,103.18
2025-03-11,24.13,121.19,57.93,78.06,25.95,102.3
2025-03-12,24.35,121.95,58.130001,79.18,25.98,103.2
2025-03-13,24.04,120.24,57.57,77.67,25.83,101.98
2025-03-14,24.59,122.83,58.68,79.74,26.13,104.2
2025-03-17,24.71,123.74,59.080002,80.36,26.27,104.8
2025-03-18,24.41,122.11,58.57,79.11,26.14,103.31
2025-03-19,24.67,123.41,59.029999,80.3,26.28,104.31
2025-03-20,24.62,123.11,58.93,80.16,26.23,104.04
2025-03-21,24.61,123.2,58.790001,80.18,26.18,103.85
2025-03-24,25.09,125.43,59.66,82.09,26.36,105.77
2025-03-25,25.12,125.68,59.75,82.45,26.37,105.96
2025-03-26,24.77,124.22,59.169998,80.67,26.17,104.54
