date,Vanguard 500 Index Fund,Fidelity Contrafund,American Funds Growth Fund of America,T. Rowe Price Mid-Cap Growth Fund,Vanguard Small-Cap Index Fund,Fidelity Balanced Fund
2016-04-01,191.19,9.75,40.48,73.470001,53.57,21.32
2016-04-04,190.61,9.72,40.34,72.989998,53.12,21.28
2016-04-05,188.68,9.64,39.990002,72.169998,52.55,21.14
2016-04-06,190.73,9.75,40.59,73.160004,53.12,21.31
2016-04-07,188.45,9.64,40.099998,72.330002,52.44,21.15
2016-04-08,188.98,9.65,40.27,72.5,52.73,21.1
2016-04-11,188.46,9.61,40.16,72.190002,52.62,21.06
2016-04-12,190.29,9.68,40.610001,72.620003,53.15,21.17
2016-04-13,192.23,9.79,41.110001,73.720001,54.15,21.35
2016-04-14,192.28,9.8,41.130001,73.540001,54.04,21.36
2016-04-15,192.09,9.8,41.029999,73.629997,54.17,21.37
2016-04-18,193.35,9.87,41.310001,74.029999,54.48,21.48
2016-04-19,193.95,9.88,41.25,74.059998,54.66,21.54
2016-04-20,194.11,9.89,41.389999,74.370003,54.69,21.56
2016-04-21,193.1,9.86,41.34,73.989998,54.32,21.5
2016-04-22,193.11,9.79,41.27,74.169998,54.85,21.51
2016-04-25,192.76,9.79,41.130001,73.970001,54.51,21.49
2016-04-26,193.12,9.78,41.25,74.419998,55.05,21.52
2016-04-27,193.46,9.77,41.310001,74.75,55.34,21.58
2016-04-28,191.68,9.7,40.889999,73.769997,54.69,21.47
2016-04-29,190.72,9.69,40.91,73.290001,54.36,21.41
2016-05-02,192.2,9.78,41.27,73.870003,54.78,21.5
2016-05-03,190.54,9.67,40.709999,73.199997,53.92,21.36
2016-05-04,189.45,9.61,40.400002,72.669998,53.64,21.26
2016-05-05,189.45,9.61,40.400002,72.540001,53.5,21.27
2016-05-06,190.08,9.67,40.470001,72.790001,53.8,21.3
2016-05-09,190.22,9.68,40.490002,73.0,53.87,21.31
2016-05-10,192.6,9.79,41.07,73.849998,54.44,21.49
2016-05-11,190.86,9.7,40.740002,73.110001,53.84,21.38
2016-05-12,190.84,9.7,40.669998,73.059998,53.64,21.35
2016-05-13,189.24,9.63,40.349998,72.540001,53.24,21.27
2016-05-16,191.11,9.71,40.779999,73.25,53.83,21.4
2016-05-17,189.37,9.61,40.459999,72.779999,53.23,21.29
2016-05-18,189.44,9.63,40.470001,72.760002,53.22,21.29
2016-05-19,188.74,9.6,40.259998,72.510002,52.93,21.23
2016-05-20,189.91,9.66,40.630001,73.510002,53.65,21.33
2016-05-23,189.52,9.64,40.630001,73.300003,53.59,21.29
2016-05-24,192.11,9.77,41.209999,74.410004,54.51,21.47
2016-05-25,193.46,9.82,41.509998,74.690002,54.88,21.56
2016-05-26,193.45,9.83,41.549999,74.669998,54.82,21.57
2016-05-27,194.31,9.86,41.73,75.199997,55.25,21.64
2016-05-31,194.13,9.85,41.77,75.220001,55.41,21.63
2016-06-01,194.38,9.86,41.84,75.349998,55.72,21.66
2016-06-02,194.95,9.89,42.040001,75.860001,56.1,21.74
2016-06-03,194.39,9.85,42.0,75.449997,55.83,21.71
2016-06-06,195.35,9.89,42.279999,75.800003,56.38,21.8
2016-06-07,195.6,9.89,42.330002,75.940002,56.58,21.82
2016-06-08,196.29,9.93,42.450001,76.209999,56.88,21.88
2016-06-09,195.96,9.91,42.299999,75.970001,56.6,21.84
2016-06-10,194.17,9.79,41.66,74.879997,55.71,21.66
2016-06-13,192.65,9.71,41.419998,74.209999,54.94,21.54
2016-06-14,192.31,9.7,41.32,74.010002,54.77,21.47
2016-06-15,191.98,9.68,41.299999,74.050003,54.89,21.47
2016-06-16,192.61,9.69,41.299999,74.059998,54.81,21.49
2016-06-17,191.98,9.62,41.169998,73.900002,54.81,21.44
2016-06-20,192.14,9.7,41.529999,74.75,55.42,21.53
2016-06-21,192.68,9.72,41.59,74.68,55.33,21.55
2016-06-22,192.36,9.69,41.52,74.57,55.17,21.53
2016-06-23,194.93,9.81,42.130001,75.629997,56.16,21.74
2016-06-24,187.93,9.45,40.41,72.599998,54.01,21.21
2016-06-27,184.53,9.26,39.509998,70.650002,52.36,20.92
2016-06-28,187.85,9.45,40.330002,72.110001,53.39,21.19
2016-06-29,191.07,9.62,41.029999,73.410004,54.49,21.45
2016-06-30,193.66,9.7,41.400002,74.43,55.41,21.64
2016-07-01,194.08,9.74,41.599998,74.699997,55.61,21.7
2016-07-05,192.76,9.68,41.23,73.980003,54.87,21.59
2016-07-06,193.86,9.74,41.439999,74.449997,55.22,21.68
2016-07-07,193.71,9.74,41.490002,74.769997,55.31,21.68
2016-07-08,196.66,9.88,42.119999,76.150002,56.42,21.83
2016-07-11,197.33,9.93,42.349998,76.459999,56.86,21.89
2016-07-12,198.72,9.99,42.720001,76.989998,57.51,21.99
2016-07-13,198.76,9.97,42.599998,76.790001,57.34,21.97
2016-07-14,199.81,10.02,42.880001,77.0,57.42,22.04
2016-07-15,199.62,10.0,42.84,76.790001,57.48,22.02
2016-07-18,200.11,10.04,42.990002,76.879997,57.6,22.07
2016-07-19,199.82,10.03,42.75,76.839996,57.38,22.05
2016-07-20,200.7,10.09,43.009998,77.480003,57.76,22.13
2016-07-21,199.98,10.02,42.830002,77.220001,57.51,22.08
2016-07-22,200.89,10.06,42.91,77.650002,57.91,22.16
2016-07-25,200.29,10.05,42.73,77.470001,57.74,22.08
2016-07-26,200.36,10.05,42.889999,78.010002,58.04,22.11
2016-07-27,200.12,10.06,42.919998,77.75,57.93,22.14
2016-07-28,200.46,10.11,43.07,78.050003,58.03,22.17
2016-07-29,200.79,10.14,43.209999,78.199997,58.22,22.21
2016-08-01,200.54,10.15,43.200001,77.959999,58.11,22.17
2016-08-02,199.27,10.09,42.91,77.150002,57.37,22.05
2016-08-03,199.95,10.11,43.110001,77.330002,57.78,22.09
2016-08-04,200.04,10.13,43.169998,77.559998,57.81,22.13
2016-08-05,201.77,10.21,43.57,78.139999,58.42,22.22
2016-08-08,201.6,10.18,43.549999,77.849998,58.41,22.23
2016-08-09,201.69,10.21,43.619999,77.769997,58.41,22.27
2016-08-10,201.19,10.19,43.529999,77.669998,58.13,22.24
2016-08-11,202.17,10.23,43.790001,78.080002,58.34,22.33
2016-08-12,202.02,10.23,43.82,77.870003,58.33,22.35
2016-08-15,202.6,10.24,44.0,78.290001,58.82,22.41
2016-08-16,201.53,10.17,43.759998,77.610001,58.29,22.32
2016-08-17,201.95,10.19,43.799999,77.599998,58.16,22.35
2016-08-18,202.4,10.2,43.970001,77.900002,58.58,22.4
2016-08-19,202.14,10.2,43.889999,78.059998,58.56,22.4
2016-08-22,202.03,10.21,43.880001,78.129997,58.63,22.41
2016-08-23,202.43,10.23,44.009998,78.449997,59.0,22.45
2016-08-24,201.38,10.17,43.650002,77.879997,58.49,22.36
2016-08-25,201.11,10.17,43.59,77.699997,58.61,22.34
2016-08-26,200.8,10.17,43.59,77.68,58.45,22.33
2016-08-29,201.87,10.21,43.740002,78.040001,58.83,22.41
2016-08-30,201.51,10.19,43.619999,77.870003,58.81,22.37
2016-08-31,201.07,10.16,43.470001,77.669998,58.59,22.32
2016-09-01,201.06,10.18,43.529999,77.870003,58.59,22.33
2016-09-02,201.92,10.21,43.709999,78.269997,59.16,22.41
2016-09-06,202.52,10.27,44.0,78.169998,59.22,22.45
2016-09-07,202.54,10.27,44.009998,78.209999,59.51,22.45
2016-09-08,202.1,10.23,43.98,77.900002,59.34,22.4
2016-09-09,197.15,9.99,42.900002,76.010002,57.56,22.01
2016-09-12,199.16,10.12,43.48,77.110001,58.27,22.22
2016-09-13,196.27,9.99,42.810001,76.059998,57.18,21.99
2016-09-14,196.17,10.0,42.84,75.910004,57.09,21.99
2016-09-15,198.19,10.1,43.32,76.760002,57.74,22.15
2016-09-16,197.44,10.08,43.200001,76.290001,57.54,22.11
2016-09-19,197.44,10.07,43.139999,76.559998,57.63,22.11
2016-09-20,197.5,10.09,43.16,76.470001,57.41,22.11
2016-09-21,199.66,10.19,43.669998,77.230003,58.21,22.29
2016-09-22,200.96,10.26,43.98,77.790001,58.97,22.44
2016-09-23,199.81,10.19,43.700001,77.190002,58.55,22.34
2016-09-26,198.11,10.11,43.34,76.660004,58.12,22.22
2016-09-27,199.39,10.19,43.630001,77.059998,58.23,22.3
2016-09-28,200.49,10.22,44.009998,77.360001,58.74,22.38
2016-09-29,198.63,10.13,43.73,76.860001,58.05,22.24
2016-09-30,200.21,10.21,44.080002,77.57,58.55,22.36
2016-10-03,199.58,10.19,44.029999,77.389999,58.23,22.31
2016-10-04,198.61,10.15,43.869999,76.919998,57.91,22.23
2016-10-05,199.54,10.18,44.209999,77.230003,58.22,22.29
2016-10-06,199.65,10.18,44.16,77.120003,58.18,22.3
2016-10-07,199.0,10.15,44.029999,76.599998,57.78,22.26
2016-10-10,199.92,10.2,44.25,76.879997,58.29,22.32
2016-10-11,197.44,10.07,43.549999,75.559998,57.33,22.13
2016-10-12,197.68,10.1,43.5,75.650002,57.37,22.15
2016-10-13,197.07,10.04,43.32,75.370003,57.05,22.09
2016-10-14,197.11,10.05,43.32,75.339996,56.93,21.78
2016-10-17,196.52,10.02,43.16,75.089996,56.82,21.73
2016-10-18,197.73,10.11,43.689999,75.599998,57.18,21.86
2016-10-19,198.19,10.16,43.91,75.720001,57.43,21.92
2016-10-20,197.93,10.15,43.869999,75.529999,57.25,21.92
2016-10-21,197.91,10.18,43.900002,75.589996,57.16,21.9
2016-10-24,198.85,10.25,44.130001,76.010002,57.43,21.96
2016-10-25,198.1,10.17,43.880001,75.230003,56.94,21.89
2016-10-26,197.76,10.11,43.779999,74.970001,56.57,21.81
2016-10-27,197.18,10.06,43.669998,74.089996,55.92,21.75
2016-10-28,196.58,10.05,43.349998,74.440002,55.9,21.71
2016-10-31,196.55,10.04,43.27,74.730003,56.15,21.69
2016-11-01,195.22,9.97,43.080002,74.330002,55.56,21.59
2016-11-02,193.97,9.89,42.77,73.980003,54.91,21.48
2016-11-03,193.18,9.82,42.52,73.769997,54.72,21.4
2016-11-04,192.87,9.81,42.419998,73.879997,54.89,21.38
2016-11-07,197.16,10.01,43.389999,75.370003,56.13,21.66
2016-11-08,198.0,10.07,43.580002,75.690002,56.27,21.67
2016-11-09,200.21,10.1,43.900002,76.239998,57.5,21.76
2016-11-10,200.62,10.03,43.77,76.519997,57.94,21.73
2016-11-11,200.34,10.02,43.57,76.57,58.76,21.73
2016-11-14,200.34,9.93,43.5,77.059998,59.65,21.67
2016-11-15,201.89,10.02,43.880001,77.610001,59.93,21.8
2016-11-16,201.62,10.04,43.860001,77.629997,59.87,21.81
2016-11-17,202.58,10.12,44.07,78.209999,60.18,21.89
2016-11-18,202.13,10.09,43.959999,77.93,60.25,21.83
2016-11-21,203.64,10.18,44.470001,78.339996,60.66,21.94
2016-11-22,204.09,10.19,44.57,78.580002,61.1,21.98
2016-11-23,204.26,10.18,44.630001,78.959999,61.44,22.0
2016-11-25,205.06,10.19,44.66,79.209999,61.66,22.03
2016-11-28,204.01,10.13,44.34,78.540001,61.02,21.96
2016-11-29,204.33,10.16,44.389999,78.690002,61.04,21.97
2016-11-30,203.83,10.1,44.529999,77.989998,60.98,21.95
2016-12-01,203.13,10.0,44.27,77.239998,60.66,21.87
2016-12-02,203.21,9.99,44.27,77.459999,60.75,21.89
2016-12-05,204.41,10.1,44.610001,78.139999,61.56,22.0
2016-12-06,205.11,10.12,44.73,78.599998,62.18,22.08
2016-12-07,207.85,10.26,45.18,79.25,62.79,22.28
2016-12-08,208.32,10.28,45.32,79.559998,63.54,22.33
2016-12-09,209.56,10.01,45.529999,79.669998,63.51,22.17
2016-12-12,209.33,9.96,45.330002,79.18,62.94,22.11
2016-12-13,210.74,10.05,45.68,79.449997,63.01,22.21
2016-12-14,209.04,9.98,45.330002,76.230003,62.19,22.05
2016-12-15,209.86,10.0,45.450001,76.660004,62.52,22.09
2016-12-16,209.5,9.96,45.299999,76.330002,62.45,22.08
2016-12-19,209.92,9.98,45.32,76.290001,62.79,22.13
2016-12-20,210.71,10.02,45.450001,76.639999,63.19,22.17
2016-12-21,208.89,10.01,42.630001,76.449997,62.51,22.15
2016-12-22,208.53,9.97,42.5,75.849998,62.04,22.11
2016-12-23,208.81,9.98,42.52,76.150002,62.33,22.14
2016-12-27,209.28,10.01,42.669998,76.330002,62.58,22.18
2016-12-28,207.57,9.93,42.380001,75.629997,61.89,22.08
2016-12-29,207.52,9.92,42.299999,75.629997,62.0,22.08
2016-12-30,206.57,9.85,42.040001,75.370003,61.77,22.02
2017-01-03,208.33,9.94,42.41,75.849998,62.19,22.17
2017-01-04,209.56,10.04,42.740002,76.980003,63.21,22.3
2017-01-05,209.41,10.06,42.860001,76.669998,62.73,22.32
2017-01-06,210.21,10.13,43.07,76.980003,62.64,22.38
2017-01-09,209.46,10.11,43.029999,76.849998,62.25,22.36
2017-01-10,209.46,10.13,43.200001,77.129997,62.68,22.38
2017-01-11,210.07,10.18,43.310001,77.290001,62.85,22.42
2017-01-12,209.63,10.16,43.27,77.120003,62.5,22.38
2017-01-13,210.01,10.21,43.439999,77.389999,62.89,22.42
2017-01-17,209.39,10.16,43.299999,77.07,62.28,22.37
2017-01-18,209.79,10.18,43.41,77.440002,62.54,22.37
2017-01-19,209.04,10.16,43.419998,77.120003,62.08,22.33
2017-01-20,209.75,10.18,43.57,77.269997,62.34,22.37
2017-01-23,209.19,10.18,43.549999,76.980003,62.18,22.37
2017-01-24,210.56,10.27,43.939999,77.629997,63.06,22.47
2017-01-25,212.25,10.38,44.310001,78.25,63.56,22.59
2017-01-26,212.1,10.39,44.369999,78.110001,63.36,22.58
2017-01-27,211.93,10.37,44.360001,78.059998,63.09,22.55
2017-01-30,210.66,10.3,44.0,77.650002,62.4,22.44
2017-01-31,210.48,10.28,43.950001,77.900002,62.74,22.46
2017-02-01,210.59,10.31,44.040001,77.849998,62.63,22.49
2017-02-02,210.72,10.3,44.080002,77.910004,62.62,22.51
2017-02-03,212.27,10.37,44.27,78.550003,63.44,22.61
2017-02-06,211.82,10.36,44.139999,78.290001,63.08,22.6
2017-02-07,211.88,10.37,44.060001,78.269997,62.85,22.62
2017-02-08,212.09,10.39,44.139999,78.639999,62.86,22.66
2017-02-09,213.35,10.46,44.389999,79.470001,63.59,22.77
2017-02-10,214.12,10.46,44.599998,79.690002,63.99,22.83
2017-02-13,215.3,10.51,44.830002,79.870003,64.14,22.9
2017-02-14,216.23,10.55,44.919998,80.040001,64.35,22.96
2017-02-15,217.34,10.6,45.040001,80.419998,64.64,23.03
2017-02-16,217.17,10.58,44.93,80.120003,64.49,23.02
2017-02-17,217.54,10.6,44.990002,80.589996,64.55,23.07
2017-02-21,218.85,10.66,45.200001,80.970001,65.09,23.17
2017-02-22,218.64,10.67,45.07,80.809998,64.78,23.15
2017-02-23,218.75,10.64,44.98,80.459999,64.43,23.15
2017-02-24,219.13,10.63,44.970001,80.830002,64.48,23.18
2017-02-27,219.39,10.64,45.110001,81.07,65.01,23.21
2017-02-28,218.83,10.6,44.990002,80.449997,64.23,23.15
2017-03-01,221.86,10.78,45.59,81.489998,65.27,23.34
2017-03-02,220.58,10.7,45.27,80.959999,64.54,23.22
2017-03-03,220.69,10.72,45.360001,81.080002,64.57,23.24
2017-03-06,219.98,10.69,45.240002,80.610001,64.14,23.16
2017-03-07,219.35,10.68,45.110001,80.260002,63.72,23.1
2017-03-08,218.91,10.69,44.98,80.379997,63.33,23.05
2017-03-09,219.09,10.7,45.060001,80.309998,63.08,23.03
2017-03-10,219.8,10.74,45.209999,80.779999,63.31,23.09
2017-03-13,219.96,10.77,45.360001,81.029999,63.49,23.11
2017-03-14,219.22,10.73,45.18,80.769997,63.18,23.05
2017-03-15,221.06,10.8,45.619999,81.559998,64.1,23.23
2017-03-16,220.71,10.81,45.59,81.529999,64.13,23.2
2017-03-17,220.42,10.81,45.580002,81.699997,64.28,23.18
2017-03-20,219.99,10.79,45.490002,81.389999,63.96,23.17
2017-03-21,216.27,10.62,44.84,80.190002,62.56,22.96
2017-03-22,216.69,10.66,44.950001,80.610001,62.58,22.99
2017-03-23,216.46,10.65,44.880001,80.610001,62.58,22.99
2017-03-24,216.28,10.66,44.889999,80.639999,62.59,23.02
2017-03-27,216.06,10.66,44.93,80.830002,62.62,23.03
2017-03-28,217.62,10.74,45.25,81.32,63.12,23.14
2017-03-29,217.9,10.77,45.470001,81.540001,63.37,23.21
2017-03-30,218.55,10.79,45.509998,81.620003,63.76,23.25
2017-03-31,218.06,10.77,45.450001,81.519997,63.87,23.23
2017-04-03,217.71,10.77,45.369999,81.059998,63.31,23.23
2017-04-04,217.87,10.77,45.470001,80.779999,63.32,23.23
2017-04-05,217.22,10.74,45.330002,80.5,62.74,23.18
2017-04-06,217.71,10.76,45.439999,80.93,63.28,23.24
2017-04-07,217.52,10.74,45.380001,80.849998,63.22,23.13
2017-04-10,217.69,10.76,45.5,80.919998,63.4,23.17
2017-04-11,217.4,10.73,45.439999,80.959999,63.74,23.18
2017-04-12,216.59,10.69,45.209999,80.589996,63.03,23.13
2017-04-13,215.12,10.63,44.939999,80.169998,62.41,23.04
2017-04-17,216.97,10.74,45.34,80.870003,63.12,23.18
2017-04-18,216.34,10.71,45.18,80.800003,63.12,23.16
2017-04-19,216.0,10.72,45.060001,81.099998,63.28,23.14
2017-04-20,217.64,10.82,45.41,81.839996,63.92,23.25
2017-04-21,216.98,10.8,45.349998,81.709999,63.74,23.2
2017-04-24,219.33,10.94,45.880001,82.620003,64.4,23.37
2017-04-25,220.67,11.04,46.23,82.889999,64.88,23.46
2017-04-26,220.56,11.03,46.259998,83.059998,65.06,23.46
2017-04-27,220.71,11.05,46.349998,83.349998,65.05,23.45
2017-04-28,220.29,11.07,46.34,83.029999,64.41,23.42
2017-05-01,220.67,11.14,46.560001,83.110001,64.64,23.46
2017-05-02,220.93,11.17,46.66,83.419998,64.46,23.49
2017-05-03,220.69,11.16,46.490002,83.220001,64.12,23.45
2017-05-04,220.84,11.16,46.48,83.599998,63.95,23.41
2017-05-05,221.74,11.21,46.709999,84.129997,64.5,23.49
2017-05-08,221.77,11.21,46.709999,83.790001,64.2,23.49
2017-05-09,221.55,11.23,46.779999,83.989998,64.12,23.5
2017-05-10,221.89,11.27,46.82,84.169998,64.48,23.53
2017-05-11,221.48,11.25,46.740002,83.82,64.14,23.5
2017-05-12,221.15,11.27,46.799999,83.480003,63.84,23.51
2017-05-15,222.24,11.32,47.0,84.25,64.29,23.57
2017-05-16,222.13,11.33,47.080002,84.269997,64.22,23.59
2017-05-17,218.16,11.09,46.169998,82.879997,62.8,23.3
2017-05-18,218.96,11.17,46.419998,83.269997,62.98,23.37
2017-05-19,220.45,11.24,46.66,83.779999,63.45,23.56
2017-05-22,221.59,11.32,46.939999,84.370003,63.86,23.65
2017-05-23,222.0,11.34,46.93,84.220001,63.97,23.66
2017-05-24,222.56,11.4,47.139999,84.57,64.13,23.72
2017-05-25,223.58,11.49,47.400002,85.230003,64.17,23.8
2017-05-26,223.68,11.5,47.470001,85.239998,64.1,23.82
2017-05-30,223.45,11.49,47.369999,85.110001,63.69,23.81
2017-05-31,223.38,11.47,47.310001,85.269997,63.69,23.78
2017-06-01,225.1,11.54,47.630001,86.300003,64.73,23.92
2017-06-02,225.93,11.62,47.970001,86.709999,64.98,23.99
2017-06-05,225.67,11.63,47.939999,86.410004,64.65,23.95
2017-06-06,225.04,11.6,47.889999,86.0,64.48,23.93
2017-06-07,225.44,11.64,47.91,86.169998,64.44,23.94
2017-06-08,225.5,11.66,47.970001,86.169998,64.98,23.95
2017-06-09,225.31,11.5,47.529999,85.709999,65.16,23.87
2017-06-12,225.11,11.42,47.25,85.57,65.15,23.85
2017-06-13,226.19,11.53,47.59,86.260002,65.6,23.95
2017-06-14,225.98,11.51,47.450001,86.239998,65.29,23.94
2017-06-15,225.51,11.45,47.169998,86.059998,64.97,23.84
2017-06-16,225.58,11.46,47.23,86.0,64.89,23.84
2017-06-19,227.46,11.59,47.709999,86.830002,65.44,23.99
2017-06-20,225.94,11.52,47.389999,86.139999,64.65,23.88
2017-06-21,225.83,11.57,47.57,86.309998,64.38,23.89
2017-06-22,224.71,11.56,47.630001,86.489998,64.51,23.9
2017-06-23,225.06,11.6,47.779999,86.809998,64.95,23.92
2017-06-26,225.13,11.56,47.689999,86.830002,65.13,23.94
2017-06-27,223.32,11.42,47.23,86.139999,64.54,23.78
2017-06-28,225.33,11.56,47.73,87.019997,65.36,23.95
2017-06-29,223.4,11.42,47.240002,86.139999,64.88,23.79
2017-06-30,223.75,11.42,47.23,86.389999,64.99,23.82
2017-07-03,224.28,11.38,47.119999,86.379997,65.4,23.84
2017-07-05,224.65,11.44,47.290001,86.519997,65.17,23.86
2017-07-06,222.63,11.35,46.959999,85.540001,64.29,23.67
2017-07-07,224.06,11.46,47.32,86.419998,64.89,23.68
2017-07-10,224.27,11.52,47.540001,86.32,64.65,23.7
2017-07-11,224.09,11.53,47.630001,86.290001,64.83,23.71
2017-07-12,225.75,11.66,48.09,87.019997,65.33,23.88
2017-07-13,226.18,11.67,48.169998,87.110001,65.45,23.9
2017-07-14,227.24,11.73,48.41,87.470001,65.67,24.0
2017-07-17,227.24,11.72,48.419998,87.529999,65.78,23.99
2017-07-18,227.37,11.8,48.700001,87.519997,65.63,24.03
2017-07-19,228.62,11.87,49.060001,88.010002,66.31,24.14
2017-07-20,228.6,11.87,49.049999,88.080002,66.28,24.11
2017-07-21,228.51,11.86,49.060001,88.139999,66.07,24.14
2017-07-24,228.28,11.9,49.110001,88.290001,66.21,24.15
2017-07-25,228.94,11.9,49.200001,88.470001,66.69,24.18
2017-07-26,229.0,11.94,49.290001,88.5,66.35,24.21
2017-07-27,228.81,11.88,49.080002,87.989998,66.03,24.17
2017-07-28,228.51,11.88,48.98,88.040001,65.84,24.16
2017-07-31,228.34,11.83,48.799999,87.809998,65.71,24.13
2017-08-01,228.9,11.87,48.880001,87.989998,65.84,24.18
2017-08-02,229.06,11.87,48.880001,87.489998,65.29,24.16
2017-08-03,228.6,11.85,48.66,87.330002,65.07,24.12
2017-08-04,229.04,11.9,48.700001,87.510002,65.33,24.15
2017-08-07,229.42,11.94,48.84,87.860001,65.41,24.2
2017-08-08,228.89,11.91,48.73,87.550003,65.19,24.14
2017-08-09,228.84,11.89,48.549999,87.190002,64.72,24.12
2017-08-10,225.61,11.67,47.73,85.779999,63.63,23.87
2017-08-11,225.91,11.71,47.869999,86.230003,63.79,23.93
2017-08-14,228.19,11.86,48.299999,86.980003,64.55,24.08
2017-08-15,228.13,11.87,48.240002,86.599998,64.18,24.06
2017-08-16,228.52,11.9,48.360001,87.129997,64.32,24.1
2017-08-17,225.0,11.71,47.66,85.879997,63.27,23.86
2017-08-18,224.59,11.71,47.669998,85.720001,63.18,23.84
2017-08-21,224.86,11.71,47.68,85.949997,63.17,23.86
2017-08-22,227.1,11.87,48.209999,86.839996,63.79,24.01
2017-08-23,226.34,11.84,48.09,86.449997,63.7,23.99
2017-08-24,225.87,11.81,48.0,86.489998,63.76,23.98
2017-08-25,226.27,11.79,47.93,86.830002,63.94,24.02
2017-08-28,226.39,11.8,47.98,86.849998,63.99,24.01
2017-08-29,226.62,11.83,48.040001,86.93,63.99,24.03
2017-08-30,227.72,11.93,48.389999,87.5,64.45,24.14
2017-08-31,229.03,12.02,48.810001,88.269997,65.09,24.27
2017-09-01,229.51,12.02,48.889999,88.25,65.41,24.3
2017-09-05,227.78,11.91,48.57,87.769997,64.75,24.22
2017-09-06,228.5,11.93,48.77,88.050003,64.86,24.26
2017-09-07,228.51,11.97,48.880001,88.139999,64.68,24.27
2017-09-08,228.18,11.92,48.700001,88.190002,64.76,24.24
2017-09-11,230.65,12.07,49.209999,88.940002,65.48,24.4
2017-09-12,231.44,12.1,49.360001,89.309998,65.88,24.45
2017-09-13,231.62,12.09,49.470001,88.970001,65.88,24.47
2017-09-14,231.44,12.05,49.360001,88.790001,65.81,24.43
2017-09-15,231.9,12.07,49.330002,88.800003,66.05,24.46
2017-09-18,232.24,12.1,49.380001,89.120003,66.4,24.48
2017-09-19,231.31,12.13,49.41,88.82,66.08,24.48
2017-09-20,231.46,12.13,49.43,89.110001,66.39,24.48
2017-09-21,230.76,12.09,49.330002,88.980003,66.25,24.42
2017-09-22,230.92,12.06,49.32,89.5,66.48,24.45
2017-09-25,230.41,11.9,48.950001,89.300003,66.52,24.41
2017-09-26,230.44,11.9,48.93,89.190002,66.6,24.42
2017-09-27,231.38,12.02,49.279999,89.690002,67.38,24.49
2017-09-28,231.71,12.04,49.369999,89.769997,67.55,24.52
2017-09-29,232.57,12.12,49.599998,90.110001,67.7,24.57
2017-10-02,233.47,12.15,49.68,90.540001,68.33,24.65
2017-10-03,233.99,12.19,49.810001,90.75,68.48,24.71
2017-10-04,234.29,12.2,49.939999,91.040001,68.43,24.75
2017-10-05,235.66,12.3,50.240002,91.279999,68.61,24.83
2017-10-06,235.48,12.34,50.32,91.260002,68.53,24.81
2017-10-09,235.05,12.32,50.25,91.019997,68.31,24.78
2017-10-10,235.6,12.33,50.23,91.120003,68.42,24.82
2017-10-11,236.03,12.38,50.400002,91.139999,68.43,24.85
2017-10-12,235.65,12.37,50.330002,91.260002,68.43,24.8
2017-10-13,235.87,12.4,50.400002,91.18,68.4,23.59
2017-10-16,236.28,12.42,50.5,91.220001,68.43,23.59
2017-10-17,236.44,12.42,50.52,91.110001,68.28,23.6
2017-10-18,236.62,12.43,50.490002,91.18,68.47,23.6
2017-10-19,236.72,12.41,50.400002,91.239998,68.43,23.59
2017-10-20,237.95,12.49,50.610001,91.889999,68.81,23.66
2017-10-23,237.01,12.41,50.349998,91.669998,68.37,23.56
2017-10-24,237.4,12.47,50.470001,91.849998,68.49,23.57
2017-10-25,236.29,12.42,50.290001,91.360001,68.1,23.48
2017-10-26,236.59,12.43,50.310001,91.959999,68.36,23.48
2017-10-27,238.5,12.66,51.259998,92.239998,68.8,23.62
2017-10-30,237.76,12.66,51.259998,91.739998,68.29,23.61
2017-10-31,237.99,12.69,51.43,92.190002,68.75,23.65
2017-11-01,238.37,12.7,51.540001,91.589996,68.51,23.67
2017-11-02,238.44,12.7,51.48,91.790001,68.63,23.67
2017-11-03,239.2,12.75,51.720001,92.230003,68.72,23.74
2017-11-06,239.53,12.76,51.970001,92.279999,68.97,23.77
2017-11-07,239.48,12.72,51.779999,91.870003,68.4,23.73
2017-11-08,239.83,12.74,51.830002,91.949997,68.54,23.73
2017-11-09,238.99,12.67,51.59,91.440002,68.17,23.67
2017-11-10,238.86,12.66,51.509998,91.43,68.21,23.65
2017-11-13,239.1,12.69,51.540001,91.540001,68.24,23.67
2017-11-14,238.58,12.67,51.380001,91.57,68.05,23.61
2017-11-15,237.32,12.6,51.099998,91.110001,67.69,23.56
2017-11-16,239.34,12.73,51.560001,92.129997,68.54,23.7
2017-11-17,238.72,12.7,51.5,92.330002,68.82,23.7
2017-11-20,239.03,12.72,51.560001,92.669998,69.13,23.71
2017-11-21,240.6,12.85,52.009998,93.32,69.69,23.83
2017-11-22,240.45,12.83,52.009998,93.239998,69.68,23.84
2017-11-24,240.95,12.9,52.259998,93.470001,69.78,23.88
2017-11-27,240.88,12.88,52.150002,93.339996,69.52,23.85
2017-11-28,243.27,12.96,52.380001,94.019997,70.36,24.0
2017-11-29,243.21,12.78,52.02,93.519997,70.53,23.91
2017-11-30,245.29,12.9,52.41,94.269997,70.88,24.02
2017-12-01,244.8,12.82,52.23,93.879997,70.69,23.99
2017-12-04,244.55,12.67,51.799999,93.32,70.52,23.94
2017-12-05,243.64,12.68,51.740002,93.07,69.92,23.88
2017-12-06,243.62,12.73,51.740002,92.900002,69.59,23.87
2017-12-07,244.38,12.82,51.990002,93.620003,70.16,23.94
2017-12-08,245.75,12.19,52.27,94.040001,70.39,23.58
2017-12-11,246.54,12.23,52.439999,93.870003,70.31,23.62
2017-12-12,246.93,12.22,52.41,93.489998,70.13,23.63
2017-12-13,246.82,12.23,52.459999,93.459999,70.26,23.65
2017-12-14,245.86,12.2,52.34,85.989998,69.62,23.57
2017-12-15,248.08,12.31,52.700001,86.879997,70.43,23.72
2017-12-18,249.42,12.37,53.040001,87.419998,71.19,23.8
2017-12-19,248.61,12.31,52.939999,87.370003,70.82,23.71
2017-12-20,248.44,12.29,49.470001,87.360001,70.6,23.69
2017-12-21,248.93,12.31,49.630001,87.309998,70.86,23.74
2017-12-22,247.63,12.29,49.610001,87.269997,70.85,23.74
2017-12-26,247.38,12.27,49.549999,87.18,70.95,23.73
2017-12-27,247.59,12.29,49.619999,87.32,70.97,23.77
2017-12-28,248.09,12.32,49.799999,87.459999,71.21,23.8
2017-12-29,246.82,12.24,49.540001,87.019997,70.78,23.73
2018-01-02,248.88,12.38,50.16,87.790001,71.37,23.89
2018-01-03,250.47,12.51,50.580002,88.550003,71.57,24.0
2018-01-04,251.53,12.56,50.759998,88.849998,71.65,24.09
2018-01-05,253.3,12.68,51.150002,89.389999,71.91,24.19
2018-01-08,253.73,12.72,51.23,89.660004,72.11,24.2
2018-01-09,254.13,12.76,51.330002,89.839996,72.03,24.22
2018-01-10,253.85,12.76,51.220001,89.650002,71.88,24.21
2018-01-11,255.66,12.85,51.66,90.459999,72.93,24.36
2018-01-12,257.38,12.93,52.080002,91.040001,73.14,24.49
2018-01-16,256.48,12.88,51.939999,90.529999,72.42,24.4
2018-01-17,258.89,13.02,52.380001,91.410004,72.97,24.51
2018-01-18,258.5,13.04,52.419998,91.379997,72.65,24.48
2018-01-19,259.64,13.11,52.66,92.050003,73.46,24.59
2018-01-22,261.73,13.25,53.139999,92.5,73.98,24.73
2018-01-23,262.31,13.35,53.5,92.779999,74.24,24.85
2018-01-24,262.17,13.32,53.529999,92.75,73.94,24.82
2018-01-25,262.33,13.35,53.580002,92.940002,73.95,24.82
2018-01-26,265.44,13.5,54.240002,93.769997,74.3,24.99
2018-01-29,263.66,13.44,54.029999,93.360001,73.78,24.87
2018-01-30,260.81,13.33,53.5,92.779999,73.01,24.68
2018-01-31,260.94,13.38,53.580002,92.589996,72.8,24.72
2018-02-01,260.82,13.37,53.43,92.709999,72.94,24.65
2018-02-02,255.3,13.09,52.470001,91.239998,71.5,24.3
2018-02-05,244.83,12.56,50.610001,88.129997,69.0,23.69
2018-02-06,249.14,12.82,51.560001,88.879997,69.65,23.92
2018-02-07,247.9,12.73,51.18,88.75,69.57,23.81
2018-02-08,238.64,12.2,49.259998,85.949997,67.38,23.22
2018-02-09,242.27,12.22,49.810001,86.639999,67.99,23.39
2018-02-12,245.65,12.42,50.580002,87.940002,68.74,23.61
2018-02-13,246.31,12.44,50.740002,88.080002,68.91,23.66
2018-02-14,249.68,12.69,51.650002,89.470001,70.18,23.88
2018-02-15,252.76,12.85,52.259998,90.650002,70.88,24.07
2018-02-16,252.87,12.81,52.18,90.75,71.11,24.09
2018-02-20,251.41,12.79,52.09,90.43,70.62,24.03
2018-02-21,250.03,12.77,51.950001,90.25,70.48,23.94
2018-02-22,250.3,12.77,51.93,89.900002,70.44,23.96
2018-02-23,254.32,12.98,52.73,90.879997,71.32,24.24
2018-02-26,257.35,13.15,53.27,91.400002,71.7,24.4
2018-02-27,254.11,12.99,52.630001,90.519997,70.68,24.18
2018-02-28,251.32,12.88,52.119999,90.019997,69.84,24.02
2018-03-01,248.01,12.71,51.540001,89.18,69.54,23.86
2018-03-02,249.29,12.8,51.889999,90.07,70.45,23.94
2018-03-05,252.04,12.93,52.450001,90.879997,71.16,24.11
2018-03-06,252.72,12.98,52.75,91.580002,71.8,24.17
2018-03-07,252.61,13.03,52.849998,91.879997,72.15,24.21
2018-03-08,253.81,13.07,53.009998,92.309998,72.15,24.29
2018-03-09,258.22,13.31,53.939999,93.849998,73.23,24.54
2018-03-12,257.89,13.3,53.919998,93.809998,73.35,24.54
2018-03-13,256.27,13.18,53.52,93.32,72.97,24.42
2018-03-14,254.87,13.16,53.43,92.940002,72.63,24.36
2018-03-15,254.69,13.15,53.349998,92.879997,72.34,24.34
2018-03-16,255.13,13.15,53.259998,93.139999,72.75,24.38
2018-03-19,251.51,12.92,52.490002,92.349998,72.0,24.15
2018-03-20,251.88,12.98,52.720001,92.860001,72.08,24.18
2018-03-21,251.45,12.95,52.759998,92.790001,72.18,24.17
2018-03-22,245.13,12.59,51.459999,90.800003,70.54,23.8
2018-03-23,238.9,12.3,50.52,89.400002,69.19,23.47
2018-03-26,245.39,12.68,51.849998,91.400002,70.69,23.87
2018-03-27,241.15,12.31,50.740002,90.040001,69.49,23.59
2018-03-28,240.49,12.21,50.220001,89.510002,69.57,23.54
2018-03-29,243.81,12.43,51.0,90.550003,70.42,23.76
2018-04-02,238.36,12.15,49.830002,88.43,68.75,23.43
2018-04-03,241.38,12.28,50.380001,89.010002,69.62,23.61
2018-04-04,244.19,12.41,50.830002,89.790001,70.35,23.78
2018-04-05,245.9,12.52,51.220001,90.18,70.86,23.89
2018-04-06,240.51,12.24,50.16,88.269997,69.49,23.51
2018-04-09,241.39,12.3,50.400002,88.510002,69.5,23.55
2018-04-10,245.43,12.53,51.27,89.660004,70.7,23.8
2018-04-11,244.08,12.47,51.130001,89.489998,70.77,23.73
2018-04-12,246.13,12.6,51.529999,90.220001,71.16,23.84
2018-04-13,245.43,12.52,51.41,89.709999,70.87,23.78
2018-04-16,247.42,12.58,51.77,90.540001,71.54,23.89
2018-04-17,250.06,12.81,52.630001,91.639999,72.21,24.08
2018-04-18,250.27,12.84,52.849998,91.970001,72.45,24.12
2018-04-19,248.86,12.84,52.650002,91.400002,72.02,24.01
2018-04-20,246.75,12.73,52.23,91.110001,71.59,23.86
2018-04-23,246.76,12.69,52.07,90.980003,71.59,23.84
2018-04-24,243.47,12.43,51.200001,89.919998,71.06,23.62
2018-04-25,243.92,12.4,51.200001,89.760002,71.02,23.62
2018-04-26,246.46,12.64,51.959999,90.220001,71.34,23.81
2018-04-27,246.75,12.64,52.02,90.110001,71.28,23.85
2018-04-30,244.73,12.58,51.740002,89.480003,70.66,23.74
2018-05-01,245.36,12.65,51.950001,89.25,70.87,23.75
2018-05-02,243.59,12.59,51.68,88.699997,70.83,23.67
2018-05-03,243.07,12.59,51.509998,88.790001,70.64,23.62
2018-05-04,246.23,12.73,52.09,89.739998,71.57,23.82
2018-05-07,247.08,12.82,52.400002,90.139999,72.13,23.91
2018-05-08,247.02,12.87,52.419998,90.550003,72.4,23.9
2018-05-09,249.44,13.03,52.880001,91.150002,72.91,24.01
2018-05-10,251.83,13.14,53.25,91.830002,73.33,24.19
2018-05-11,252.35,13.14,53.259998,91.879997,73.44,24.22
2018-05-14,252.58,13.14,53.349998,91.699997,73.26,24.24
2018-05-15,250.87,13.04,52.950001,91.260002,73.14,24.12
2018-05-16,251.95,13.08,53.240002,91.57,73.71,24.18
2018-05-17,251.81,13.07,53.310001,91.669998,73.98,24.19
2018-05-18,251.17,13.05,53.189999,91.849998,73.98,24.18
2018-05-21,253.03,13.14,53.57,92.25,74.51,24.28
2018-05-22,252.24,13.08,53.310001,91.610001,73.99,24.23
2018-05-23,253.07,13.15,53.52,91.709999,74.08,24.3
2018-05-24,252.56,13.11,53.400002,91.75,74.14,24.28
2018-05-25,252.0,13.09,53.330002,91.620003,74.06,24.27
2018-05-29,249.1,12.95,52.799999,90.779999,73.84,24.14
2018-05-30,252.3,13.11,53.419998,91.669998,74.89,24.33
2018-05-31,250.62,13.09,53.220001,91.089996,74.25,24.23
2018-06-01,253.36,13.25,53.759998,91.959999,74.81,24.38
2018-06-04,254.5,13.31,54.049999,92.370003,75.15,24.46
2018-06-05,254.7,13.35,54.139999,92.730003,75.51,24.49
2018-06-06,256.89,13.46,54.57,93.660004,76.09,24.61
2018-06-07,256.75,13.37,54.330002,93.360001,75.91,24.59
2018-06-08,257.56,13.41,54.43,93.800003,76.21,24.66
2018-06-11,257.84,13.44,54.580002,93.910004,76.31,24.7
2018-06-12,258.29,13.5,54.77,94.410004,76.64,24.75
2018-06-13,257.26,13.49,54.799999,94.110001,76.22,24.68
2018-06-14,257.98,13.56,55.099998,94.459999,76.5,24.78
2018-06-15,257.74,13.52,55.0,94.540001,76.39,24.76
2018-06-18,257.2,13.58,55.009998,94.589996,76.68,24.76
2018-06-19,256.17,13.51,54.830002,93.849998,76.57,24.7
2018-06-20,256.61,13.58,55.18,94.010002,77.08,24.75
2018-06-21,255.01,13.48,54.75,93.25,76.16,24.65
2018-06-22,255.49,13.44,54.830002,93.220001,76.14,24.69
2018-06-25,251.99,13.16,53.709999,91.660004,74.91,24.42
2018-06-26,252.54,13.24,53.950001,91.839996,75.26,24.47
2018-06-27,249.2,13.07,53.470001,90.660004,74.23,24.32
2018-06-28,250.77,13.19,53.810001,91.150002,74.59,24.41
2018-06-29,250.98,13.21,54.009998,91.370003,74.61,24.43
2018-07-02,251.76,13.28,54.080002,91.599998,74.88,24.49
2018-07-03,250.51,13.16,53.779999,91.440002,75.06,24.44
2018-07-05,252.73,13.29,54.25,92.139999,75.76,24.59
2018-07-06,254.89,13.42,54.82,92.889999,76.45,24.68
2018-07-09,257.22,13.57,55.450001,93.720001,77.03,24.84
2018-07-10,258.11,13.57,55.549999,93.900002,76.87,24.85
2018-07-11,256.28,13.55,55.209999,93.32,76.35,24.73
2018-07-12,258.55,13.73,55.619999,94.129997,76.7,24.88
2018-07-13,258.83,13.73,55.610001,94.209999,76.66,24.91
2018-07-16,258.57,13.72,55.48,93.760002,76.25,24.87
2018-07-17,259.61,13.78,55.599998,94.379997,76.67,24.93
2018-07-18,260.17,13.84,55.759998,94.739998,76.91,24.95
2018-07-19,259.17,13.75,55.389999,94.919998,77.21,24.91
2018-07-20,258.93,13.76,55.419998,94.739998,76.94,24.87
2018-07-23,259.41,13.8,55.470001,94.709999,76.92,24.88
2018-07-24,260.66,13.85,55.639999,94.339996,76.17,24.94
2018-07-25,263.03,14.02,56.279999,95.349998,76.54,25.11
2018-07-26,262.24,13.77,55.830002,95.779999,76.92,25.02
2018-07-27,260.52,13.65,55.34,95.040001,75.8,24.9
2018-07-30,259.04,13.43,54.77,93.919998,75.22,24.77
2018-07-31,260.31,13.46,55.029999,94.760002,75.98,24.86
2018-08-01,260.04,13.51,54.93,94.32,75.95,24.82
2018-08-02,261.35,13.64,55.299999,94.900002,76.62,24.9
2018-08-03,262.6,13.64,55.240002,94.82,76.51,24.95
2018-08-06,263.55,13.74,55.529999,95.139999,77.0,25.01
2018-08-07,264.3,13.8,55.759998,95.440002,77.16,25.05
2018-08-08,264.23,13.82,55.73,95.290001,77.01,25.06
2018-08-09,263.92,13.82,55.68,95.550003,77.14,25.09
2018-08-10,262.12,13.73,55.299999,94.93,76.89,24.97
2018-08-13,261.08,13.67,55.040001,94.559998,76.4,24.89
2018-08-14,262.77,13.76,55.279999,95.370003,77.17,24.98
2018-08-15,260.82,13.58,54.5,94.610001,76.37,24.82
2018-08-16,262.96,13.62,54.68,95.129997,77.02,24.95
2018-08-17,263.85,13.61,54.650002,95.690002,77.42,24.99
2018-08-20,264.5,13.65,54.849998,96.129997,77.71,25.07
2018-08-21,265.06,13.69,55.119999,96.510002,78.41,25.12
2018-08-22,264.96,13.75,55.34,96.639999,78.58,25.14
2018-08-23,264.53,13.74,55.139999,96.449997,78.36,25.09
2018-08-24,266.17,13.89,55.650002,97.019997,78.75,25.21
2018-08-27,268.24,14.04,56.189999,97.889999,79.06,25.35
2018-08-28,268.32,14.05,56.200001,97.989998,79.14,25.35
2018-08-29,269.87,14.17,56.610001,98.360001,79.42,25.44
2018-08-30,268.72,14.1,56.439999,97.790001,79.14,25.34
2018-08-31,268.78,14.07,56.310001,97.989998,79.39,25.33
2018-09-04,268.36,14.06,56.040001,98.190002,79.22,25.28
2018-09-05,267.61,13.86,55.439999,97.57,78.95,25.18
2018-09-06,266.71,13.8,55.130001,97.360001,78.55,25.09
2018-09-07,266.14,13.8,55.139999,97.209999,78.41,25.04
2018-09-10,266.64,13.82,55.25,97.629997,78.65,25.07
2018-09-11,267.66,13.95,55.59,97.870003,78.81,25.12
2018-09-12,267.76,13.96,55.689999,98.059998,78.82,25.16
2018-09-13,269.24,14.01,55.98,98.709999,78.89,25.23
2018-09-14,269.36,14.03,56.049999,98.849998,79.19,25.24
2018-09-17,267.86,13.85,55.5,97.980003,78.38,25.12
2018-09-18,269.31,13.96,56.0,98.639999,78.73,25.2
2018-09-19,269.65,13.97,56.139999,98.459999,78.36,25.23
2018-09-20,271.77,14.08,56.5,98.93,78.97,25.38
2018-09-21,271.68,14.01,56.380001,98.75,78.7,25.35
2018-09-24,270.72,14.05,56.48,98.339996,78.35,25.3
2018-09-25,269.17,14.09,56.59,98.370003,78.46,25.29
2018-09-26,268.29,14.07,56.549999,98.080002,77.79,25.24
2018-09-27,269.08,14.15,56.799999,98.059998,77.54,25.3
2018-09-28,269.09,14.09,56.689999,98.150002,77.86,25.29
2018-10-01,270.06,14.14,56.810001,97.720001,77.09,25.32
2018-10-02,269.96,14.05,56.580002,97.419998,76.5,25.3
2018-10-03,270.16,14.08,56.66,97.589996,76.96,25.29
2018-10-04,268.01,13.86,55.830002,96.370003,75.93,25.11
2018-10-05,266.54,13.76,55.380001,95.730003,75.34,24.98
2018-10-08,266.43,13.63,55.060001,95.25,75.16,24.95
2018-10-09,266.13,13.63,55.09,94.830002,74.75,24.92
2018-10-10,257.38,13.04,52.950001,92.099998,72.62,24.37
2018-10-11,252.09,12.87,52.169998,90.669998,71.26,24.08
2018-10-12,255.7,13.17,53.16,91.82,71.57,22.55
2018-10-15,254.19,13.02,52.790001,92.019997,71.84,22.48
2018-10-16,259.66,13.39,54.169998,94.07,73.66,22.81
2018-10-17,259.61,13.38,54.110001,93.760002,73.4,22.76
2018-10-18,255.9,13.1,53.049999,92.290001,72.18,22.52
2018-10-19,255.81,13.04,52.73,91.480003,71.5,22.46
2018-10-22,254.72,13.03,52.619999,91.300003,71.23,22.38
2018-10-23,253.33,12.95,52.209999,90.849998,70.63,22.31
2018-10-24,245.51,12.44,50.150002,87.910004,68.24,21.83
2018-10-25,250.07,12.8,51.41,89.150002,69.51,22.1
2018-10-26,245.75,12.51,50.389999,88.410004,68.63,21.86
2018-10-29,244.13,12.28,49.59,88.099998,68.28,21.74
2018-10-30,247.98,12.43,50.349998,89.75,69.56,21.94
2018-10-31,250.68,12.72,51.259998,90.879997,70.01,22.11
2018-11-01,253.33,12.87,52.110001,92.410004,71.43,22.33
2018-11-02,251.76,12.77,51.84,92.199997,71.43,22.22
2018-11-05,253.17,12.77,51.959999,92.190002,71.51,22.25
2018-11-06,254.78,12.83,52.220001,92.410004,71.84,22.35
2018-11-07,260.18,13.2,53.57,93.720001,73.08,22.65
2018-11-08,259.67,13.13,53.169998,93.730003,72.76,22.55
2018-11-09,257.32,12.93,52.459999,92.830002,71.8,22.4
2018-11-12,252.25,12.59,51.25,91.129997,70.48,22.08
2018-11-13,251.89,12.59,51.18,91.199997,70.4,22.06
2018-11-14,250.04,12.48,50.889999,90.529999,69.85,21.97
2018-11-15,252.78,12.65,51.52,91.970001,70.78,22.12
2018-11-16,253.36,12.6,51.549999,92.160004,70.93,22.16
2018-11-19,249.15,12.21,50.330002,90.150002,69.5,21.86
2018-11-20,244.64,12.04,49.57,89.279999,68.34,21.61
2018-11-21,245.4,12.14,49.98,90.190002,69.19,21.72
2018-11-23,243.81,12.03,49.639999,90.18,69.19,21.65
2018-11-26,247.62,12.3,50.540001,91.410004,70.13,21.89
2018-11-27,248.43,12.31,50.610001,90.860001,69.56,21.9
2018-11-28,254.16,12.72,51.869999,92.870003,71.18,22.23
2018-11-29,253.66,12.72,51.950001,92.809998,71.09,22.23
2018-11-30,255.78,12.81,52.189999,93.25,71.53,22.31
2018-12-03,258.58,13.0,52.91,94.419998,72.28,22.5
2018-12-04,250.23,12.53,51.139999,91.529999,69.52,22.0
2018-12-06,249.92,12.56,51.119999,91.379997,69.42,21.97
2018-12-07,244.13,11.41,49.93,88.870003,68.0,21.31
2018-12-10,244.57,11.46,50.099998,89.040001,67.7,21.31
2018-12-11,244.49,11.46,50.139999,88.879997,67.56,21.29
2018-12-12,245.82,11.57,50.700001,89.68,68.12,21.4
2018-12-13,245.81,11.57,50.57,79.769997,67.28,21.36
2018-12-14,239.87,11.33,49.610001,78.709999,66.33,21.11
2018-12-17,234.9,11.06,48.599998,77.220001,64.68,20.84
2018-12-18,234.93,11.12,48.639999,77.220001,64.74,20.85
2018-12-19,231.34,10.93,47.860001,76.019997,63.58,20.63
2018-12-20,227.7,10.76,47.119999,74.559998,62.5,20.38
2018-12-21,223.0,10.46,40.950001,73.150002,60.73,20.09
2018-12-24,216.97,10.25,40.049999,71.709999,59.33,19.83
2018-12-26,227.74,10.83,42.16,74.830002,62.25,20.43
2018-12-27,229.71,10.92,42.439999,75.580002,62.52,20.51
2018-12-28,229.46,10.91,42.450001,75.5,62.63,20.53
2018-12-31,231.44,11.01,42.759998,76.379997,63.23,20.65
2019-01-02,231.73,11.03,42.810001,76.050003,63.17,20.7
2019-01-03,226.06,10.72,41.759998,74.32,62.13,20.4
2019-01-04,233.82,11.14,43.299999,76.660004,64.32,20.86
2019-01-07,235.46,11.27,43.82,77.629997,65.4,20.98
2019-01-08,237.74,11.39,44.23,78.519997,66.43,21.11
2019-01-09,238.79,11.47,44.630001,79.269997,67.03,21.24
2019-01-10,239.87,11.5,44.779999,79.739998,67.48,21.28
2019-01-11,239.84,11.48,44.759998,79.690002,67.59,21.29
2019-01-14,238.6,11.42,44.560001,79.169998,67.12,21.21
2019-01-15,241.16,11.63,45.23,79.910004,67.66,21.38
2019-01-16,241.71,11.66,45.299999,80.059998,68.1,21.44
2019-01-17,243.57,11.74,45.599998,80.720001,68.72,21.55
2019-01-18,246.78,11.88,46.119999,81.949997,69.59,21.74
2019-01-22,243.3,11.69,45.349998,80.949997,68.5,21.54
2019-01-23,243.83,11.69,45.259998,80.959999,68.36,21.55
2019-01-24,244.17,11.72,45.48,81.739998,68.87,21.61
2019-01-25,246.26,11.86,45.990002,82.870003,69.75,21.76
2019-01-28,244.32,11.74,45.57,82.559998,69.54,21.64
2019-01-29,243.97,11.64,45.360001,82.730003,69.5,21.61
2019-01-30,247.79,11.89,46.200001,83.610001,70.21,21.85
2019-01-31,249.98,12.05,46.77,84.0,70.72,22.01
2019-02-01,250.23,12.03,46.720001,84.440002,70.98,22.0
2019-02-04,251.93,12.15,47.049999,84.830002,71.68,22.11
2019-02-05,253.12,12.24,47.27,85.25,71.94,22.2
2019-02-06,252.58,12.17,47.060001,85.379997,71.81,22.15
2019-02-07,250.26,12.03,46.52,84.449997,71.34,22.01
2019-02-08,250.51,11.94,46.549999,84.669998,71.43,22.03
2019-02-11,250.69,11.95,46.560001,85.040001,71.88,22.05
2019-02-12,253.94,12.12,47.200001,86.129997,72.73,22.25
2019-02-13,254.72,12.11,47.310001,86.489998,72.96,22.3
2019-02-14,254.14,12.1,47.330002,86.309998,73.02,22.29
2019-02-15,256.93,12.18,47.75,87.32,73.9,22.44
2019-02-19,257.33,12.19,47.779999,87.220001,74.02,22.48
2019-02-20,257.84,12.2,47.810001,87.239998,74.23,22.52
2019-02-21,256.94,12.15,47.509998,86.970001,73.98,22.44
2019-02-22,258.6,12.24,47.860001,87.82,74.69,22.57
2019-02-25,258.96,12.27,48.029999,88.0,74.7,22.59
2019-02-26,258.75,12.27,47.990002,87.760002,74.18,22.58
2019-02-27,258.65,12.27,47.939999,87.940002,74.41,22.57
2019-02-28,258.0,12.23,47.740002,87.900002,74.13,22.52
2019-03-01,259.79,12.33,48.09,88.639999,74.74,22.63
2019-03-04,258.79,12.25,47.830002,87.860001,74.18,22.59
2019-03-05,258.5,12.28,47.82,87.809998,73.92,22.57
2019-03-06,256.83,12.21,47.48,86.940002,72.76,22.44
2019-03-07,254.79,12.09,46.990002,86.32,72.18,22.32
2019-03-08,254.28,12.08,46.860001,86.080002,72.04,22.29
2019-03-11,258.01,12.29,47.580002,87.220001,73.18,22.53
2019-03-12,258.78,12.33,47.759998,87.419998,73.34,22.6
2019-03-13,260.61,12.43,48.130001,87.739998,73.68,22.72
2019-03-14,260.46,12.43,48.09,87.43,73.51,22.71
2019-03-15,261.77,12.47,48.34,87.879997,73.65,22.8
2019-03-18,262.75,12.5,48.52,88.519997,74.09,22.85
2019-03-19,262.72,12.53,48.610001,88.489998,73.73,22.84
2019-03-20,260.51,12.55,48.709999,87.949997,73.17,22.81
2019-03-21,263.36,12.69,49.220001,89.220001,74.2,22.98
2019-03-22,258.37,12.41,48.080002,87.419998,71.9,22.68
2019-03-25,258.18,12.42,48.099998,87.349998,72.06,22.67
2019-03-26,260.03,12.49,48.380001,88.029999,72.77,22.78
2019-03-27,258.83,12.39,48.110001,87.529999,72.24,22.71
2019-03-28,259.8,12.43,48.299999,88.129997,72.93,22.76
2019-03-29,261.56,12.5,48.650002,88.760002,73.23,22.85
2019-04-01,264.59,12.65,49.240002,89.790001,74.15,23.03
2019-04-02,264.6,12.69,49.32,89.720001,74.03,23.04
2019-04-03,265.17,12.72,49.450001,90.040001,74.38,23.1
2019-04-04,265.78,12.7,49.439999,89.989998,74.57,23.15
2019-04-05,267.02,12.74,49.709999,90.510002,75.19,23.14
2019-04-08,267.3,12.74,49.75,90.739998,75.12,23.15
2019-04-09,265.76,12.71,49.540001,90.07,74.3,23.07
2019-04-10,266.71,12.77,49.720001,90.669998,75.14,23.16
2019-04-11,266.72,12.74,49.619999,90.910004,75.17,23.14
2019-04-12,268.51,12.8,49.869999,91.599998,75.61,23.24
2019-04-15,268.35,12.8,49.84,91.730003,75.4,23.21
2019-04-16,268.49,12.79,49.830002,91.580002,75.45,23.21
2019-04-17,267.9,12.72,49.630001,90.919998,74.72,23.19
2019-04-18,268.33,12.76,49.689999,91.019997,74.74,23.23
2019-04-22,268.61,12.84,49.950001,90.860001,74.51,23.24
2019-04-23,271.0,12.98,50.459999,91.75,75.59,23.41
2019-04-24,270.4,12.93,50.209999,91.730003,75.77,23.41
2019-04-25,270.31,13.02,50.400002,91.089996,75.19,23.4
2019-04-26,271.58,13.12,50.610001,91.669998,75.9,23.51
2019-04-29,271.88,13.17,50.709999,91.830002,76.04,23.52
2019-04-30,272.15,13.11,50.529999,92.099998,75.87,23.51
2019-05-01,270.11,13.0,50.110001,91.169998,75.13,23.39
2019-05-02,269.55,12.97,49.950001,91.43,75.27,23.35
2019-05-03,272.17,13.14,50.509998,92.400002,76.53,23.55
2019-05-06,270.98,13.09,50.310001,92.059998,76.46,23.48
2019-05-07,266.51,12.85,49.490002,90.540001,75.02,23.22
2019-05-08,266.09,12.84,49.509998,90.809998,74.72,23.18
2019-05-09,265.38,12.81,49.41,90.879997,74.55,23.12
2019-05-10,266.46,12.84,49.529999,91.019997,74.71,23.16
2019-05-13,260.03,12.47,48.16,88.550003,72.47,22.76
2019-05-14,262.15,12.59,48.650002,89.519997,73.35,22.93
2019-05-15,263.73,12.71,49.099998,89.830002,73.61,23.03
2019-05-16,266.16,12.87,49.560001,90.559998,74.15,23.16
2019-05-17,264.63,12.75,49.169998,89.849998,73.26,23.05
2019-05-20,262.84,12.66,48.68,89.089996,72.65,22.91
2019-05-21,265.08,12.75,49.130001,90.129997,73.63,23.07
2019-05-22,264.34,12.75,48.98,89.769997,73.06,23.0
2019-05-23,261.21,12.56,48.240002,88.639999,71.81,22.79
2019-05-24,261.61,12.6,48.34,88.82,72.26,22.82
2019-05-28,259.42,12.59,48.119999,88.220001,71.7,22.7
2019-05-29,257.63,12.47,47.740002,87.660004,71.17,22.61
2019-05-30,258.2,12.53,47.84,88.199997,71.1,22.66
2019-05-31,254.85,12.36,47.27,87.68,70.37,22.48
2019-06-03,254.15,12.12,46.669998,87.660004,70.55,22.46
2019-06-04,259.6,12.4,47.73,89.709999,72.34,22.77
2019-06-05,261.75,12.53,47.990002,90.43,72.58,22.86
2019-06-06,263.43,12.61,48.209999,90.849998,72.64,22.93
2019-06-07,266.22,12.81,48.889999,91.669998,73.11,23.1
2019-06-10,267.46,12.89,49.130001,92.559998,73.54,23.15
2019-06-11,267.38,12.86,49.110001,92.330002,73.37,23.15
2019-06-12,266.84,12.83,48.880001,92.370003,73.36,23.1
2019-06-13,268.01,12.87,49.110001,92.769997,73.95,23.19
2019-06-14,267.62,12.86,48.939999,92.5,73.37,23.14
2019-06-17,267.87,12.93,49.27,92.580002,73.66,23.17
2019-06-18,270.48,13.05,49.790001,93.690002,74.46,23.37
2019-06-19,271.29,13.14,50.029999,94.120003,74.74,23.44
2019-06-20,273.88,13.27,50.48,94.82,75.2,23.61
2019-06-21,273.55,13.24,50.509998,94.540001,74.68,23.59
2019-06-24,273.08,13.21,50.34,94.010002,73.92,23.54
2019-06-25,270.49,13.03,49.689999,93.389999,73.4,23.38
2019-06-26,268.76,13.02,49.700001,93.190002,73.0,23.37
2019-06-27,269.83,13.1,50.040001,93.940002,74.14,23.48
2019-06-28,271.4,13.18,50.34,94.910004,75.09,23.6
2019-07-01,273.48,13.29,50.77,95.599998,75.43,23.73
2019-07-02,274.29,13.34,50.869999,95.489998,75.22,23.77
2019-07-03,276.46,13.45,51.189999,96.190002,75.85,23.89
2019-07-05,275.99,13.43,51.080002,96.080002,75.97,23.73
2019-07-08,274.66,13.37,50.810001,95.43,75.33,23.63
2019-07-09,275.08,13.45,50.970001,95.739998,75.43,23.65
2019-07-10,276.33,13.54,51.240002,95.620003,75.51,23.72
2019-07-11,276.96,13.58,51.419998,95.849998,75.32,23.73
2019-07-12,278.26,13.62,51.610001,96.330002,75.94,23.82
2019-07-15,278.31,13.63,51.549999,96.190002,75.68,23.83
2019-07-16,277.37,13.56,51.34,96.059998,75.65,23.77
2019-07-17,275.56,13.51,51.119999,95.589996,75.18,23.7
2019-07-18,276.58,13.5,51.040001,96.18,75.42,23.76
2019-07-19,274.88,13.38,50.75,95.760002,75.08,23.65
2019-07-22,275.66,13.44,50.959999,95.879997,75.04,23.72
2019-07-23,277.55,13.5,51.18,96.769997,75.65,23.82
2019-07-24,278.86,13.57,51.490002,97.519997,76.65,23.92
2019-07-25,277.4,13.48,51.07,96.959999,75.91,23.8
2019-07-26,279.45,13.6,51.52,97.57,76.65,23.94
2019-07-29,279.0,13.51,51.279999,97.389999,76.2,23.9
2019-07-30,278.31,13.47,51.16,97.110001,76.74,23.89
2019-07-31,275.28,13.3,50.59,96.360001,76.04,23.72
2019-08-01,272.84,13.22,50.139999,95.209999,74.83,23.62
2019-08-02,270.87,13.09,49.610001,94.230003,74.05,23.5
2019-08-05,262.81,12.67,48.150002,91.620003,71.88,23.03
2019-08-06,266.26,12.85,48.799999,93.040001,72.74,23.22
2019-08-07,266.47,12.88,48.939999,93.739998,72.87,23.26
2019-08-08,271.55,13.16,49.93,95.230003,74.4,23.55
2019-08-09,269.8,13.05,49.57,94.559998,73.53,23.41
2019-08-12,266.62,12.88,48.990002,93.300003,72.51,23.24
2019-08-13,270.56,13.09,49.700001,94.550003,73.27,23.46
2019-08-14,262.71,12.69,48.189999,92.089996,71.21,23.05
2019-08-15,263.41,12.75,48.360001,92.419998,71.13,23.08
2019-08-16,267.26,12.92,49.009998,93.849998,72.52,23.32
2019-08-19,270.51,13.06,49.540001,94.599998,73.2,23.49
2019-08-20,268.39,12.97,49.200001,94.139999,72.69,23.39
2019-08-21,270.62,13.09,49.610001,94.790001,73.26,23.5
2019-08-22,270.48,13.04,49.400002,94.790001,73.25,23.48
2019-08-23,263.47,12.76,48.27,92.589996,71.31,23.11
2019-08-26,266.39,12.92,48.709999,93.160004,71.91,23.27
2019-08-27,265.54,12.89,48.540001,92.830002,71.21,23.22
2019-08-28,267.28,12.92,48.73,93.300003,71.8,23.32
2019-08-29,270.72,13.1,49.400002,94.669998,72.95,23.53
2019-08-30,270.93,13.06,49.389999,94.419998,72.99,23.55
2019-09-03,269.08,12.93,48.91,93.410004,72.07,23.43
2019-09-04,272.02,13.06,49.450001,94.300003,72.83,23.63
2019-09-05,275.62,13.24,50.130001,95.519997,73.95,23.8
2019-09-06,275.88,13.18,50.0,95.739998,73.79,23.8
2019-09-09,275.88,13.08,50.0,95.110001,74.16,23.79
2019-09-10,275.97,12.97,49.82,95.190002,74.53,23.75
2019-09-11,277.98,13.06,50.130001,95.82,75.66,23.89
2019-09-12,278.83,13.13,50.32,96.099998,75.66,23.93
2019-09-13,278.7,13.12,50.419998,95.959999,75.41,23.89
2019-09-16,277.84,13.08,50.41,95.940002,75.72,23.88
2019-09-17,278.55,13.15,50.549999,96.290001,75.59,23.93
2019-09-18,278.65,13.13,50.490002,96.010002,75.25,23.94
2019-09-19,278.67,13.14,50.560001,95.779999,75.08,23.97
2019-09-20,277.32,13.08,50.23,95.5,74.91,23.91
2019-09-23,277.3,13.05,50.09,95.589996,74.94,23.91
2019-09-24,274.98,12.88,49.389999,94.730003,73.94,23.76
2019-09-25,275.37,12.97,49.66,95.0,74.62,23.82
2019-09-26,274.72,12.94,49.419998,94.610001,74.07,23.77
2019-09-27,273.3,12.8,48.970001,93.68,73.45,23.66
2019-09-30,274.69,12.86,49.25,94.220001,73.79,23.75
2019-10-01,271.33,12.76,48.720001,92.580002,72.49,23.55
2019-10-02,266.48,12.54,48.009998,91.190002,71.59,23.29
2019-10-03,268.67,12.7,48.52,92.029999,72.09,23.45
2019-10-04,272.49,12.89,49.16,93.040001,72.87,23.67
2019-10-07,271.27,12.86,49.02,92.699997,72.64,23.59
2019-10-08,267.05,12.65,48.279999,90.910004,71.35,23.34
2019-10-09,269.57,12.79,48.700001,91.849998,71.85,23.48
2019-10-10,271.3,12.85,49.049999,92.32,72.16,23.55
2019-10-11,274.3,12.98,49.59,93.550003,73.37,23.5
2019-10-14,273.92,12.97,49.580002,93.330002,73.12,23.49
2019-10-15,276.65,13.13,50.27,94.07,73.79,23.65
2019-10-16,276.11,13.05,50.060001,93.599998,73.66,23.6
2019-10-17,276.89,13.09,50.259998,93.849998,74.3,23.66
2019-10-18,275.82,12.96,49.759998,93.580002,74.0,23.6
2019-10-21,277.72,13.06,50.09,94.120003,74.53,23.71
2019-10-22,276.74,12.9,49.669998,93.339996,74.4,23.66
2019-10-23,277.53,12.94,49.799999,93.43,74.48,23.72
2019-10-24,278.07,13.05,50.150002,93.82,74.57,23.78
2019-10-25,279.2,13.1,50.439999,94.019997,74.93,23.84
2019-10-28,280.76,13.21,50.810001,94.339996,75.43,23.94
2019-10-29,280.67,13.17,50.77,94.650002,75.59,23.92
2019-10-30,281.47,13.27,51.049999,94.739998,75.52,24.02
2019-10-31,280.63,13.22,50.84,94.370003,74.98,23.98
2019-11-01,283.37,13.33,51.279999,95.610001,76.14,24.17
2019-11-04,284.42,13.34,51.509998,95.860001,76.57,24.23
2019-11-05,284.08,13.31,51.43,95.550003,76.61,24.21
2019-11-06,284.3,13.3,51.34,95.18,76.27,24.2
2019-11-07,285.21,13.36,51.540001,95.209999,76.38,24.22
2019-11-08,286.0,13.4,51.740002,95.529999,76.69,24.25
2019-11-11,285.43,13.38,51.650002,95.290001,76.63,24.21
2019-11-12,285.9,13.43,51.860001,95.510002,76.64,24.26
2019-11-13,286.11,13.43,51.720001,95.68,76.48,24.27
2019-11-14,286.42,13.46,51.82,95.93,76.63,24.31
2019-11-15,288.67,13.57,52.400002,96.739998,77.13,24.46
2019-11-18,288.82,13.6,52.5,96.639999,77.0,24.46
2019-11-19,288.67,13.65,52.580002,97.050003,77.13,24.45
2019-11-20,287.64,13.61,52.490002,96.959999,76.89,24.4
2019-11-21,287.21,13.56,52.43,96.709999,76.5,24.36
2019-11-22,287.83,13.58,52.48,97.040001,76.74,24.42
2019-11-25,290.03,13.7,53.02,98.139999,77.9,24.6
2019-11-26,290.67,13.76,53.07,98.550003,78.18,24.61
2019-11-27,291.92,13.83,53.360001,98.989998,78.65,24.7
2019-11-29,290.82,13.79,53.150002,98.400002,78.09,24.63
2019-12-02,288.31,13.65,52.610001,97.620003,77.32,24.45
2019-12-03,286.41,13.6,52.369999,96.919998,76.99,24.39
2019-12-04,288.25,13.63,52.669998,97.309998,77.5,24.47
2019-12-05,288.76,13.64,52.66,97.389999,77.51,24.48
2019-12-06,291.41,13.75,53.139999,98.160004,78.25,24.65
2019-12-09,290.52,13.7,52.93,97.669998,77.92,24.58
2019-12-10,290.21,13.68,52.830002,97.449997,77.84,24.58
2019-12-11,291.05,13.73,53.060001,97.760002,77.87,24.66
2019-12-12,293.59,13.81,53.389999,98.589996,78.47,24.8
2019-12-13,293.66,13.39,53.52,93.610001,78.23,24.23
2019-12-16,295.77,13.5,54.02,94.239998,78.76,24.37
2019-12-17,295.87,13.51,54.09,94.260002,79.02,24.38
2019-12-18,295.77,13.53,54.240002,94.230003,79.17,24.39
2019-12-19,297.11,13.62,54.560001,94.760002,79.47,24.47
2019-12-20,297.16,13.67,51.119999,95.330002,79.85,24.56
2019-12-23,297.41,13.67,51.169998,95.389999,79.44,24.56
2019-12-24,297.38,13.68,51.18,95.43,79.49,24.57
2019-12-26,298.93,13.79,51.439999,95.519997,79.6,24.67
2019-12-27,298.94,13.79,51.43,95.419998,79.35,24.66
2019-12-30,297.25,13.68,50.98,95.059998,79.16,24.56
2019-12-31,298.14,13.71,51.130001,95.330002,79.37,24.6
2020-01-02,300.68,13.9,51.669998,96.029999,79.47,24.78
2020-01-03,298.59,13.8,51.41,95.57,79.25,24.69
2020-01-06,299.64,13.92,51.779999,95.57,79.36,24.77
2020-01-07,298.83,13.9,51.73,95.699997,79.18,24.75
2020-01-08,300.31,14.0,52.09,95.900002,79.38,24.83
2020-01-09,302.39,14.12,52.380001,96.589996,79.61,24.96
2020-01-10,301.52,14.09,52.16,96.330002,79.35,24.93
2020-01-13,303.63,14.21,52.48,96.809998,80.01,25.05
2020-01-14,303.2,14.17,52.48,96.989998,80.25,25.05
2020-01-15,303.77,14.22,52.650002,97.139999,80.45,25.08
2020-01-16,306.32,14.33,53.009998,98.139999,81.38,25.23
2020-01-17,307.51,14.39,53.130001,98.410004,81.2,25.29
2020-01-21,306.7,14.39,53.029999,97.889999,80.73,25.27
2020-01-22,306.8,14.37,53.02,98.029999,80.67,25.27
2020-01-23,307.17,14.38,53.130001,98.110001,80.74,25.31
2020-01-24,304.4,14.26,52.720001,97.290001,79.81,25.14
2020-01-27,299.61,14.01,51.720001,96.0,78.8,24.85
2020-01-28,302.63,14.17,52.32,96.870003,79.56,25.05
2020-01-29,302.37,14.21,52.380001,96.639999,79.31,25.1
2020-01-30,303.37,14.23,52.349998,96.580002,79.3,25.12
2020-01-31,298.02,14.0,51.59,94.959999,77.76,24.82
2020-02-03,300.18,14.15,52.299999,95.849998,78.5,24.93
2020-02-04,304.68,14.41,53.41,97.459999,79.68,25.19
2020-02-05,308.12,14.45,53.650002,98.160004,80.59,25.38
2020-02-06,309.19,14.53,53.849998,97.910004,80.35,25.43
2020-02-07,307.58,14.4,53.650002,96.889999,79.56,25.37
2020-02-10,309.88,14.55,54.080002,97.480003,80.05,25.5
2020-02-11,310.42,14.54,54.259998,98.040001,80.57,25.58
2020-02-12,312.43,14.66,54.73,98.580002,81.16,25.72
2020-02-13,312.03,14.65,54.77,98.529999,81.34,25.71
2020-02-14,312.65,14.72,54.849998,98.760002,81.33,25.73
2020-02-18,311.75,14.76,54.939999,98.489998,81.12,25.7
2020-02-19,313.28,14.87,55.380001,99.040001,81.45,25.82
2020-02-20,312.09,14.77,54.970001,98.940002,81.66,25.79
2020-02-21,308.82,14.56,54.27,98.089996,80.76,25.57
2020-02-24,298.5,14.02,52.279999,95.290001,78.38,24.97
2020-02-25,289.47,13.63,50.830002,92.370003,75.73,24.45
2020-02-26,288.37,13.63,50.84,91.519997,74.68,24.36
2020-02-27,275.69,13.09,48.880001,88.459999,71.96,23.64
2020-02-28,273.47,13.08,48.889999,87.760002,71.02,23.62
2020-03-02,286.06,13.62,50.619999,90.459999,73.07,24.23
2020-03-03,278.04,13.22,49.290001,88.349998,71.42,23.84
2020-03-04,289.78,13.75,51.259998,91.129997,73.73,24.51
2020-03-05,280.01,13.33,49.700001,88.160004,71.14,23.98
2020-03-06,275.25,13.09,48.709999,86.739998,69.67,23.67
2020-03-09,253.19,12.17,45.150002,80.480003,63.05,22.32
2020-03-10,265.69,12.8,47.18,83.800003,65.39,22.94
2020-03-11,252.74,12.23,45.080002,79.379997,61.19,22.1
2020-03-12,228.75,11.16,41.23,72.0,54.71,20.53
2020-03-13,250.07,12.11,44.310001,76.489998,58.97,21.63
2020-03-16,220.12,10.68,39.209999,67.370003,50.68,19.83
2020-03-17,233.28,11.27,40.91,70.629997,53.21,20.36
2020-03-18,221.2,10.79,38.82,65.489998,48.09,19.39
2020-03-19,222.25,11.02,39.82,66.910004,50.51,19.64
2020-03-20,212.65,10.66,38.900002,65.019997,48.54,19.18
2020-03-23,206.42,10.5,38.560001,63.43,47.36,18.93
2020-03-24,225.82,11.36,41.450001,69.529999,55.2,20.18
2020-03-25,228.43,11.37,41.849998,71.190002,53.5,20.4
2020-03-26,242.69,11.95,44.09,74.75,56.75,21.31
2020-03-27,234.52,11.53,42.540001,72.440002,54.82,20.88
2020-03-30,242.42,11.91,43.720001,74.209999,55.92,21.35
2020-03-31,238.56,11.76,43.41,73.220001,55.31,21.2
2020-04-01,228.03,11.28,41.610001,70.059998,51.97,20.48
2020-04-02,233.28,11.46,42.23,71.040001,52.44,20.72
2020-04-03,229.78,11.28,41.669998,69.919998,50.99,20.33
2020-04-06,245.93,12.05,44.290001,75.300003,55.14,21.36
2020-04-07,245.54,11.99,44.240002,75.720001,55.49,21.38
2020-04-08,253.97,12.34,45.52,78.459999,58.14,21.94
2020-04-09,257.68,12.45,45.939999,79.730003,60.29,22.26
2020-04-13,255.09,12.49,46.009998,78.25,58.66,22.16
2020-04-14,262.92,12.92,47.490002,80.489998,59.99,22.6
2020-04-15,257.14,12.76,47.09,78.739998,57.75,22.26
2020-04-16,258.63,12.93,47.689999,79.169998,57.54,22.36
2020-04-17,265.58,13.14,48.619999,82.129997,59.93,22.79
2020-04-20,260.82,13.03,48.189999,80.970001,59.06,22.52
2020-04-21,252.83,12.59,46.720001,78.650002,57.39,22.04
2020-04-22,258.64,12.95,47.84,80.309998,58.28,22.4
2020-04-23,258.51,12.97,47.959999,80.529999,58.84,22.44
2020-04-24,262.12,13.15,48.490002,81.529999,59.73,22.7
2020-04-27,265.98,13.22,48.970001,83.760002,61.99,22.94
2020-04-28,264.6,13.0,48.279999,83.860001,62.61,22.9
2020-04-29,271.64,13.42,49.66,86.300003,65.31,23.43
2020-04-30,269.14,13.47,49.610001,84.449997,63.41,23.27
2020-05-01,261.62,13.13,48.349998,82.339996,61.17,22.76
2020-05-04,262.73,13.27,48.919998,82.75,61.37,22.84
2020-05-05,265.1,13.42,49.43,83.989998,61.99,23.0
2020-05-06,263.27,13.45,49.439999,84.120003,61.67,22.9
2020-05-07,266.4,13.66,50.130001,85.080002,62.8,23.21
2020-05-08,270.95,13.79,50.669998,86.220001,64.81,23.51
2020-05-11,270.99,13.9,50.939999,86.260002,64.45,23.47
2020-05-12,265.46,13.65,50.040001,84.349998,62.32,23.16
2020-05-13,260.85,13.49,49.389999,82.580002,60.23,22.84
2020-05-14,263.92,13.6,49.810001,83.629997,60.82,23.02
2020-05-15,264.98,13.76,50.279999,84.230003,61.49,23.11
2020-05-18,273.36,13.96,51.290001,87.330002,64.9,23.64
2020-05-19,270.52,13.94,51.130001,86.779999,64.01,23.49
2020-05-20,275.07,14.2,51.990002,88.169998,65.53,23.81
2020-05-21,272.95,14.07,51.66,87.709999,65.62,23.71
2020-05-22,273.64,14.15,51.799999,88.290001,65.93,23.78
2020-05-26,277.01,14.1,51.91,89.75,67.7,24.0
2020-05-27,281.12,14.16,52.34,90.900002,69.36,24.29
2020-05-28,280.57,14.18,52.240002,91.080002,68.3,24.21
2020-05-29,281.96,14.34,52.779999,92.059998,68.32,24.29
2020-06-01,283.03,14.44,53.240002,92.699997,69.14,24.46
2020-06-02,285.36,14.5,53.580002,93.660004,69.74,24.63
2020-06-03,289.29,14.54,53.950001,95.489998,71.5,24.89
2020-06-04,288.38,14.37,53.450001,94.629997,71.44,24.82
2020-06-05,295.94,14.64,54.470001,96.220001,73.61,25.29
2020-06-08,299.51,14.72,54.93,97.290001,75.17,25.54
2020-06-09,297.19,14.78,54.880001,95.459999,73.59,25.42
2020-06-10,295.61,14.89,55.049999,94.730003,71.96,25.29
2020-06-11,278.22,14.15,52.310001,89.790001,66.98,24.24
2020-06-12,281.94,14.29,52.810001,90.769997,68.44,24.49
2020-06-15,284.3,14.45,53.400002,91.940002,69.72,24.66
2020-06-16,289.69,14.68,54.25,93.489998,71.15,25.03
2020-06-17,288.65,14.75,54.419998,93.410004,70.3,24.96
2020-06-18,288.82,14.8,54.580002,93.699997,69.91,24.99
2020-06-19,287.24,14.83,54.59,93.419998,69.91,24.94
2020-06-22,289.12,15.01,55.060001,94.010002,70.33,25.07
2020-06-23,290.36,15.1,55.34,94.160004,70.49,25.15
2020-06-24,282.86,14.77,53.970001,91.459999,67.98,24.67
2020-06-25,285.97,14.95,54.610001,92.370003,68.95,24.86
2020-06-26,277.62,14.54,53.23,91.230003,67.45,24.45
2020-06-29,281.73,14.65,53.73,92.18,68.93,24.69
2020-06-30,286.09,14.92,54.700001,93.580002,69.9,24.94
2020-07-01,287.53,15.15,55.48,93.790001,69.65,25.03
2020-07-02,288.9,15.21,55.77,94.349998,69.93,25.14
2020-07-06,293.49,15.53,56.990002,95.150002,69.67,25.44
2020-07-07,290.32,15.42,56.540001,94.230003,69.35,25.3
2020-07-08,292.59,15.64,57.18,94.980003,69.98,25.47
2020-07-09,291.02,15.7,57.259998,94.650002,69.05,25.39
2020-07-10,294.07,15.77,57.93,94.980003,69.83,25.47
2020-07-13,291.32,15.41,56.799999,93.529999,68.73,25.29
2020-07-14,295.26,15.58,57.439999,94.949997,69.76,25.51
2020-07-15,297.95,15.6,57.799999,96.949997,71.89,25.73
2020-07-16,296.94,15.51,57.490002,96.610001,71.49,25.68
2020-07-17,297.8,15.56,57.490002,97.379997,71.83,25.75
2020-07-20,300.31,15.95,58.700001,98.25,71.82,25.93
2020-07-21,300.82,15.81,58.32,98.25,72.49,25.98
2020-07-22,302.55,15.85,58.540001,98.75,72.91,26.07
2020-07-23,298.85,15.55,57.470001,98.040001,72.83,25.88
2020-07-24,297.0,15.48,57.060001,97.089996,72.0,25.75
2020-07-27,299.2,15.68,57.93,98.010002,72.75,25.91
2020-07-28,297.27,15.54,57.32,97.209999,72.07,25.75
2020-07-29,300.96,15.75,58.029999,99.110001,73.66,25.98
2020-07-30,299.89,15.78,57.919998,99.099998,73.41,25.94
2020-07-31,302.22,15.99,58.09,98.760002,73.05,26.06
2020-08-03,304.4,16.15,58.619999,100.0,74.03,26.25
2020-08-04,305.49,16.19,58.84,100.150002,74.38,26.35
2020-08-05,307.46,16.32,59.209999,100.739998,75.37,26.53
2020-08-06,309.47,16.5,59.66,100.150002,75.2,26.65
2020-08-07,309.73,16.36,59.18,100.050003,75.76,26.63
2020-08-10,310.58,16.23,58.82,99.970001,76.0,26.65
2020-08-11,308.11,16.0,58.130001,99.57,75.71,26.48
2020-08-12,312.46,16.28,59.23,100.559998,76.14,26.71
2020-08-13,311.9,16.34,59.450001,100.860001,76.08,26.67
2020-08-14,311.87,16.29,59.389999,100.589996,75.96,26.64
2020-08-17,312.72,16.43,60.029999,101.199997,76.31,26.7
2020-08-18,313.49,16.57,60.389999,100.949997,75.74,26.73
2020-08-19,312.16,16.49,59.959999,100.440002,75.55,26.66
2020-08-20,313.16,16.66,60.48,100.150002,75.24,26.71
2020-08-21,314.26,16.65,60.470001,100.099998,74.92,26.75
2020-08-24,317.45,16.74,60.66,100.690002,75.79,26.93
2020-08-25,318.59,16.94,61.200001,100.989998,75.9,27.01
2020-08-26,321.84,17.52,62.560001,101.339996,75.75,27.22
2020-08-27,322.4,17.4,62.5,101.379997,76.08,27.23
2020-08-28,324.61,17.49,62.82,102.349998,76.61,27.41
2020-08-31,323.93,17.53,63.18,102.370003,76.02,27.37
2020-09-01,326.38,17.75,63.720001,103.449997,76.83,27.55
2020-09-02,331.42,17.96,64.279999,105.029999,77.66,27.85
2020-09-03,319.84,17.2,61.740002,101.480003,75.14,27.17
2020-09-04,317.24,16.89,61.0,100.239998,74.64,26.96
2020-09-08,308.45,16.36,58.959999,98.339996,73.04,26.46
2020-09-09,314.68,16.75,60.27,99.949997,74.09,26.84
2020-09-10,309.16,16.44,59.279999,98.860001,73.12,26.54
2020-09-11,309.34,16.36,59.200001,98.879997,72.86,26.55
2020-09-14,313.38,16.54,60.209999,100.419998,74.65,26.85
2020-09-15,315.02,16.73,61.080002,100.919998,74.87,26.95
2020-09-16,313.57,16.52,60.59,100.970001,75.23,26.93
2020-09-17,310.94,16.32,59.91,100.68,74.86,26.79
2020-09-18,307.47,16.19,59.68,100.059998,74.29,26.61
2020-09-21,303.92,16.14,59.25,98.639999,72.55,26.35
2020-09-22,307.12,16.41,59.82,99.43,73.17,26.52
2020-09-23,299.86,15.99,58.279999,97.760002,71.46,26.09
2020-09-24,300.77,16.03,58.330002,97.519997,71.1,26.12
2020-09-25,305.58,16.33,59.5,99.199997,72.24,26.41
2020-09-28,309.2,16.55,60.380001,101.040001,73.79,26.71
2020-09-29,307.75,16.57,60.360001,100.839996,73.4,26.64
2020-09-30,310.29,16.68,60.73,101.279999,73.68,26.79
2020-10-01,311.97,16.88,61.580002,102.199997,74.7,26.94
2020-10-02,308.99,16.57,60.549999,101.870003,75.1,26.78
2020-10-05,314.57,16.89,61.75,103.949997,76.84,27.11
2020-10-06,310.18,16.61,60.869999,103.110001,76.61,26.9
2020-10-07,315.59,16.92,62.049999,105.029999,78.09,27.22
2020-10-08,318.21,17.0,62.419998,105.800003,79.03,27.39
2020-10-09,321.02,17.25,63.150002,106.910004,79.46,26.49
2020-10-12,326.29,17.58,64.0,107.410004,79.93,26.73
2020-10-13,324.23,17.59,64.050003,107.160004,79.36,26.65
2020-10-14,322.11,17.4,63.599998,106.480003,79.0,26.52
2020-10-15,321.63,17.25,63.220001,106.730003,79.56,26.47
2020-10-16,321.67,17.24,63.119999,106.730003,79.32,26.49
2020-10-19,316.42,16.98,62.349998,105.440002,78.42,26.23
2020-10-20,317.92,17.04,62.490002,105.580002,78.69,26.3
2020-10-21,317.23,17.03,62.189999,105.050003,78.07,26.22
2020-10-22,318.92,16.99,62.369999,106.110001,79.3,26.31
2020-10-23,320.02,17.12,62.73,106.769997,79.81,26.42
2020-10-26,314.07,16.83,61.619999,105.050003,78.12,26.07
2020-10-27,313.13,16.96,61.75,104.989998,77.32,26.03
2020-10-28,302.08,16.33,59.759998,101.889999,75.13,25.42
2020-10-29,305.71,16.54,60.459999,102.220001,75.95,25.57
2020-10-30,302.03,16.15,59.209999,100.910004,75.16,25.35
2020-11-02,305.76,16.23,59.709999,102.040001,76.44,25.58
2020-11-03,311.2,16.48,60.82,104.529999,78.3,25.91
2020-11-04,318.06,17.19,62.82,106.730003,78.8,26.4
2020-11-05,324.31,17.61,64.209999,108.790001,80.76,26.79
2020-11-06,324.19,17.63,64.110001,109.010002,80.29,26.79
2020-11-09,328.08,17.27,63.639999,109.660004,82.59,26.93
2020-11-10,327.68,17.01,63.130001,108.970001,83.4,26.85
2020-11-11,330.19,17.31,63.880001,109.580002,83.52,27.01
2020-11-12,326.96,17.2,63.490002,108.739998,82.3,26.84
2020-11-13,331.44,17.32,64.029999,110.25,84.0,27.13
2020-11-16,335.3,17.41,64.5,111.57,85.66,27.39
2020-11-17,333.74,17.37,64.589996,111.269997,85.96,27.36
2020-11-18,329.94,17.18,64.459999,110.370003,84.95,27.14
2020-11-19,331.27,17.28,64.919998,111.330002,85.77,27.25
2020-11-20,329.02,17.19,64.709999,111.150002,85.77,27.17
2020-11-23,330.91,17.19,65.220001,111.650002,87.19,27.35
2020-11-24,336.27,17.36,66.120003,112.32,88.52,27.65
2020-11-25,335.74,17.4,66.330002,112.260002,88.13,27.65
2020-11-27,336.58,17.51,66.860001,113.059998,88.51,27.73
2020-11-30,335.09,17.5,66.489998,113.120003,87.2,27.56
2020-12-01,338.87,17.68,67.290001,113.790001,88.02,27.75
2020-12-02,339.51,17.61,67.25,113.349998,87.97,27.79
2020-12-03,339.36,17.57,67.57,113.57,88.63,27.82
2020-12-04,342.38,17.66,68.18,115.150002,90.34,27.99
2020-12-07,341.72,17.73,68.68,115.059998,90.08,27.97
2020-12-08,342.68,17.77,68.879997,115.559998,90.87,28.05
2020-12-09,339.97,17.48,67.669998,114.269997,90.34,27.87
2020-12-10,339.56,17.53,68.099998,115.07,90.82,27.95
2020-12-11,339.14,16.26,67.879997,114.739998,90.82,27.53
2020-12-14,337.72,16.29,68.209999,109.510002,90.67,27.48
2020-12-15,342.09,16.42,68.599998,111.279999,92.49,27.77
2020-12-16,342.69,16.55,68.900002,111.32,92.24,27.82
2020-12-17,344.68,16.67,69.760002,112.839996,93.25,27.95
2020-12-18,343.5,16.66,67.150002,113.25,93.02,27.91
2020-12-21,340.8,16.63,66.650002,112.800003,92.97,27.89
2020-12-22,340.12,16.63,66.68,113.169998,93.62,27.91
2020-12-23,340.38,16.56,66.650002,113.220001,93.9,27.97
2020-12-24,341.62,16.6,66.769997,113.370003,93.87,28.02
2020-12-28,344.6,16.74,66.949997,112.690002,93.46,28.16
2020-12-29,343.83,16.74,66.980003,111.919998,92.28,28.09
2020-12-30,344.33,16.71,67.269997,112.699997,93.22,28.19
2020-12-31,346.57,16.76,67.540001,113.080002,93.22,28.28
2021-01-04,341.47,16.54,66.75,111.43,91.67,28.01
2021-01-05,343.94,16.64,67.25,112.400002,93.03,28.21
2021-01-06,345.91,16.49,67.239998,113.849998,95.97,28.38
2021-01-07,351.12,16.8,68.93,115.919998,97.62,28.7
2021-01-08,353.09,16.91,69.68,116.739998,97.57,28.82
2021-01-11,350.77,16.74,68.720001,116.620003,97.69,28.67
2021-01-12,350.92,16.66,69.029999,117.349998,99.08,28.73
2021-01-13,351.73,16.77,69.169998,116.790001,98.42,28.78
2021-01-14,350.44,16.63,69.0,116.410004,99.69,28.75
2021-01-15,347.93,16.55,68.339996,115.639999,98.47,28.57
2021-01-19,350.77,16.77,69.199997,117.190002,99.51,28.78
2021-01-20,355.66,17.15,70.650002,118.169998,100.15,29.02
2021-01-21,355.8,17.24,70.650002,117.620003,99.45,29.03
2021-01-22,354.73,17.21,70.349998,117.139999,99.97,28.98
2021-01-25,356.02,17.24,70.459999,116.720001,99.59,28.96
2021-01-26,355.49,17.18,70.099998,115.510002,98.72,28.86
2021-01-27,346.36,16.66,67.919998,111.629997,96.34,28.25
2021-01-28,349.78,16.82,68.800003,113.580002,97.06,28.52
2021-01-29,343.06,16.58,67.540001,112.540001,95.27,28.1
2021-02-01,348.66,16.9,69.029999,114.410004,97.29,28.47
2021-02-02,353.51,17.16,70.309998,116.07,98.6,28.79
2021-02-03,353.81,17.16,70.239998,115.330002,98.91,28.89
2021-02-04,357.68,17.3,70.889999,116.589996,100.46,29.14
2021-02-05,359.12,17.39,71.32,117.529999,101.52,29.24
2021-02-08,361.78,17.49,71.800003,118.519997,103.37,29.46
2021-02-09,361.44,17.52,71.870003,118.790001,103.67,29.46
2021-02-10,361.32,17.6,71.57,119.18,103.44,29.47
2021-02-11,361.99,17.68,71.800003,119.959999,103.92,29.52
2021-02-12,363.71,17.34,72.269997,120.889999,104.39,29.61
2021-02-16,363.55,17.36,72.089996,120.5,103.86,29.58
2021-02-17,363.49,17.3,71.830002,119.589996,103.21,29.53
2021-02-18,361.9,17.19,71.300003,119.099998,101.81,29.36
2021-02-19,361.25,17.08,71.339996,119.470001,103.65,29.42
2021-02-22,358.49,16.83,69.989998,117.419998,102.87,29.23
2021-02-23,358.94,16.83,69.93,117.309998,102.55,29.21
2021-02-24,363.02,16.94,70.870003,118.480003,104.55,29.47
2021-02-25,354.19,16.45,68.550003,115.139999,101.07,28.81
2021-02-26,352.54,16.46,68.610001,115.190002,101.12,28.79
2021-03-01,360.94,16.85,70.349998,117.949997,104.04,29.33
2021-03-02,358.02,16.68,69.489998,116.580002,102.4,29.19
2021-03-03,353.37,16.3,67.839996,113.93,101.2,28.89
2021-03-04,348.69,16.05,66.550003,111.260002,98.71,28.53
2021-03-05,355.5,16.31,67.379997,113.330002,100.71,28.92
2021-03-08,353.59,16.03,66.199997,112.720001,100.84,28.76
2021-03-09,358.63,16.43,68.279999,114.809998,102.04,29.12
2021-03-10,360.81,16.44,68.309998,114.459999,103.28,29.26
2021-03-11,364.59,16.78,69.93,116.459999,105.41,29.58
2021-03-12,365.05,16.67,69.669998,116.699997,106.09,29.6
2021-03-15,367.44,16.75,70.220001,118.400002,107.2,29.76
2021-03-16,366.87,16.79,69.839996,117.089996,105.59,29.65
2021-03-17,367.93,16.84,70.309998,117.400002,106.18,29.73
2021-03-18,362.52,16.51,68.5,115.339996,103.69,29.29
2021-03-19,362.34,16.61,68.860001,116.029999,104.19,29.35
2021-03-22,364.88,16.76,69.410004,116.93,103.72,29.47
2021-03-23,362.1,16.67,68.82,115.0,100.74,29.18
2021-03-24,360.14,16.44,67.879997,113.730003,98.92,29.03
2021-03-25,360.78,16.4,67.900002,114.269997,100.76,29.17
2021-03-26,366.78,16.67,68.739998,116.339996,102.62,29.52
2021-03-29,366.46,16.7,68.410004,115.410004,100.53,29.38
2021-03-30,365.34,16.64,68.480003,115.709999,101.86,29.45
2021-03-31,366.69,16.8,69.209999,116.510002,102.47,29.55
2021-04-01,371.03,17.09,70.269997,118.239998,104.1,29.86
2021-04-05,376.43,17.37,71.25,119.400002,104.6,30.06
2021-04-06,376.08,17.34,71.32,119.730003,104.72,30.07
2021-04-07,376.64,17.41,71.230003,118.68,103.63,30.06
2021-04-08,378.32,17.54,71.860001,119.709999,104.24,30.18
2021-04-09,381.25,17.69,72.139999,120.32,104.51,30.3
2021-04-12,381.18,17.66,72.059998,120.339996,104.57,30.3
2021-04-13,382.43,17.77,72.839996,120.690002,104.51,30.36
2021-04-14,380.91,17.61,72.339996,120.43,105.03,30.33
2021-04-15,385.15,17.88,73.309998,121.690002,105.69,30.58
2021-04-16,386.54,17.91,73.349998,121.830002,106.11,30.62
2021-04-19,384.49,17.77,72.629997,120.809998,105.09,30.44
2021-04-20,381.88,17.63,71.959999,120.010002,103.42,30.22
2021-04-21,385.44,17.75,72.540001,121.43,105.43,30.49
2021-04-22,381.92,17.6,72.050003,121.580002,105.11,30.32
2021-04-23,386.1,17.84,72.970001,123.019997,106.83,30.59
2021-04-26,386.79,17.95,73.550003,123.370003,107.89,30.7
2021-04-27,386.71,17.95,73.290001,123.300003,108.05,30.68
2021-04-28,386.38,17.99,73.309998,122.970001,108.08,30.7
2021-04-29,389.02,18.17,73.349998,122.68,107.96,30.8
2021-04-30,386.25,17.98,72.989998,121.669998,106.61,30.59
2021-05-03,387.31,17.91,72.629997,121.309998,106.92,30.65
2021-05-04,384.72,17.71,71.690002,120.160004,106.06,30.46
2021-05-05,385.0,17.68,71.589996,119.889999,105.9,30.47
2021-05-06,388.2,17.82,71.779999,119.449997,105.94,30.64
2021-05-07,391.13,17.93,72.459999,120.779999,107.21,30.84
2021-05-10,387.05,17.6,71.019997,119.150002,105.36,30.53
2021-05-11,383.7,17.54,70.68,118.580002,104.69,30.36
2021-05-12,375.52,17.15,68.940002,115.599998,101.48,29.78
2021-05-13,380.16,17.31,69.209999,116.550003,102.89,30.03
2021-05-14,385.86,17.64,70.669998,118.629997,105.18,30.43
2021-05-17,384.88,17.6,70.349998,118.07,105.16,30.4
2021-05-18,381.65,17.48,70.099998,117.32,104.39,30.24
2021-05-19,380.58,17.49,69.849998,117.160004,103.57,30.17
2021-05-20,384.63,17.71,70.959999,118.839996,104.25,30.42
2021-05-21,384.34,17.66,70.760002,118.709999,104.48,30.43
2021-05-24,388.19,17.9,71.660004,119.529999,105.12,30.68
2021-05-25,387.37,17.93,71.720001,119.18,104.4,30.65
2021-05-26,388.1,17.97,72.120003,119.620003,105.77,30.72
2021-05-27,388.59,17.97,72.470001,120.080002,106.7,30.76
2021-05-28,388.93,18.02,72.5,120.400002,106.68,30.79
2021-06-01,388.75,17.99,72.459999,119.959999,107.58,30.82
2021-06-02,389.36,18.01,72.43,119.540001,107.67,30.83
2021-06-03,388.01,17.9,71.669998,118.830002,106.87,30.7
2021-06-04,391.44,18.09,72.470001,119.839996,107.31,30.95
2021-06-07,391.13,18.12,72.610001,119.769997,108.08,30.98
2021-06-08,391.21,18.14,72.699997,120.559998,109.24,31.01
2021-06-09,390.51,18.1,72.529999,119.949997,108.45,30.97
2021-06-10,392.35,18.23,73.089996,120.860001,108.22,31.08
2021-06-11,393.12,18.27,73.220001,121.599998,109.13,31.14
2021-06-14,393.93,18.38,73.610001,121.690002,108.55,31.14
2021-06-15,393.15,18.3,73.190002,121.199997,108.26,31.09
2021-06-16,391.03,18.22,72.980003,120.870003,107.87,30.97
2021-06-17,390.88,18.34,73.419998,121.959999,106.58,30.97
2021-06-18,385.76,18.17,72.870003,120.870003,104.74,30.71
2021-06-21,391.18,18.33,73.529999,122.43,106.95,30.99
2021-06-22,393.19,18.49,74.059998,123.050003,107.2,31.11
2021-06-23,392.76,18.47,74.129997,122.870003,107.16,31.11
2021-06-24,395.08,18.58,74.68,123.660004,108.2,31.28
2021-06-25,396.4,18.61,74.800003,124.489998,108.97,31.35
2021-06-28,395.98,18.76,75.169998,124.57,108.18,31.36
2021-06-29,396.13,18.79,75.169998,124.660004,107.9,31.35
2021-06-30,396.66,18.76,74.959999,124.190002,107.94,31.36
2021-07-01,398.76,18.85,75.150002,124.699997,108.69,31.47
2021-07-02,401.8,19.02,75.650002,125.120003,108.27,31.58
2021-07-06,401.01,19.1,75.599998,124.959999,107.1,31.52
2021-07-07,402.35,19.13,75.419998,125.099998,106.62,31.55
2021-07-08,398.99,18.94,74.769997,123.949997,105.43,31.33
2021-07-09,403.49,19.13,75.57,125.360001,107.66,31.6
2021-07-12,404.88,19.19,75.790001,125.199997,107.76,31.68
2021-07-13,403.46,19.15,75.470001,124.050003,106.0,31.53
2021-07-14,403.98,19.12,75.080002,123.529999,104.8,31.52
2021-07-15,402.67,19.01,74.639999,122.93,104.28,31.42
2021-07-16,399.63,18.85,74.019997,122.519997,103.12,31.21
2021-07-19,393.3,18.64,73.129997,121.190002,101.47,30.85
2021-07-20,399.27,18.87,74.279999,123.650002,104.29,31.25
2021-07-21,402.56,19.05,74.970001,124.730003,105.86,31.48
2021-07-22,403.4,19.17,75.239998,124.970001,104.82,31.5
2021-07-23,407.51,19.46,76.160004,126.0,105.5,31.72
2021-07-26,408.48,19.47,76.269997,125.43,105.71,31.76
2021-07-27,406.56,19.31,75.639999,124.940002,104.9,31.64
2021-07-28,406.48,19.38,76.040001,125.669998,105.9,31.69
2021-07-29,408.24,19.35,76.150002,126.239998,106.71,31.79
2021-07-30,406.07,19.16,75.699997,126.690002,106.39,31.65
2021-08-02,405.32,19.13,75.760002,126.760002,105.95,31.61
2021-08-03,408.64,19.25,76.129997,127.230003,106.48,31.76
2021-08-04,406.75,19.3,76.160004,127.019997,105.51,31.62
2021-08-05,409.22,19.43,76.75,127.190002,106.79,31.79
2021-08-06,409.96,19.44,76.489998,127.040001,107.06,31.8
2021-08-09,409.6,19.43,76.540001,126.730003,106.69,31.76
2021-08-10,410.01,19.38,76.43,126.720001,106.91,31.76
2021-08-11,411.04,19.38,76.410004,126.629997,107.55,31.85
2021-08-12,412.36,19.45,76.529999,126.830002,107.43,31.9
2021-08-13,413.04,19.51,76.57,126.730003,106.94,31.95
2021-08-16,414.13,19.55,76.290001,126.510002,106.22,31.95
2021-08-17,411.23,19.37,75.589996,125.690002,104.94,31.73
2021-08-18,406.89,19.2,75.190002,124.919998,104.06,31.55
2021-08-19,407.43,19.26,75.150002,125.110001,103.05,31.52
2021-08-20,410.76,19.45,75.82,126.32,104.4,31.72
2021-08-23,414.3,19.66,76.809998,127.519997,105.83,31.97
2021-08-24,414.92,19.74,77.339996,128.449997,106.92,32.04
2021-08-25,415.85,19.78,77.610001,129.25,107.52,32.1
2021-08-26,413.44,19.68,77.07,128.380005,106.52,31.96
2021-08-27,417.09,19.89,78.019997,129.639999,108.84,32.23
2021-08-30,418.92,20.06,78.470001,129.919998,108.56,32.3
2021-08-31,418.4,20.03,78.419998,129.649994,108.49,32.24
2021-09-01,418.56,20.09,78.739998,130.009995,109.03,32.29
2021-09-02,419.81,20.06,78.93,131.160004,109.9,32.37
2021-09-03,419.68,20.11,79.110001,131.179993,109.6,32.35
2021-09-07,418.27,20.09,79.209999,130.089996,108.63,32.28
2021-09-08,417.73,19.99,78.790001,130.089996,107.85,32.19
2021-09-09,415.84,19.91,78.650002,129.820007,107.68,32.13
2021-09-10,412.65,19.82,78.25,129.119995,106.67,31.95
2021-09-13,413.59,19.79,78.300003,128.669998,107.21,32.05
2021-09-14,411.31,19.73,77.980003,128.149994,106.11,31.94
2021-09-15,414.81,19.86,78.599998,128.860001,107.28,32.13
2021-09-16,414.18,19.88,78.660004,129.029999,107.26,32.1
2021-09-17,410.41,19.68,78.279999,128.440002,106.98,31.9
2021-09-20,403.44,19.3,76.660004,126.620003,104.94,31.47
2021-09-21,403.13,19.32,76.839996,126.620003,104.93,31.49
2021-09-22,406.97,19.39,77.559998,127.809998,106.35,31.74
2021-09-23,411.92,19.63,78.360001,129.190002,107.79,31.98
2021-09-24,412.53,19.66,78.440002,129.039993,107.48,31.99
2021-09-27,411.39,19.52,78.160004,128.139999,108.45,31.96
2021-09-28,401.73,18.98,76.139999,125.419998,106.34,31.44
2021-09-29,402.4,18.95,76.080002,125.220001,106.24,31.44
2021-09-30,397.63,18.83,75.68,124.339996,104.84,31.23
2021-10-01,402.2,19.0,76.470001,125.18,106.47,31.54
2021-10-04,397.0,18.58,75.07,123.389999,105.45,31.21
2021-10-05,401.22,18.86,76.029999,124.32,105.91,31.42
2021-10-06,402.87,18.99,76.349998,124.910004,105.66,31.52
2021-10-07,406.31,19.13,77.099998,126.059998,107.11,31.72
2021-10-08,405.54,19.1,76.790001,125.129997,106.48,29.23
2021-10-11,402.75,18.94,76.239998,123.800003,105.93,29.09
2021-10-12,401.78,18.92,76.32,123.889999,106.51,29.1
2021-10-13,403.0,19.05,76.889999,124.589996,106.94,29.19
2021-10-14,409.92,19.38,78.099998,126.559998,108.68,29.53
2021-10-15,412.98,19.52,78.620003,126.919998,108.58,29.68
2021-10-18,414.37,19.7,79.199997,127.309998,108.8,29.75
2021-10-19,417.44,19.81,79.669998,128.320007,109.21,29.88
2021-10-20,418.97,19.82,79.650002,128.970001,109.93,29.94
2021-10-21,420.26,19.94,80.370003,130.009995,110.3,29.99
2021-10-22,419.81,19.8,80.129997,129.839996,110.32,29.97
2021-10-25,421.81,19.89,81.050003,130.0,111.03,30.08
2021-10-26,422.57,19.9,80.879997,129.350006,110.25,30.09
2021-10-27,420.45,19.83,80.610001,127.82,108.26,30.01
2021-10-28,424.6,20.02,81.720001,129.059998,110.15,30.21
2021-10-29,425.48,20.14,82.25,129.820007,109.99,30.25
2021-11-01,426.24,20.09,82.839996,130.929993,112.35,30.35
2021-11-02,427.81,20.16,82.709999,130.759995,112.32,30.38
2021-11-03,430.58,20.32,83.470001,131.300003,113.71,30.55
2021-11-04,432.43,20.56,83.860001,131.440002,113.35,30.66
2021-11-05,434.09,20.6,83.949997,131.660004,114.43,30.82
2021-11-08,434.48,20.69,83.949997,132.229996,114.67,30.81
2021-11-09,432.99,20.67,83.150002,132.0,114.42,30.77
2021-11-10,429.52,20.34,82.269997,130.539993,112.79,30.49
2021-11-11,429.76,20.42,82.589996,131.419998,113.54,30.54
2021-11-12,432.9,20.72,83.550003,132.770004,113.86,30.73
2021-11-15,432.92,20.74,83.440002,133.179993,113.72,30.71
2021-11-16,434.61,20.85,84.050003,134.820007,113.9,30.76
2021-11-17,433.57,20.76,83.779999,133.460007,112.81,30.69
2021-11-18,435.07,20.87,83.720001,132.050003,112.2,30.73
2021-11-19,434.47,20.9,83.489998,131.779999,111.32,30.65
2021-11-22,433.12,20.61,82.199997,130.169998,111.03,30.5
2021-11-23,433.85,20.57,81.68,129.820007,110.83,30.49
2021-11-24,434.86,20.67,82.110001,130.009995,111.02,30.55
2021-11-26,424.99,20.26,80.370003,128.0,107.64,30.02
2021-11-29,430.62,20.56,81.529999,129.240005,107.78,30.27
2021-11-30,422.51,20.12,79.93,126.410004,105.23,29.83
2021-12-01,417.55,19.71,78.239998,123.849998,103.07,29.56
2021-12-02,423.55,19.92,79.129997,126.269997,105.75,29.91
2021-12-03,419.99,19.64,77.57,124.440002,104.05,29.71
2021-12-06,424.92,19.84,78.360001,125.959999,106.01,30.0
2021-12-07,433.72,20.36,80.5,128.690002,108.29,30.47
2021-12-08,435.08,20.45,81.150002,129.639999,109.0,30.54
2021-12-09,432.0,20.27,79.690002,127.5,107.03,30.36
2021-12-10,436.14,18.78,80.07,127.459999,106.84,30.52
2021-12-13,432.16,18.61,78.949997,126.949997,105.65,30.3
2021-12-14,428.99,18.42,78.120003,113.43,104.86,30.09
2021-12-15,436.02,18.79,79.440002,115.230003,106.15,30.39
2021-12-16,432.22,18.46,77.93,113.559998,104.63,30.16
2021-12-17,427.8,18.3,71.690002,113.510002,105.02,29.67
2021-12-20,421.39,18.07,70.779999,111.980003,103.19,29.39
2021-12-21,428.91,18.46,72.690002,114.620003,106.21,29.84
2021-12-22,433.33,18.61,73.620003,115.269997,107.09,30.1
2021-12-23,436.03,18.71,74.389999,116.059998,107.4,30.23
2021-12-27,442.07,18.98,75.220001,117.480003,108.52,30.5
2021-12-28,441.63,18.92,74.860001,116.949997,108.18,30.46
2021-12-29,442.25,18.91,74.809998,117.230003,108.4,30.45
2021-12-30,440.97,18.88,74.75,117.529999,108.44,30.42
2021-12-31,439.83,18.76,74.300003,117.339996,108.37,30.37
2022-01-03,442.63,18.81,75.0,116.540001,109.02,30.47
2022-01-04,442.38,18.66,74.150002,115.32,109.3,30.46
2022-01-05,433.84,18.13,71.82,112.129997,106.23,29.93
2022-01-06,433.45,18.13,71.599998,112.389999,106.73,29.91
2022-01-07,431.77,18.01,70.870003,110.830002,105.86,29.81
2022-01-10,431.15,17.96,70.800003,110.620003,105.43,29.74
2022-01-11,435.1,18.19,71.730003,111.980003,106.67,30.02
2022-01-12,436.33,18.23,72.110001,111.68,106.29,30.06
2022-01-13,430.16,17.84,70.260002,109.309998,105.49,29.76
2022-01-14,430.52,17.88,70.470001,108.830002,105.28,29.74
2022-01-18,422.61,17.47,68.800003,106.279999,102.65,29.28
2022-01-19,418.52,17.34,68.169998,105.879997,101.27,29.1
2022-01-20,413.93,17.12,67.519997,104.529999,99.6,28.89
2022-01-21,406.11,16.65,65.18,102.889999,97.77,28.49
2022-01-24,407.23,16.75,65.43,104.029999,99.49,28.54
2022-01-25,402.28,16.42,64.080002,101.389999,98.0,28.27
2022-01-26,401.68,16.41,63.990002,100.660004,96.94,28.16
2022-01-27,399.54,16.34,63.09,99.110001,95.31,28.05
2022-01-28,409.32,16.78,64.589996,101.43,97.18,28.53
2022-01-31,417.05,17.22,66.879997,104.699997,99.8,28.96
2022-02-01,419.92,17.4,67.650002,105.669998,100.98,29.16
2022-02-02,423.88,17.59,67.669998,105.5,100.54,29.33
2022-02-03,413.56,16.67,65.199997,102.709999,98.69,28.75
2022-02-04,415.76,16.71,66.269997,103.360001,99.14,28.89
2022-02-07,414.22,16.59,65.959999,103.110001,99.37,28.83
2022-02-08,417.71,16.72,66.529999,104.449997,100.91,29.02
2022-02-09,423.82,17.04,67.970001,107.019997,102.89,29.37
2022-02-10,416.2,16.73,66.849998,105.239998,101.41,28.98
2022-02-11,408.32,16.3,65.120003,102.860001,100.21,28.65
2022-02-14,406.79,16.27,65.07,102.349998,99.58,28.52
2022-02-15,413.24,16.56,66.57,104.610001,102.01,28.86
2022-02-16,413.67,16.55,66.43,104.459999,102.21,28.88
2022-02-17,404.95,16.12,64.559998,101.800003,99.78,28.42
2022-02-18,402.11,15.97,63.779999,101.400002,99.06,28.23
2022-02-22,398.04,15.8,62.830002,100.410004,97.66,28.01
2022-02-23,390.71,15.49,61.330002,98.370003,95.88,27.62
2022-02-24,396.59,15.87,62.970001,100.970001,97.86,27.94
2022-02-25,405.51,16.18,64.150002,103.129997,100.38,28.41
2022-02-28,404.56,16.17,64.440002,102.940002,100.66,28.44
2022-03-01,398.31,15.92,63.310001,101.32,98.73,28.16
2022-03-02,405.75,16.17,64.25,102.660004,101.13,28.41
2022-03-03,403.66,15.98,63.0,101.239998,100.08,28.23
2022-03-04,400.49,15.78,61.970001,99.669998,98.43,28.01
2022-03-07,388.67,15.21,59.540001,95.940002,95.25,27.33
2022-03-08,385.86,15.13,59.52,95.540001,95.63,27.22
2022-03-09,395.84,15.64,61.689999,98.559998,98.28,27.76
2022-03-10,394.18,15.6,61.360001,98.059998,98.17,27.64
2022-03-11,389.09,15.36,60.040001,96.32,96.78,27.35
2022-03-14,386.28,15.19,59.049999,95.489998,95.38,27.14
2022-03-15,394.56,15.56,60.549999,97.699997,96.88,27.53
2022-03-16,403.4,16.02,62.830002,101.010002,99.75,28.05
2022-03-17,408.4,16.27,63.990002,102.599998,101.26,28.33
2022-03-18,413.17,16.53,65.290001,104.330002,102.32,28.62
2022-03-21,413.01,16.51,64.889999,103.290001,101.82,28.52
2022-03-22,417.68,16.71,66.160004,104.279999,102.53,28.74
2022-03-23,411.2,16.49,65.260002,102.339996,100.87,28.51
2022-03-24,417.13,16.76,66.150002,103.769997,101.9,28.76
2022-03-25,419.25,16.81,65.989998,103.720001,102.27,28.77
2022-03-28,422.24,16.94,66.889999,104.279999,102.31,28.93
2022-03-29,427.42,17.12,68.080002,106.610001,104.81,29.3
2022-03-30,424.77,16.99,67.410004,105.330002,103.24,29.17
2022-03-31,418.16,16.7,66.349998,104.129997,101.88,28.87
2022-04-01,419.58,16.75,66.730003,104.410004,102.73,28.89
2022-04-04,422.98,16.95,67.839996,104.669998,102.88,29.07
2022-04-05,417.73,16.69,66.449997,103.040001,100.82,28.7
2022-04-06,413.68,16.41,65.099998,102.040001,99.53,28.41
2022-04-07,415.49,16.46,65.269997,102.489998,99.32,28.46
2022-04-08,414.39,16.4,64.779999,101.870003,98.99,28.34
2022-04-11,407.4,16.09,63.560001,100.790001,98.47,27.98
2022-04-12,406.02,16.02,63.330002,100.099998,98.55,27.95
2022-04-13,410.63,16.21,64.580002,101.889999,100.33,28.22
2022-04-14,405.64,15.96,63.52,100.769997,99.53,27.92
2022-04-18,405.56,15.98,63.400002,99.830002,99.0,27.9
2022-04-19,412.08,16.23,64.660004,101.940002,101.17,28.17
2022-04-20,411.83,16.03,63.630001,102.43,101.62,28.18
2022-04-21,405.79,15.64,62.389999,100.080002,99.44,27.76
2022-04-22,394.53,15.18,60.869999,97.379997,96.88,27.18
2022-04-25,396.79,15.32,61.23,98.459999,97.51,27.33
2022-04-26,385.62,14.86,58.77,95.519997,94.52,26.79
2022-04-27,386.43,14.85,58.880001,95.75,94.41,26.81
2022-04-28,396.02,15.4,60.439999,97.470001,96.23,27.32
2022-04-29,381.68,14.77,58.380001,94.940002,93.49,26.6
2022-05-02,383.84,14.9,59.130001,95.690002,94.25,26.67
2022-05-03,385.7,14.94,59.27,95.989998,95.09,26.77
2022-05-04,397.22,15.39,60.990002,98.419998,97.64,27.35
2022-05-05,383.1,14.72,58.23,94.839996,93.92,26.56
2022-05-06,380.99,14.59,57.41,92.849998,92.46,26.39
2022-05-09,368.81,14.06,54.560001,88.769997,88.56,25.73
2022-05-10,369.72,14.14,54.939999,89.529999,88.16,25.8
2022-05-11,363.64,13.87,53.669998,87.690002,86.31,25.51
2022-05-12,363.3,13.84,53.84,88.68,87.3,25.49
2022-05-13,372.01,14.23,55.849998,91.639999,90.14,25.95
2022-05-16,370.56,14.18,55.16,90.870003,89.62,25.87
2022-05-17,378.06,14.46,56.48,93.129997,92.28,26.21
2022-05-18,362.87,13.88,54.139999,89.720001,88.92,25.52
2022-05-19,360.79,13.85,54.299999,90.519997,89.03,25.49
2022-05-20,360.85,13.86,54.080002,90.470001,88.87,25.51
2022-05-23,367.59,14.1,54.759998,91.239998,89.85,25.79
2022-05-24,364.61,13.87,53.52,89.610001,88.51,25.62
2022-05-25,368.06,14.0,54.34,90.349998,90.25,25.85
2022-05-26,375.39,14.3,55.790001,92.870003,92.29,26.23
2022-05-27,384.75,14.65,57.470001,95.540001,94.63,26.69
2022-05-31,382.36,14.58,57.16,94.0,93.46,26.53
2022-06-01,379.54,14.5,56.630001,92.959999,92.8,26.38
2022-06-02,386.6,14.84,58.060001,95.82,94.99,26.78
2022-06-03,380.31,14.58,56.790001,94.620003,94.02,26.45
2022-06-06,381.5,14.65,57.060001,94.970001,94.49,26.46
2022-06-07,385.15,14.77,57.549999,96.010002,95.66,26.67
2022-06-08,381.0,14.64,57.130001,94.860001,94.18,26.47
2022-06-09,371.97,14.24,55.709999,92.910004,92.02,26.01
2022-06-10,361.15,13.8,53.950001,90.099998,89.38,25.38
2022-06-13,347.16,13.23,51.459999,86.540001,85.05,24.52
2022-06-14,345.97,13.19,51.360001,86.389999,84.72,24.42
2022-06-15,351.03,13.42,52.400002,87.879997,85.88,24.79
2022-06-16,339.65,12.97,50.259998,84.519997,81.79,24.24
2022-06-17,340.4,13.03,50.639999,85.470001,82.65,24.33
2022-06-21,348.75,13.29,51.889999,86.550003,83.87,24.68
2022-06-22,348.3,13.25,51.759998,86.540001,83.38,24.71
2022-06-23,351.64,13.36,52.27,88.07,84.41,24.89
2022-06-24,362.39,13.81,53.990002,90.809998,87.34,25.42
2022-06-27,361.32,13.76,53.779999,90.68,87.51,25.33
2022-06-28,352.61,13.45,52.619999,88.57,86.1,24.97
2022-06-29,352.4,13.46,52.43,88.160004,85.23,24.99
2022-06-30,349.37,13.3,51.77,87.519997,84.4,24.83
2022-07-01,353.06,13.4,52.220001,88.389999,85.53,24.98
2022-07-05,353.68,13.51,52.650002,89.0,85.9,25.06
2022-07-06,354.95,13.58,52.630001,89.150002,85.29,25.04
2022-07-07,360.31,13.81,53.740002,90.790001,87.28,25.3
2022-07-08,360.04,13.81,53.740002,90.410004,87.01,25.26
2022-07-11,355.89,13.59,52.68,89.360001,85.64,25.06
2022-07-12,352.61,13.43,52.119999,88.309998,85.34,24.92
2022-07-13,351.04,13.39,51.98,88.059998,85.16,24.87
2022-07-14,350.03,13.31,51.66,87.330002,84.18,24.77
2022-07-15,356.75,13.6,52.73,89.040001,85.89,25.14
2022-07-18,353.77,13.52,52.580002,88.459999,85.77,25.02
2022-07-19,363.56,13.92,54.099998,91.32,88.62,25.49
2022-07-20,365.71,14.08,54.720001,92.510002,89.92,25.63
2022-07-21,369.35,14.2,55.529999,93.879997,90.49,25.87
2022-07-22,365.9,13.94,54.580002,92.75,89.4,25.72
2022-07-25,366.38,13.95,54.580002,92.550003,89.83,25.71
2022-07-26,362.15,13.7,53.630001,91.239998,89.05,25.46
2022-07-27,371.63,14.16,55.43,93.690002,90.95,25.96
2022-07-28,376.19,14.25,56.080002,95.050003,92.39,26.21
2022-07-29,381.57,14.51,57.040001,95.779999,93.32,26.47
2022-08-01,380.5,14.44,56.91,95.760002,93.25,26.47
2022-08-02,377.96,14.37,56.759998,95.410004,92.78,26.28
2022-08-03,383.88,14.61,57.860001,97.010002,93.93,26.59
2022-08-04,383.61,14.64,58.07,96.300003,93.55,26.6
2022-08-05,383.04,14.63,57.880001,96.32,94.22,26.5
2022-08-08,382.57,14.63,58.049999,97.209999,95.04,26.52
2022-08-09,380.97,14.55,57.41,95.5,93.82,26.41
2022-08-10,389.09,14.89,59.029999,98.300003,96.39,26.84
2022-08-11,388.93,14.85,58.880001,97.940002,96.78,26.79
2022-08-12,395.71,15.11,59.98,99.419998,98.46,27.14
2022-08-15,397.29,15.15,60.139999,99.730003,98.62,27.21
2022-08-16,398.06,15.17,60.099998,99.760002,98.96,27.22
2022-08-17,395.25,15.04,59.360001,98.599998,97.45,27.03
2022-08-18,396.21,15.09,59.490002,98.949997,98.05,27.08
2022-08-19,391.11,14.85,58.43,97.330002,96.14,26.75
2022-08-22,382.78,14.52,57.150002,95.32,94.1,26.32
2022-08-23,381.92,14.5,57.220001,95.190002,94.16,26.27
2022-08-24,383.04,14.56,57.540001,95.739998,94.88,26.32
2022-08-25,388.45,14.8,58.43,96.860001,96.39,26.62
2022-08-26,375.37,14.29,56.439999,93.5,93.38,25.99
2022-08-29,372.89,14.18,56.049999,92.610001,92.69,25.83
2022-08-30,368.8,14.02,55.41,91.889999,91.44,25.64
2022-08-31,366.0,13.93,55.099998,91.389999,90.89,25.49
2022-09-01,367.16,13.95,54.959999,91.169998,90.07,25.43
2022-09-02,363.24,13.81,54.470001,90.480003,89.52,25.3
2022-09-06,361.77,13.73,54.23,90.230003,88.91,25.14
2022-09-07,368.42,13.94,55.259998,92.410004,90.98,25.5
2022-09-08,370.9,14.08,55.860001,93.580002,91.91,25.61
2022-09-09,376.59,14.33,57.040001,95.07,93.62,25.91
2022-09-12,380.58,14.46,57.619999,95.989998,94.69,26.09
2022-09-13,364.13,13.79,55.150002,92.32,90.99,25.26
2022-09-14,365.47,13.84,55.549999,92.459999,91.12,25.33
2022-09-15,361.37,13.69,55.110001,91.639999,90.54,25.12
2022-09-16,358.77,13.57,54.52,90.419998,89.11,24.95
2022-09-19,361.24,13.67,54.880001,90.809998,90.0,25.06
2022-09-20,357.17,13.53,54.200001,89.419998,88.52,24.83
2022-09-21,351.08,13.28,53.169998,87.949997,87.24,24.56
2022-09-22,348.13,13.23,52.380001,86.089996,84.92,24.33
2022-09-23,342.14,12.99,51.279999,84.949997,83.0,24.01
2022-09-26,338.6,12.87,50.790001,83.980003,81.64,23.72
2022-09-27,336.43,12.88,50.919998,83.910004,81.87,23.67
2022-09-28,343.07,13.18,52.189999,86.029999,84.27,24.12
2022-09-29,335.87,12.94,50.959999,84.839996,82.42,23.75
2022-09-30,330.83,12.79,50.369999,83.970001,81.89,23.52
2022-10-03,339.4,13.14,51.310001,86.129997,84.21,24.0
2022-10-04,349.8,13.51,53.209999,88.980003,87.65,24.53
2022-10-05,349.13,13.5,53.060001,89.089996,87.17,24.46
2022-10-06,345.64,13.43,52.740002,88.419998,86.55,24.29
2022-10-07,335.97,13.04,51.07,85.82,84.2,23.8
2022-10-10,333.45,12.93,50.5,84.540001,83.63,23.64
2022-10-11,331.28,12.81,49.830002,83.809998,83.61,23.51
2022-10-12,330.2,12.79,49.869999,83.330002,83.21,23.47
2022-10-13,338.82,13.09,50.77,84.709999,84.94,23.83
2022-10-14,330.82,12.79,49.299999,82.669998,82.76,21.82
2022-10-17,339.58,13.15,50.860001,84.970001,85.18,22.24
2022-10-18,343.46,13.27,51.349998,85.970001,86.42,22.42
2022-10-19,341.17,13.21,50.990002,84.629997,84.74,22.24
2022-10-20,338.49,13.15,50.619999,83.690002,83.66,22.1
2022-10-21,346.53,13.46,51.77,85.5,85.34,22.44
2022-10-24,350.65,13.58,52.07,86.139999,85.8,22.61
2022-10-25,356.35,13.78,53.209999,88.260002,88.09,22.95
2022-10-26,353.73,13.57,52.709999,88.0,88.29,22.83
2022-10-27,351.58,13.28,52.169998,87.989998,88.38,22.72
2022-10-28,360.27,13.52,52.98,89.459999,90.08,23.06
2022-10-31,357.6,13.39,52.66,89.230003,90.01,22.92
2022-11-01,356.13,13.3,52.48,89.129997,90.3,22.86
2022-11-02,347.23,12.96,50.880001,86.660004,87.44,22.47
2022-11-03,343.6,12.81,50.490002,86.32,87.05,22.31
2022-11-04,348.35,12.97,51.139999,86.959999,88.03,22.51
2022-11-07,351.71,13.14,51.470001,87.510002,88.69,22.63
2022-11-08,353.68,13.22,51.73,88.019997,88.88,22.75
2022-11-09,346.4,12.96,50.450001,86.529999,86.75,22.44
2022-11-10,365.63,13.66,53.57,92.290001,92.17,23.46
2022-11-11,369.01,13.78,54.419998,93.699997,93.11,23.61
2022-11-14,365.8,13.7,53.790001,92.510002,91.93,23.44
2022-11-15,369.01,13.81,54.5,93.879997,93.4,23.64
2022-11-16,366.05,13.68,53.75,92.540001,91.71,23.55
2022-11-17,364.99,13.65,53.299999,91.690002,90.99,23.44
2022-11-18,366.74,13.69,53.360001,92.260002,91.52,23.48
2022-11-21,365.36,13.59,52.75,91.919998,91.15,23.39
2022-11-22,370.33,13.8,53.419998,93.199997,92.46,23.65
2022-11-23,372.54,13.86,53.959999,93.93,92.73,23.79
2022-11-25,372.44,13.85,53.950001,94.059998,93.09,23.79
2022-11-28,366.69,13.66,53.139999,92.610001,91.26,23.53
2022-11-29,366.14,13.63,53.130001,92.5,91.64,23.48
2022-11-30,377.57,14.09,55.049999,95.510002,94.0,24.04
2022-12-01,377.3,14.05,55.130001,96.089996,93.97,24.09
2022-12-02,376.88,14.06,55.150002,96.010002,94.2,24.12
2022-12-05,370.14,13.81,53.950001,94.160004,91.69,23.75
2022-12-06,364.82,13.57,53.110001,92.970001,90.42,23.54
2022-12-07,364.15,13.56,53.02,92.839996,90.13,23.58
2022-12-08,366.94,13.66,53.459999,93.839996,90.78,23.67
2022-12-09,364.26,12.32,53.189999,92.910004,89.91,23.5
2022-12-12,369.46,12.47,53.720001,94.349998,91.11,23.72
2022-12-13,372.17,12.57,54.169998,92.959999,91.79,23.9
2022-12-14,369.99,12.52,53.950001,92.330002,91.36,23.83
2022-12-15,360.79,12.18,52.619999,90.029999,89.19,23.44
2022-12-16,356.8,12.11,50.009998,89.150002,88.35,23.27
2022-12-19,351.93,11.98,49.450001,88.0,87.19,23.07
2022-12-20,352.31,12.02,49.459999,88.260002,87.58,23.06
2022-12-21,357.6,12.22,50.209999,89.610001,88.61,23.28
2022-12-22,352.43,12.02,49.34,88.459999,87.52,22.95
2022-12-23,354.51,12.1,49.509998,88.779999,87.98,23.0
2022-12-27,353.1,12.03,49.139999,88.470001,87.69,22.88
2022-12-28,348.86,11.89,48.59,87.360001,86.23,22.69
2022-12-29,355.01,12.1,49.610001,89.199997,88.21,22.99
2022-12-30,354.11,12.09,49.490002,88.709999,87.94,22.92
2023-01-03,352.71,12.05,49.25,88.550003,87.44,22.9
2023-01-04,355.38,12.1,49.790001,89.970001,88.81,23.05
2023-01-05,351.3,11.98,49.34,88.839996,87.85,22.88
2023-01-06,359.33,12.21,50.380001,90.449997,89.84,23.28
2023-01-09,359.12,12.19,50.580002,90.730003,90.06,23.32
2023-01-10,361.63,12.31,51.060001,91.599998,91.14,23.41
2023-01-11,366.28,12.47,51.810001,92.709999,92.44,23.66
2023-01-12,367.58,12.55,52.279999,92.919998,93.55,23.81
2023-01-13,369.06,12.61,52.580002,93.5,93.99,23.88
2023-01-17,368.31,12.56,52.580002,93.440002,93.91,23.85
2023-01-18,362.57,12.4,51.970001,92.57,92.65,23.72
2023-01-19,359.85,12.35,51.509998,91.669998,91.6,23.61
2023-01-20,366.67,12.6,52.639999,93.419998,93.29,23.86
2023-01-23,371.02,12.74,53.439999,94.849998,94.6,24.03
2023-01-24,370.77,12.74,53.310001,94.269997,94.2,24.07
2023-01-25,370.7,12.74,53.389999,94.599998,94.37,24.08
2023-01-26,374.81,12.9,54.07,95.639999,95.21,24.25
2023-01-27,375.75,12.94,54.400002,95.830002,95.77,24.32
2023-01-30,370.91,12.76,53.5,94.410004,94.54,24.1
2023-01-31,376.35,12.97,54.34,95.919998,96.85,24.36
2023-02-01,380.28,13.08,55.169998,97.379997,98.44,24.59
2023-02-02,385.89,13.4,56.259998,98.660004,100.06,24.83
2023-02-03,381.91,13.24,55.52,97.309998,99.09,24.61
2023-02-06,379.59,13.17,55.119999,96.650002,97.81,24.46
2023-02-07,384.49,13.37,55.84,97.949997,98.63,24.67
2023-02-08,380.24,13.18,55.259998,97.099998,97.36,24.53
2023-02-09,376.94,13.06,54.75,96.279999,96.07,24.37
2023-02-10,377.84,12.89,54.48,96.040001,96.1,24.34
2023-02-13,382.22,13.05,55.16,97.120003,97.24,24.53
2023-02-14,382.16,13.06,55.490002,97.459999,97.35,24.53
2023-02-15,383.32,13.06,55.830002,98.510002,98.32,24.55
2023-02-16,378.07,12.87,54.91,97.239998,97.28,24.28
2023-02-17,377.09,12.81,54.52,96.879997,97.16,24.25
2023-02-21,369.53,12.59,53.369999,94.790001,94.56,23.88
2023-02-22,368.96,12.58,53.360001,94.68,94.83,23.88
2023-02-23,370.96,12.65,53.580002,94.860001,95.28,24.0
2023-02-24,367.06,12.52,52.880001,93.790001,94.48,23.79
2023-02-27,368.23,12.55,53.259998,94.010002,94.69,23.87
2023-02-28,367.15,12.55,53.27,93.82,94.64,23.84
2023-03-01,365.44,12.52,53.189999,93.650002,94.81,23.74
2023-03-02,368.27,12.62,53.540001,94.660004,95.28,23.83
2023-03-03,374.24,12.84,54.549999,96.040001,96.61,24.15
2023-03-06,374.51,12.86,54.380001,95.220001,95.4,24.14
2023-03-07,368.78,12.71,53.66,94.050003,94.21,23.91
2023-03-08,369.34,12.73,53.720001,94.339996,94.25,23.92
2023-03-09,362.58,12.52,52.650002,92.669998,91.74,23.67
2023-03-10,357.29,12.37,51.669998,90.540001,89.03,23.55
2023-03-13,356.71,12.37,51.509998,90.330002,87.4,23.56
2023-03-14,362.79,12.62,52.48,91.709999,88.89,23.76
2023-03-15,360.27,12.53,51.869999,90.330002,87.17,23.71
2023-03-16,366.65,12.81,52.919998,91.800003,88.42,23.94
2023-03-17,362.61,12.66,52.310001,90.449997,86.33,23.85
2023-03-20,365.85,12.76,52.610001,91.269997,87.49,23.94
2023-03-21,370.63,12.95,53.48,92.68,89.14,24.14
2023-03-22,364.55,12.79,52.650002,91.059998,86.47,23.99
2023-03-23,364.18,12.89,53.009998,91.220001,86.09,24.07
2023-03-24,366.24,12.94,53.029999,91.440002,86.72,24.14
2023-03-27,366.84,12.94,53.119999,91.93,87.62,24.09
2023-03-28,366.27,12.9,53.009998,91.989998,87.76,24.06
2023-03-29,371.49,13.06,53.77,93.269997,88.91,24.28
2023-03-30,373.66,13.14,54.16,93.709999,89.1,24.39
2023-03-31,379.07,13.29,55.02,95.120003,90.85,24.65
2023-04-03,380.47,13.4,55.139999,94.779999,90.79,24.75
2023-04-04,378.3,13.35,54.82,94.029999,89.3,24.69
2023-04-05,377.4,13.3,54.310001,93.18,88.51,24.57
2023-04-06,378.83,13.38,54.459999,93.269997,88.57,24.65
2023-04-10,379.21,13.39,54.650002,94.059998,89.55,24.6
2023-04-11,379.2,13.37,54.779999,94.480003,90.32,24.61
2023-04-12,377.64,13.34,54.490002,94.010002,89.7,24.58
2023-04-13,382.71,13.56,55.279999,95.07,90.58,24.77
2023-04-14,381.91,13.56,55.119999,94.449997,90.0,24.7
2023-04-17,383.18,13.54,55.18,94.75,90.8,24.69
2023-04-18,383.51,13.55,55.299999,94.730003,90.71,24.74
2023-04-19,383.48,13.51,55.220001,94.709999,90.87,24.74
2023-04-20,381.23,13.47,54.939999,94.25,90.38,24.68
2023-04-21,381.59,13.48,55.060001,94.559998,90.44,24.69
2023-04-24,381.91,13.49,55.009998,94.559998,90.33,24.72
2023-04-25,375.89,13.26,53.93,92.379997,88.32,24.52
2023-04-26,374.44,13.28,53.860001,92.050003,87.59,24.46
2023-04-27,381.78,13.65,54.939999,93.110001,88.9,24.75
2023-04-28,384.97,13.72,55.419998,94.07,89.79,24.92
2023-05-01,384.81,13.74,55.369999,94.449997,89.82,24.82
2023-05-02,380.36,13.59,54.790001,93.389999,88.18,24.73
2023-05-03,377.71,13.51,54.639999,93.389999,88.15,24.69
2023-05-04,375.02,13.41,54.299999,93.169998,86.88,24.56
2023-05-05,381.97,13.61,55.16,94.43,88.83,24.81
2023-05-08,382.15,13.65,55.349998,94.120003,88.72,24.8
2023-05-09,380.43,13.62,55.23,93.669998,88.44,24.73
2023-05-10,382.14,13.66,55.419998,94.019997,88.67,24.85
2023-05-11,381.57,13.68,55.369999,93.650002,88.12,24.86
2023-05-12,381.06,13.64,55.139999,93.599998,88.03,24.79
2023-05-15,382.23,13.73,55.549999,94.480003,89.07,24.85
2023-05-16,379.81,13.69,55.209999,93.309998,87.68,24.73
2023-05-17,384.41,13.84,56.02,94.199997,89.32,24.92
2023-05-18,388.11,13.99,56.779999,95.18,90.11,25.03
2023-05-19,387.55,13.96,56.619999,95.089996,89.42,24.98
2023-05-22,387.66,13.95,56.790001,95.5,90.2,24.99
2023-05-23,383.31,13.79,56.009998,94.080002,89.44,24.81
2023-05-24,380.51,13.74,55.689999,93.059998,88.44,24.68
2023-05-25,383.86,13.91,56.130001,92.919998,88.11,24.79
2023-05-26,388.89,14.13,57.189999,94.610001,89.02,25.03
2023-05-30,388.93,14.15,57.16,94.129997,88.95,25.08
2023-05-31,386.63,14.07,56.900002,93.260002,88.01,25.01
2023-06-01,390.51,14.26,57.52,94.160004,88.83,25.23
2023-06-02,396.21,14.42,58.450001,95.809998,91.62,25.42
2023-06-05,395.42,14.39,58.310001,95.620003,90.74,25.39
2023-06-06,396.36,14.43,58.52,96.050003,92.56,25.44
2023-06-07,394.86,14.27,58.049999,96.110001,93.87,25.29
2023-06-08,397.35,14.38,58.400002,96.239998,93.56,25.45
2023-06-09,397.85,14.4,58.509998,95.889999,92.98,25.46
2023-06-12,401.52,14.55,59.290001,97.139999,93.57,25.6
2023-06-13,404.32,14.63,59.82,98.209999,94.76,25.67
2023-06-14,404.75,14.63,59.84,98.07,94.01,25.69
2023-06-15,409.75,14.82,60.57,99.099998,94.92,25.95
2023-06-16,408.25,14.73,60.189999,98.919998,94.45,25.85
2023-06-20,406.32,14.72,60.029999,98.330002,93.83,25.8
2023-06-21,404.21,14.65,59.700001,97.989998,93.56,25.73
2023-06-22,405.75,14.74,59.919998,97.970001,92.57,25.76
2023-06-23,402.64,14.68,59.439999,97.029999,91.36,25.66
2023-06-26,400.85,14.54,59.110001,97.059998,91.85,25.59
2023-06-27,405.44,14.71,59.959999,98.389999,93.4,25.77
2023-06-28,403.72,14.68,60.139999,98.379997,93.64,25.8
2023-06-29,405.57,14.71,60.189999,99.029999,94.73,25.78
2023-06-30,410.56,14.92,60.889999,100.139999,95.31,26.02
2023-07-03,411.06,14.91,61.02,99.940002,95.64,26.0
2023-07-05,410.3,14.94,60.93,99.230003,94.75,25.94
2023-07-06,407.08,14.82,60.16,98.279999,93.5,25.73
2023-07-07,405.98,14.79,60.259998,98.580002,94.41,25.58
2023-07-10,406.96,14.8,60.66,100.019997,95.82,25.65
2023-07-11,409.71,14.9,61.259998,101.07,96.96,25.77
2023-07-12,412.75,15.08,61.790001,101.620003,97.74,25.99
2023-07-13,416.29,15.22,62.560001,102.330002,98.43,26.22
2023-07-14,415.88,15.2,62.470001,101.779999,97.4,26.16
2023-07-17,417.48,15.3,62.779999,102.459999,98.11,26.24
2023-07-18,420.45,15.42,63.360001,103.089996,99.01,26.37
2023-07-19,421.45,15.43,63.310001,103.389999,99.51,26.42
2023-07-20,418.64,15.23,62.290001,102.43,98.75,26.23
2023-07-21,418.78,15.18,62.290001,102.809998,98.5,26.22
2023-07-24,420.47,15.2,62.360001,102.269997,98.62,26.24
2023-07-25,421.66,15.28,62.669998,102.610001,98.73,26.29
2023-07-26,421.6,15.3,62.59,102.919998,99.26,26.32
2023-07-27,418.92,15.31,62.330002,102.339996,98.02,26.14
2023-07-28,423.1,15.53,63.25,103.410004,99.21,26.38
2023-07-31,423.73,15.54,63.41,103.660004,100.03,26.43
2023-08-01,422.61,15.53,63.169998,103.330002,99.66,26.32
2023-08-02,416.77,15.28,62.0,102.040001,98.25,26.04
2023-08-03,415.72,15.3,61.970001,101.720001,97.95,25.96
2023-08-04,413.55,15.28,61.93,101.080002,97.8,25.99
2023-08-07,417.29,15.47,62.540001,101.730003,98.29,26.12
2023-08-08,415.53,15.42,62.169998,101.010002,97.53,26.08
2023-08-09,412.64,15.27,61.599998,100.559998,96.91,25.98
2023-08-10,412.8,15.27,61.669998,100.529999,96.67,25.93
2023-08-11,412.42,15.23,61.41,100.220001,96.76,25.87
2023-08-14,414.81,15.37,61.799999,100.650002,96.79,25.96
2023-08-15,410.08,15.21,61.07,99.559998,95.52,25.76
2023-08-16,407.05,15.07,60.529999,98.730003,94.5,25.62
2023-08-17,403.99,14.93,59.84,97.730003,93.31,25.46
2023-08-18,403.95,14.92,59.849998,97.709999,93.67,25.48
2023-08-21,406.74,15.07,60.419998,98.339996,93.65,25.56
2023-08-22,405.62,15.01,60.360001,98.120003,93.28,25.53
2023-08-23,410.1,15.19,61.09,99.120003,94.33,25.8
2023-08-24,404.61,14.98,60.009998,97.459999,93.24,25.55
2023-08-25,407.38,15.04,60.389999,97.900002,93.67,25.66
2023-08-28,409.93,15.13,60.82,98.589996,94.44,25.8
2023-08-29,415.89,15.34,61.939999,99.93,95.87,26.09
2023-08-30,417.55,15.39,62.18,100.550003,96.31,26.16
2023-08-31,416.98,15.39,62.299999,100.419998,96.33,26.16
2023-09-01,417.75,15.45,62.349998,100.959999,97.29,26.16
2023-09-05,416.02,15.44,62.240002,99.889999,95.32,26.03
2023-09-06,413.13,15.35,61.970001,99.68,95.03,25.92
2023-09-07,411.86,15.33,61.82,99.019997,94.23,25.91
2023-09-08,412.48,15.36,61.830002,98.730003,94.06,25.94
2023-09-11,415.25,15.5,62.389999,99.129997,94.2,26.06
2023-09-12,412.9,15.4,61.990002,98.809998,94.18,25.98
2023-09-13,413.41,15.45,61.91,98.550003,93.48,26.0
2023-09-14,417.01,15.56,62.32,99.260002,94.63,26.11
2023-09-15,411.96,15.33,61.560001,98.239998,93.76,25.89
2023-09-18,412.26,15.38,61.400002,97.900002,93.42,25.9
2023-09-19,411.37,15.35,61.23,97.540001,93.11,25.83
2023-09-20,407.54,15.17,60.549999,97.190002,92.14,25.68
2023-09-21,400.86,14.93,59.360001,95.190002,90.41,25.35
2023-09-22,399.95,14.94,59.259998,95.129997,90.15,25.36
2023-09-25,401.56,15.03,59.529999,95.370003,90.5,25.36
2023-09-26,395.67,14.84,58.75,94.239998,89.21,25.11
2023-09-27,394.28,14.87,59.009998,94.559998,89.92,25.08
2023-09-28,396.65,14.97,59.57,95.540001,90.86,25.2
2023-09-29,395.59,14.9,59.41,95.370003,90.57,25.16
2023-10-02,395.62,14.97,59.400002,94.779999,89.37,25.09
2023-10-03,390.21,14.74,58.34,93.410004,87.76,24.77
2023-10-04,393.38,14.86,58.830002,94.220001,88.19,24.95
2023-10-05,392.94,14.87,58.75,94.120003,88.11,24.93
2023-10-06,397.64,15.11,59.720001,95.279999,88.86,25.11
2023-10-09,400.15,15.19,59.939999,95.760002,89.53,25.27
2023-10-10,402.24,15.27,60.459999,96.589996,90.52,25.37
2023-10-11,403.98,15.39,60.740002,96.75,90.73,25.5
2023-10-12,401.5,15.31,60.240002,95.459999,88.88,25.3
2023-10-13,399.49,15.19,59.639999,94.919998,88.25,24.88
2023-10-16,403.74,15.37,60.360001,96.129997,89.73,25.01
2023-10-17,403.7,15.35,60.439999,96.589996,90.76,24.96
2023-10-18,398.29,15.13,59.41,94.550003,88.75,24.7
2023-10-19,394.94,15.06,58.880001,93.470001,87.45,24.55
2023-10-20,389.98,14.87,58.119999,92.449997,86.35,24.38
2023-10-23,389.32,14.91,58.209999,92.019997,85.6,24.41
2023-10-24,392.16,15.01,58.689999,92.339996,86.25,24.56
2023-10-25,386.54,14.73,57.509998,90.220001,84.69,24.25
2023-10-26,381.97,14.5,56.650002,89.800003,85.0,24.13
2023-10-27,380.14,14.53,56.599998,89.040001,83.97,24.08
2023-10-30,384.74,14.73,57.299999,89.410004,84.58,24.25
2023-10-31,387.26,14.76,57.560001,90.019997,85.3,24.32
2023-11-01,391.33,14.99,58.25,90.449997,85.74,24.58
2023-11-02,398.73,15.2,59.439999,92.470001,87.71,24.92
2023-11-03,402.5,15.32,60.279999,94.059998,89.75,25.12
2023-11-06,403.22,15.38,60.27,93.309998,88.75,25.13
2023-11-07,404.37,15.44,60.610001,93.660004,88.61,25.23
2023-11-08,404.79,15.48,60.700001,93.620003,88.05,25.28
2023-11-09,401.6,15.4,60.18,92.599998,86.9,25.09
2023-11-10,407.93,15.64,61.189999,93.639999,87.87,25.34
2023-11-13,407.61,15.64,61.310001,93.32,87.76,25.36
2023-11-14,415.47,15.87,62.759998,96.18,91.71,25.77
2023-11-15,416.21,15.81,62.82,96.660004,92.11,25.7
2023-11-16,416.81,15.87,62.75,96.010002,90.97,25.79
2023-11-17,417.35,15.9,63.0,96.510002,91.89,25.84
2023-11-20,420.48,16.04,63.619999,97.120003,92.34,25.98
2023-11-21,419.64,15.98,63.389999,97.470001,91.55,25.95
2023-11-22,421.36,16.06,63.650002,97.93,92.13,26.01
2023-11-24,421.62,16.04,63.720001,98.389999,92.58,25.98
2023-11-27,420.8,16.01,63.580002,98.029999,92.45,26.02
2023-11-28,421.22,16.02,63.650002,97.650002,92.1,26.07
2023-11-29,420.89,15.96,63.73,98.480003,92.62,26.11
2023-11-30,422.61,15.97,63.830002,99.330002,93.14,26.15
2023-12-01,425.13,15.99,64.339996,100.550003,95.73,26.33
2023-12-04,422.83,15.86,63.939999,100.589996,96.45,26.2
2023-12-05,422.61,15.88,63.77,99.699997,95.15,26.25
2023-12-06,420.97,15.78,63.540001,99.629997,94.97,26.2
2023-12-07,424.39,15.96,64.150002,100.089996,95.58,26.31
2023-12-08,426.14,15.57,64.599998,100.279999,96.13,26.35
2023-12-11,427.81,15.54,64.940002,101.510002,96.58,26.38
2023-12-12,429.79,15.67,65.360001,101.919998,96.52,26.49
2023-12-13,435.67,15.84,66.300003,97.629997,99.28,26.83
2023-12-14,436.92,15.81,66.800003,99.050003,101.82,26.96
2023-12-15,436.91,15.85,62.23,98.550003,101.0,26.94
2023-12-18,438.89,16.0,62.52,98.739998,101.03,27.0
2023-12-19,439.69,16.09,63.029999,99.540001,102.57,27.13
2023-12-20,433.29,15.89,62.060001,97.690002,100.16,26.92
2023-12-21,437.75,16.03,62.93,99.089996,101.75,26.81
2023-12-22,438.48,16.04,63.040001,99.699997,102.33,26.82
2023-12-26,440.34,16.09,63.349998,100.300003,103.21,26.9
2023-12-27,441.0,16.14,63.57,100.559998,103.4,27.01
2023-12-28,441.21,16.15,63.5,100.580002,103.34,26.99
2023-12-29,439.99,16.09,63.16,100.040001,102.19,26.93
2024-01-02,437.51,15.95,62.330002,99.129997,101.53,26.77
2024-01-03,434.02,15.9,61.560001,97.150002,98.99,26.64
2024-01-04,432.59,15.86,61.529999,97.230003,98.87,26.55
2024-01-05,433.38,15.91,61.689999,97.43,99.05,26.56
2024-01-08,439.5,16.17,62.669998,99.029999,100.67,26.84
2024-01-09,438.91,16.18,62.650002,98.889999,99.97,26.83
2024-01-10,441.4,16.35,63.080002,99.32,100.17,26.93
2024-01-11,441.12,16.38,63.16,99.349998,99.7,26.98
2024-01-12,441.49,16.42,63.09,99.389999,99.42,27.01
2024-01-16,439.85,16.36,62.779999,98.970001,98.56,26.89
2024-01-17,437.39,16.3,62.439999,98.220001,97.77,26.76
2024-01-18,441.27,16.46,63.139999,99.230003,98.5,26.88
2024-01-19,446.73,16.68,63.98,100.010002,99.51,27.08
2024-01-22,447.71,16.72,64.230003,100.910004,100.91,27.13
2024-01-23,449.03,16.79,64.239998,101.120003,100.56,27.16
2024-01-24,449.4,16.92,64.489998,100.730003,99.81,27.16
2024-01-25,451.79,17.0,64.720001,101.169998,100.52,27.28
2024-01-26,451.49,17.04,64.790001,100.849998,100.75,27.28
2024-01-29,454.91,17.19,65.559998,102.010002,102.06,27.49
2024-01-30,454.67,17.19,65.370003,101.550003,101.6,27.49
2024-01-31,447.36,16.87,64.260002,100.010002,99.5,27.28
2024-02-01,452.97,17.08,65.029999,101.199997,100.8,27.57
2024-02-02,457.84,17.76,66.230003,101.199997,100.72,27.71
2024-02-05,456.38,17.69,65.940002,100.559998,99.51,27.58
2024-02-06,457.45,17.65,66.080002,101.279999,100.19,27.66
2024-02-07,461.22,17.91,66.800003,102.080002,100.45,27.78
2024-02-08,461.54,17.94,67.169998,102.860001,101.63,27.77
2024-02-09,464.24,18.07,67.639999,103.209999,102.55,27.89
2024-02-12,463.8,18.02,67.519997,103.580002,103.7,27.88
2024-02-13,457.51,17.79,66.370003,102.040001,100.73,27.54
2024-02-14,461.98,18.04,67.43,103.290001,102.66,27.78
2024-02-15,464.77,18.15,67.980003,103.949997,104.52,27.91
2024-02-16,462.61,18.03,67.449997,103.860001,103.58,27.79
2024-02-20,459.85,17.89,66.879997,103.300003,102.64,27.68
2024-02-21,460.45,17.86,66.809998,103.550003,102.38,27.66
2024-02-22,470.2,18.39,68.529999,104.879997,103.54,28.07
2024-02-23,470.38,18.4,68.440002,105.080002,103.79,28.13
2024-02-26,468.61,18.33,68.419998,105.150002,103.94,28.06
2024-02-27,469.42,18.37,68.639999,105.480003,104.8,28.07
2024-02-28,468.68,18.32,68.489998,105.330002,104.51,28.06
2024-02-29,471.23,18.44,68.940002,105.839996,105.28,28.17
2024-03-01,475.03,18.66,69.870003,106.699997,106.05,28.36
2024-03-04,474.48,18.62,69.790001,106.980003,106.26,28.32
2024-03-05,469.66,18.39,68.75,105.910004,105.46,28.18
2024-03-06,472.11,18.51,69.199997,106.830002,106.12,28.29
2024-03-07,477.03,18.78,70.239998,108.059998,107.08,28.52
2024-03-08,473.95,18.6,69.589996,107.019997,106.83,28.42
2024-03-11,473.42,18.39,69.129997,106.709999,106.26,28.34
2024-03-12,478.74,18.72,69.980003,107.160004,106.58,28.54
2024-03-13,477.84,18.72,69.900002,106.510002,106.88,28.5
2024-03-14,476.58,18.69,69.639999,105.529999,105.38,28.38
2024-03-15,473.51,18.57,69.040001,105.169998,105.4,28.24
2024-03-18,476.5,18.73,69.470001,105.360001,105.27,28.35
2024-03-19,479.19,18.83,69.830002,105.900002,105.9,28.48
2024-03-20,483.52,19.03,70.779999,106.739998,107.53,28.68
2024-03-21,485.1,19.08,71.349998,107.5,108.72,28.75
2024-03-22,482.9,19.11,71.169998,107.059998,107.36,28.77
2024-03-25,481.43,19.04,71.080002,106.830002,107.34,28.72
2024-03-26,480.08,18.95,70.959999,107.169998,107.22,28.69
2024-03-27,484.28,19.0,71.209999,108.459999,109.11,28.86
2024-03-28,484.83,18.97,71.080002,108.510002,109.54,28.85
2024-04-01,483.86,19.0,71.089996,107.980003,108.58,28.74
2024-04-02,480.37,18.91,70.470001,106.860001,106.98,28.59
2024-04-03,480.91,19.04,70.93,107.059998,107.42,28.64
2024-04-04,475.04,18.85,70.019997,105.699997,106.3,28.46
2024-04-05,480.31,19.17,71.019997,106.910004,107.03,28.51
2024-04-08,480.14,19.1,71.050003,107.07,107.57,28.5
2024-04-09,480.9,19.05,71.059998,107.440002,107.93,28.55
2024-04-10,476.36,18.99,70.489998,106.040001,105.61,28.3
2024-04-11,479.92,19.14,71.120003,106.279999,105.79,28.41
2024-04-12,472.99,18.85,69.900002,104.379997,103.89,28.17
2024-04-15,467.31,18.59,68.809998,102.949997,102.48,27.87
2024-04-16,466.35,18.59,68.849998,102.410004,101.96,27.82
2024-04-17,463.65,18.47,68.379997,101.43,101.18,27.77
2024-04-18,462.66,18.47,68.089996,100.870003,101.01,27.68
2024-04-19,458.63,18.12,67.0,100.339996,101.27,27.51
2024-04-22,462.63,18.28,67.550003,101.029999,102.26,27.67
2024-04-23,468.17,18.56,68.839996,102.75,103.81,27.94
2024-04-24,468.28,18.47,68.669998,102.980003,103.74,27.91
2024-04-25,466.14,18.16,68.239998,102.870003,103.14,27.8
2024-04-26,470.91,18.42,69.139999,103.300003,103.72,28.04
2024-04-29,472.43,18.35,69.279999,103.830002,104.38,28.11
2024-04-30,465.01,18.09,67.980003,102.150002,102.38,27.81
2024-05-01,463.42,18.11,67.849998,101.889999,102.5,27.78
2024-05-02,467.65,18.32,68.510002,102.360001,103.84,28.01
2024-05-03,473.55,18.56,69.290001,103.190002,104.82,28.27
2024-05-06,478.45,18.86,70.360001,104.449997,106.22,28.49
2024-05-07,479.12,18.9,70.449997,104.519997,106.18,28.54
2024-05-08,479.11,18.93,70.32,104.019997,105.82,28.5
2024-05-09,481.65,19.0,70.57,104.809998,106.98,28.6
2024-05-10,482.51,19.03,70.589996,104.889999,106.68,28.59
2024-05-13,482.4,18.96,70.43,104.720001,106.79,28.58
2024-05-14,484.81,19.07,70.860001,105.480003,107.9,28.69
2024-05-15,490.58,19.33,71.860001,106.68,108.75,28.99
2024-05-16,489.66,19.22,71.440002,106.459999,107.91,28.9
2024-05-17,490.25,19.26,71.559998,106.5,107.99,28.91
2024-05-20,490.74,19.29,71.870003,106.839996,108.2,28.93
2024-05-21,491.98,19.34,71.940002,106.169998,107.9,29.0
2024-05-22,490.65,19.29,71.599998,106.089996,107.15,28.95
2024-05-23,487.05,19.27,71.139999,104.730003,105.6,28.82
2024-05-24,490.47,19.49,71.800003,105.480003,106.64,28.97
2024-05-28,490.59,19.57,71.809998,104.660004,106.05,28.96
2024-05-29,486.98,19.46,71.18,103.370003,104.72,28.79
2024-05-30,484.12,19.28,70.540001,103.290001,105.49,28.69
2024-05-31,488.05,19.34,70.739998,103.610001,106.43,28.84
2024-06-03,488.65,19.47,70.809998,103.230003,105.78,28.94
2024-06-04,489.41,19.43,70.800003,102.82,104.45,28.99
2024-06-05,495.22,19.78,72.080002,103.879997,105.74,29.26
2024-06-06,495.12,19.77,72.059998,103.360001,105.32,29.26
2024-06-07,494.66,19.74,71.82,102.699997,104.38,29.13
2024-06-10,495.98,19.87,72.279999,103.209999,104.71,29.19
2024-06-11,497.33,19.93,72.330002,102.959999,104.32,29.25
2024-06-12,501.57,20.1,73.139999,104.169998,105.78,29.47
2024-06-13,502.75,20.11,73.150002,103.470001,104.92,29.51
2024-06-14,502.67,20.13,73.07,102.699997,103.55,29.51
2024-06-17,506.59,20.25,73.809998,102.949997,104.31,29.59
2024-06-18,507.88,20.28,73.849998,103.07,104.54,29.69
2024-06-20,506.6,20.23,73.660004,102.830002,104.21,29.62
2024-06-21,505.83,20.14,73.540001,103.400002,104.54,29.6
2024-06-24,504.31,20.04,73.330002,103.760002,105.08,29.55
2024-06-25,506.29,20.27,73.839996,103.290001,104.25,29.65
2024-06-26,507.09,20.31,73.949997,103.099998,104.09,29.63
2024-06-27,507.56,20.38,74.099998,103.459999,104.61,29.68
2024-06-28,503.76,20.2,73.769997,103.510002,104.6,29.54
2024-07-01,505.12,20.28,73.940002,102.769997,103.63,29.53
2024-07-02,508.25,20.37,74.440002,103.059998,103.98,29.68
2024-07-03,510.85,20.47,74.900002,103.349998,104.24,29.84
2024-07-05,513.71,20.75,75.470001,103.339996,103.69,29.86
2024-07-08,514.25,20.71,75.470001,103.599998,104.05,29.87
2024-07-09,514.64,20.75,75.370003,103.040001,103.45,29.85
2024-07-10,519.96,20.96,76.019997,103.769997,104.47,30.07
2024-07-11,515.42,20.61,75.349998,104.889999,107.12,29.95
2024-07-12,518.27,20.64,75.610001,105.849998,108.25,30.06
2024-07-15,519.78,20.68,75.839996,105.900002,109.26,30.05
2024-07-16,523.1,20.7,76.389999,107.849998,112.23,30.2
2024-07-17,515.82,20.16,74.440002,105.910004,110.85,29.88
2024-07-18,511.79,20.08,73.889999,104.739998,109.34,29.67
2024-07-19,508.17,19.97,73.589996,104.169998,108.77,29.55
2024-07-22,513.67,20.24,74.480003,105.519997,110.14,29.75
2024-07-23,512.87,20.25,74.660004,105.360001,110.6,29.76
2024-07-24,501.0,19.61,72.300003,103.389999,108.19,29.24
2024-07-25,498.43,19.41,71.860001,103.940002,109.3,29.16
2024-07-26,503.99,19.66,72.620003,105.379997,111.13,29.41
2024-07-29,504.41,19.65,72.650002,105.519997,110.79,29.44
2024-07-30,501.91,19.46,72.230003,105.93,111.08,29.32
2024-07-31,509.88,19.9,73.720001,106.580002,111.69,29.69
2024-08-01,502.91,19.71,72.480003,105.279999,109.19,29.45
2024-08-02,493.68,19.25,70.589996,103.029999,105.91,29.17
2024-08-05,478.9,18.68,68.720001,100.760002,102.93,28.62
2024-08-06,483.86,18.98,69.669998,101.559998,104.07,28.75
2024-08-07,480.14,18.84,69.029999,100.629997,103.02,28.6
2024-08-08,491.2,19.4,71.07,103.040001,105.44,29.03
2024-08-09,493.56,19.55,71.529999,103.269997,105.48,29.16
2024-08-12,493.64,19.58,71.419998,102.760002,104.63,29.19
2024-08-13,501.97,19.96,72.730003,104.110001,106.3,29.56
2024-08-14,503.9,20.04,72.919998,104.169998,106.15,29.66
2024-08-15,512.18,20.39,74.419998,106.029999,108.31,29.95
2024-08-16,513.27,20.38,74.389999,106.290001,108.47,30.0
2024-08-19,518.31,20.6,75.190002,107.099998,109.53,30.21
2024-08-20,517.3,20.56,74.940002,106.529999,108.5,30.18
2024-08-21,519.51,20.67,75.32,107.669998,109.9,30.29
2024-08-22,514.88,20.48,74.529999,106.769997,109.14,30.07
2024-08-23,520.8,20.67,75.449997,108.25,111.81,30.34
2024-08-26,519.17,20.56,75.029999,107.739998,111.54,30.26
2024-08-27,520.04,20.61,75.139999,107.779999,111.16,30.28
2024-08-28,516.93,20.48,74.540001,107.150002,110.52,30.15
2024-08-29,516.94,20.45,74.699997,107.75,111.11,30.12
2024-08-30,522.23,20.68,75.370003,108.379997,111.83,30.28
2024-09-03,511.23,20.13,73.339996,106.260002,108.95,29.88
2024-09-04,510.43,20.08,73.199997,105.739998,108.7,29.88
2024-09-05,508.91,20.03,73.0,105.830002,108.12,29.87
2024-09-06,500.19,19.61,71.459999,104.410004,106.46,29.55
2024-09-09,506.03,19.82,72.309998,105.349998,106.96,29.78
2024-09-10,508.31,19.88,72.620003,105.419998,106.76,29.87
2024-09-11,513.73,20.19,73.779999,106.110001,107.35,30.11
2024-09-12,517.59,20.44,74.610001,106.449997,108.45,30.25
2024-09-13,520.48,20.51,75.230003,107.349998,110.52,30.37
2024-09-16,521.23,20.56,75.389999,108.139999,111.27,30.43
2024-09-17,521.38,20.61,75.559998,108.269997,111.88,30.43
2024-09-18,519.88,20.56,75.360001,108.18,111.94,30.33
2024-09-19,528.73,20.99,77.019997,109.839996,113.9,30.68
2024-09-20,527.71,20.99,76.879997,109.07,113.13,30.62
2024-09-23,529.2,21.01,77.129997,109.129997,113.47,30.67
2024-09-24,530.53,21.06,77.510002,109.400002,113.67,30.75
2024-09-25,529.54,21.09,77.389999,108.470001,112.55,30.69
2024-09-26,531.71,21.11,77.769997,109.629997,113.43,30.78
2024-09-27,529.42,21.02,77.540001,109.650002,113.58,30.76
2024-09-30,531.71,21.11,77.629997,109.650002,113.7,30.8
2024-10-01,526.77,20.96,77.019997,108.68,112.52,30.66
2024-10-02,526.87,20.96,77.080002,108.610001,112.49,30.63
2024-10-03,525.99,20.99,76.849998,108.169998,112.0,30.57
2024-10-04,530.82,21.28,77.879997,109.010002,113.35,30.69
2024-10-07,525.73,21.05,77.209999,107.830002,112.4,30.48
2024-10-08,530.83,21.28,78.010002,108.25,112.59,30.66
2024-10-09,534.62,21.38,78.559998,108.830002,113.19,30.73
2024-10-10,533.59,21.34,78.5,108.550003,112.69,30.72
2024-10-11,536.82,21.53,79.129997,109.75,114.51,29.88
2024-10-14,540.96,21.63,79.559998,110.470001,115.19,30.02
2024-10-15,536.89,21.42,78.629997,110.18,114.98,29.89
2024-10-16,539.41,21.5,78.879997,110.650002,116.12,30.02
2024-10-17,539.32,21.52,78.949997,110.43,115.98,29.98
2024-10-18,541.49,21.62,79.389999,110.959999,116.17,30.08
2024-10-21,540.52,21.64,79.230003,110.190002,114.72,29.99
2024-10-22,540.27,21.63,79.129997,109.779999,114.09,29.97
2024-10-23,535.31,21.34,78.160004,109.019997,113.41,29.76
2024-10-24,536.46,21.37,78.529999,109.199997,113.77,29.82
2024-10-25,536.3,21.42,78.639999,109.010002,113.25,29.81
2024-10-28,537.73,21.49,78.779999,109.529999,114.55,29.84
2024-10-29,538.6,21.64,79.209999,109.739998,114.5,29.9
2024-10-30,536.83,21.56,79.050003,109.68,114.5,29.82
2024-10-31,526.88,21.04,77.309998,107.720001,112.89,29.43
2024-11-01,529.06,21.16,77.760002,108.669998,113.16,29.48
2024-11-04,527.6,21.04,77.529999,108.75,113.52,29.5
2024-11-05,534.07,21.35,78.57,109.709999,115.36,29.76
2024-11-06,547.58,21.86,80.639999,112.07,120.17,30.15
2024-11-07,551.67,22.12,81.410004,112.82,120.35,30.41
2024-11-08,553.86,22.15,81.830002,113.260002,121.31,30.5
2024-11-11,554.39,22.1,82.410004,113.739998,122.75,30.52
2024-11-12,552.82,22.11,82.110001,112.959999,121.29,30.43
2024-11-13,552.97,22.08,81.959999,112.629997,120.7,30.39
2024-11-14,549.69,21.95,81.230003,111.669998,119.32,30.27
2024-11-15,542.5,21.51,79.889999,109.510002,118.05,29.96
2024-11-18,544.71,21.54,80.290001,109.919998,118.48,30.06
2024-11-19,546.88,21.73,80.879997,109.889999,119.07,30.2
2024-11-20,546.9,21.76,81.089996,110.760002,119.66,30.19
2024-11-21,549.91,21.83,81.160004,112.540001,121.58,30.29
2024-11-22,551.84,21.81,81.629997,113.610001,123.45,30.36
2024-11-25,553.51,21.84,82.010002,115.339996,125.19,30.5
2024-11-26,556.71,22.05,82.260002,115.160004,124.56,30.61
2024-11-27,554.63,21.94,81.900002,115.169998,124.42,30.54
2024-11-29,557.79,22.07,82.5,115.489998,124.74,30.69
2024-12-02,559.22,22.22,82.989998,115.970001,124.53,30.78
2024-12-03,559.48,22.37,83.160004,115.519997,124.23,30.79
2024-12-04,562.88,22.57,84.089996,117.059998,124.77,31.01
2024-12-05,561.86,22.68,83.629997,115.839996,123.58,30.97
2024-12-06,563.32,21.94,84.32,116.059998,123.93,31.01
2024-12-09,559.94,21.7,83.589996,115.449997,122.99,30.85
2024-12-10,558.29,21.65,83.410004,114.559998,121.99,30.77
2024-12-11,562.85,21.93,84.550003,115.330002,122.77,30.94
2024-12-12,559.81,21.77,83.870003,104.589996,121.92,30.76
2024-12-13,559.86,21.67,84.209999,104.220001,121.33,30.66
2024-12-16,562.06,21.78,85.010002,104.239998,121.71,30.75
2024-12-17,559.9,21.67,84.589996,103.279999,120.34,30.68
2024-12-18,543.4,21.02,74.879997,99.82,115.45,30.01
2024-12-19,542.93,21.05,74.580002,99.739998,115.04,29.95
2024-12-20,548.86,21.21,75.260002,100.900002,116.29,29.75
2024-12-23,551.15,21.43,75.940002,100.860001,115.91,29.87
2024-12-24,557.23,21.64,76.830002,101.660004,116.88,30.07
2024-12-26,557.05,21.6,76.709999,101.75,117.37,30.07
2024-12-27,550.94,21.37,75.809998,100.93,116.0,29.83
2024-12-30,545.04,21.16,74.949997,99.93,115.03,29.67
2024-12-31,542.76,21.03,74.459999,99.730003,115.16,29.56
2025-01-02,541.57,21.15,74.57,99.730003,115.02,29.54
2025-01-03,548.43,21.44,75.730003,100.959999,116.71,29.78
2025-01-06,551.51,21.73,76.540001,101.279999,116.89,29.94
2025-01-07,545.39,21.44,75.5,100.379997,116.0,29.67
2025-01-08,546.25,21.43,75.589996,100.739998,115.93,29.7
2025-01-10,537.94,21.2,74.75,99.099998,114.15,29.36
2025-01-13,538.78,21.11,74.720001,99.730003,114.88,29.33
2025-01-14,539.4,21.04,74.669998,100.209999,116.18,29.35
2025-01-15,549.33,21.52,76.150002,101.07,117.85,29.82
2025-01-16,548.18,21.43,76.110001,101.949997,118.56,29.77
2025-01-17,553.67,21.63,76.980003,102.330002,119.04,29.97
2025-01-21,558.54,21.86,77.870003,103.919998,121.02,30.18
2025-01-22,561.98,22.15,78.410004,103.800003,120.42,30.31
2025-01-23,564.97,22.32,78.940002,104.120003,120.83,30.39
2025-01-24,563.41,22.31,78.809998,103.879997,120.66,30.35
2025-01-27,555.2,21.81,77.150002,103.089996,119.42,29.95
2025-01-28,560.31,22.17,78.230003,103.699997,119.85,30.17
2025-01-29,557.69,22.12,77.919998,103.309998,119.35,30.08
2025-01-30,560.65,22.28,78.610001,104.459999,120.76,30.22
2025-01-31,557.85,22.17,78.309998,104.010002,119.64,30.12
2025-02-03,553.64,22.08,77.690002,103.190002,118.19,29.95
2025-02-04,557.64,22.29,78.400002,103.389999,119.12,30.1
2025-02-05,559.84,22.4,78.669998,104.050003,120.07,30.22
2025-02-06,561.88,22.57,79.080002,103.650002,119.88,30.32
2025-02-07,556.58,22.24,78.510002,102.459999,118.66,30.09
2025-02-10,560.4,22.39,79.059998,103.040001,118.88,30.22
2025-02-11,560.6,22.34,78.660004,102.279999,118.27,30.18
2025-02-12,559.14,22.3,78.57,101.839996,117.42,30.07
2025-02-13,564.97,22.52,79.389999,101.580002,118.78,30.34
2025-02-14,565.06,22.58,79.419998,101.419998,118.85,30.4
2025-02-18,566.53,22.5,79.349998,101.919998,119.65,30.42
2025-02-19,567.88,22.44,79.260002,102.059998,119.02,30.47
2025-02-20,565.49,22.26,78.599998,101.370003,117.91,30.4
2025-02-21,555.86,21.8,76.760002,99.279999,114.81,30.06
2025-02-24,553.12,21.64,76.099998,99.209999,114.41,29.94
2025-02-25,550.54,21.47,75.360001,98.970001,114.09,29.89
2025-02-26,550.63,21.65,75.860001,98.949997,114.33,29.95
2025-02-27,541.89,21.23,74.239998,96.980003,112.71,29.6
2025-02-28,550.55,21.6,75.360001,98.139999,113.85,29.97
2025-03-03,540.91,21.11,73.849998,96.489998,111.07,29.63
2025-03-04,534.31,20.86,72.989998,95.519997,109.47,29.38
2025-03-05,540.29,21.19,74.309998,96.839996,110.86,29.58
2025-03-06,530.67,20.6,72.269997,95.269997,108.82,29.17
2025-03-07,533.68,20.55,72.279999,95.720001,109.48,29.21
2025-03-10,519.38,19.92,69.68,93.099998,106.7,28.69
2025-03-11,515.45,19.98,69.769997,92.330002,106.29,28.59
2025-03-12,517.98,20.26,70.540001,92.199997,106.33,28.7
2025-03-13,510.83,19.89,69.279999,90.809998,104.41,28.47
2025-03-14,521.8,20.37,70.959999,92.650002,107.13,28.83
2025-03-17,525.18,20.48,71.480003,94.370003,108.64,28.97
2025-03-18,519.6,20.16,70.309998,93.419998,107.68,28.77
2025-03-19,525.22,20.41,71.540001,94.43,109.16,29.0
2025-03-20,524.13,20.4,71.470001,93.75,108.44,28.98
2025-03-21,524.58,20.46,71.739998,93.849998,108.01,28.98
2025-03-24,533.84,20.91,73.370003,95.75,110.72,29.26
2025-03-25,534.7,21.0,73.540001,95.43,110.3,29.3
2025-03-26,528.73,20.63,72.089996,94.779999,109.43,29.03
